ISO-10303-21;
HEADER;
FILE_DESCRIPTION (( 'STEP AP203' ),
    '1' );
FILE_NAME ('ST6B-17-N12.STEP',
    '2015-07-25T03:53:52',
    ( '微软用户' ),
    ( '微软中国' ),
    'SwSTEP 2.0',
    'CREAT BY SAMLO',
    '' );
FILE_SCHEMA (( 'CONFIG_CONTROL_DESIGN' ));
ENDSEC;

DATA;
#1 = CARTESIAN_POINT ( 'NONE',  ( 27.72315035287906700, 2.547959688900719700, 18.80937500000001700 ) ) ;
#2 = CARTESIAN_POINT ( 'NONE',  ( -27.72315079529287700, 2.547954875199655700, 15.89062500000004600 ) ) ;
#3 = CARTESIAN_POINT ( 'NONE',  ( -26.77149569268668800, -7.638860022350194800, 15.89062500000004600 ) ) ;
#4 = APPLICATION_CONTEXT ( 'configuration controlled 3d designs of mechanical parts and assemblies' ) ;
#5 = CARTESIAN_POINT ( 'NONE',  ( -22.86103082370688700, -8.396968320849165200, 19.89880021403805100 ) ) ;
#6 = CARTESIAN_POINT ( 'NONE',  ( -22.86103082373376700, -8.396968320846255600, 14.80119978596525400 ) ) ;
#7 = CARTESIAN_POINT ( 'NONE',  ( -26.77149569268668800, -7.638860022350194800, 18.80937500000001700 ) ) ;
#8 = DATE_TIME_ROLE ( 'creation_date' ) ;
#9 = CARTESIAN_POINT ( 'NONE',  ( -23.85727434152819300, -4.895535547574898100, 19.89880021403611500 ) ) ;
#10 = CARTESIAN_POINT ( 'NONE',  ( 22.38105772614374100, 5.201027685727612300, 14.69999999999999900 ) ) ;
#11 = CARTESIAN_POINT ( 'NONE',  ( 24.01471721082537100, 4.053290587646756600, 19.89880021403805800 ) ) ;
#12 = CARTESIAN_POINT ( 'NONE',  ( -26.78292467112082400, -7.598691342966180400, 18.80937500000001700 ) ) ;
#13 = CARTESIAN_POINT ( 'NONE',  ( -26.78292467112082400, -7.598691342966179500, 15.89062500000004600 ) ) ;
#14 = CARTESIAN_POINT ( 'NONE',  ( -22.74854270140259900, -3.235156702718794600, 14.69999999999999900 ) ) ;
#15 = MECHANICAL_CONTEXT ( 'NONE', #4, 'mechanical' ) ;
#16 = CARTESIAN_POINT ( 'NONE',  ( 24.01471721085328100, 4.053290587638349200, 14.80119978596550500 ) ) ;
#17 = CARTESIAN_POINT ( 'NONE',  ( 6.251798524592835800, -23.53828418792922500, 19.89880021403805100 ) ) ;
#18 = CARTESIAN_POINT ( 'NONE',  ( 6.251798524587254500, -23.53828418795673000, 14.80119978596537900 ) ) ;
#19 = CARTESIAN_POINT ( 'NONE',  ( 5.136112004244920600, -27.36211829417548800, 18.80937500000001700 ) ) ;
#20 = CARTESIAN_POINT ( 'NONE',  ( 22.20420466682613600, -16.79400069007675000, 15.89062500000004600 ) ) ;
#21 = CARTESIAN_POINT ( 'NONE',  ( 2.673380491230062700, -24.20720644877720000, 19.89880021403583000 ) ) ;
#22 = CARTESIAN_POINT ( 'NONE',  ( 1.122385379327766900, -22.95000403026010400, 14.69999999999999900 ) ) ;
#23 = CARTESIAN_POINT ( 'NONE',  ( 5.136112004244920600, -27.36211829417548800, 15.89062500000004600 ) ) ;
#24 = CARTESIAN_POINT ( 'NONE',  ( 5.095060144275116400, -27.36979222045394500, 18.80937500000001700 ) ) ;
#25 = CARTESIAN_POINT ( 'NONE',  ( 1.122385379324755600, -22.95000403025896700, 20.00000000000000000 ) ) ;
#26 = CARTESIAN_POINT ( 'NONE',  ( 14.67361901406668100, -23.65903778885824600, 15.89062500000004600 ) ) ;
#27 = APPLICATION_PROTOCOL_DEFINITION ( 'international standard', 'config_control_design', 1994, #4 ) ;
#28 = CARTESIAN_POINT ( 'NONE',  ( 2.673380491220231000, -24.20720644876185500, 14.80119978596191600 ) ) ;
#29 = CARTESIAN_POINT ( 'NONE',  ( -23.85727434151559100, -4.895535547565074800, 14.80119978596190900 ) ) ;
#30 = CARTESIAN_POINT ( 'NONE',  ( 7.243904497982789800, -21.80569378746591300, 20.00000000000000000 ) ) ;
#31 = CARTESIAN_POINT ( 'NONE',  ( -22.95566401667352700, -0.9999617403806120300, 20.00000000000000000 ) ) ;
#32 = CARTESIAN_POINT ( 'NONE',  ( 14.33263750725284600, -19.69038621740846300, 14.80119978596530900 ) ) ;
#33 = CARTESIAN_POINT ( 'NONE',  ( 14.67361901406668100, -23.65903778885824600, 18.80937500000001700 ) ) ;
#34 = CARTESIAN_POINT ( 'NONE',  ( 11.23750465799743000, -21.60681134193959000, 19.89880021403562800 ) ) ;
#35 = CARTESIAN_POINT ( 'NONE',  ( -2.673380491220326900, -24.20720644876196200, 19.89880021403805100 ) ) ;
#36 = CARTESIAN_POINT ( 'NONE',  ( 5.095060144275116400, -27.36979222045394500, 15.89062500000004600 ) ) ;
#37 = CARTESIAN_POINT ( 'NONE',  ( -1.122385379324780000, -22.95000403025896700, 20.00000000000000000 ) ) ;
#38 = CARTESIAN_POINT ( 'NONE',  ( 14.63811143659444800, -23.68102315429898400, 18.80937500000001700 ) ) ;
#39 = CARTESIAN_POINT ( 'NONE',  ( 9.337090891802436200, -20.99478905840315700, 20.00000000000000000 ) ) ;
#40 = CARTESIAN_POINT ( 'NONE',  ( 7.243904497980390800, -21.80569378746806600, 14.69999999999999900 ) ) ;
#41 = CARTESIAN_POINT ( 'NONE',  ( 14.63811143659445200, -23.68102315429898800, 15.89062500000004600 ) ) ;
#42 = CARTESIAN_POINT ( 'NONE',  ( 9.337090891805653200, -20.99478905840312800, 14.69999999999999900 ) ) ;
#43 = CARTESIAN_POINT ( 'NONE',  ( 11.23750465798136700, -21.60681134192784500, 14.80119978596191800 ) ) ;
#44 = CARTESIAN_POINT ( 'NONE',  ( 14.33263750724821000, -19.69038621738134500, 19.89880021403805400 ) ) ;
#45 = CARTESIAN_POINT ( 'NONE',  ( -1.122385379327791100, -22.95000403026010400, 14.69999999999999900 ) ) ;
#46 = CARTESIAN_POINT ( 'NONE',  ( -27.71929739962395400, 2.589539676429435800, 18.80937500000001700 ) ) ;
#47 = CARTESIAN_POINT ( 'NONE',  ( -5.095055391929204100, -27.36979310513280000, 15.89062500000004600 ) ) ;
#48 = CARTESIAN_POINT ( 'NONE',  ( -5.136107253231455300, -27.36211918598238000, 18.80937500000001700 ) ) ;
#49 = CARTESIAN_POINT ( 'NONE',  ( -5.136107253231456200, -27.36211918598238000, 15.89062500000004600 ) ) ;
#50 =( LENGTH_UNIT ( ) NAMED_UNIT ( * ) SI_UNIT ( .MILLI., .METRE. ) );
#51 = CARTESIAN_POINT ( 'NONE',  ( -9.337090891802443300, -20.99478905840314600, 20.00000000000000000 ) ) ;
#52 = CARTESIAN_POINT ( 'NONE',  ( -7.243904497982826200, -21.80569378746589800, 20.00000000000000000 ) ) ;
#53 = CARTESIAN_POINT ( 'NONE',  ( -6.251798524587352200, -23.53828418795637100, 19.89880021403465100 ) ) ;
#54 =( NAMED_UNIT ( * ) PLANE_ANGLE_UNIT ( ) SI_UNIT ( $, .RADIAN. ) );
#55 = CARTESIAN_POINT ( 'NONE',  ( -6.251798524592890000, -23.53828418792907900, 14.80119978596191500 ) ) ;
#56 = CARTESIAN_POINT ( 'NONE',  ( -7.243904497980433500, -21.80569378746804400, 14.69999999999999900 ) ) ;
#57 = CARTESIAN_POINT ( 'NONE',  ( -9.337090891805658500, -20.99478905840312100, 14.69999999999999900 ) ) ;
#58 =( NAMED_UNIT ( * ) SI_UNIT ( $, .STERADIAN. ) SOLID_ANGLE_UNIT ( ) );
#59 = CARTESIAN_POINT ( 'NONE',  ( -11.23750465798150900, -21.60681134192791600, 19.89880021403805100 ) ) ;
#60 = CARTESIAN_POINT ( 'NONE',  ( -11.23750465799755300, -21.60681134193965000, 14.80119978596437700 ) ) ;
#61 = CARTESIAN_POINT ( 'NONE',  ( -14.63810732474674100, -23.68102569598280400, 18.80937500000001700 ) ) ;
#62 = CARTESIAN_POINT ( 'NONE',  ( -14.63810732474674100, -23.68102569598280400, 15.89062500000004600 ) ) ;
#63 = PERSON_AND_ORGANIZATION_ROLE ( 'creator' ) ;
#64 = APPROVAL_ROLE ( '' ) ;
#65 = CARTESIAN_POINT ( 'NONE',  ( 27.71929694998957000, 2.589544489461518900, 18.80937500000001700 ) ) ;
#66 = CARTESIAN_POINT ( 'NONE',  ( -14.67361490603635400, -23.65904033670743400, 18.80937500000001700 ) ) ;
#67 = CARTESIAN_POINT ( 'NONE',  ( -14.67361490603635400, -23.65904033670743400, 15.89062500000004600 ) ) ;
#68 = CARTESIAN_POINT ( 'NONE',  ( -16.29077054073549000, -16.20411148806775300, 20.00000000000000000 ) ) ;
#69 = CARTESIAN_POINT ( 'NONE',  ( -14.63186493297731900, -17.71640376915511100, 20.00000000000000000 ) ) ;
#70 = CARTESIAN_POINT ( 'NONE',  ( -14.33263750725283400, -19.69038621740822500, 19.89880021403470400 ) ) ;
#71 = CARTESIAN_POINT ( 'NONE',  ( -14.33263750724821200, -19.69038621738118900, 14.80119978596191300 ) ) ;
#72 = CARTESIAN_POINT ( 'NONE',  ( -14.63186493297585900, -17.71640376915797800, 14.69999999999999900 ) ) ;
#73 = CARTESIAN_POINT ( 'NONE',  ( -16.29077054073848500, -16.20411148806656600, 14.69999999999999900 ) ) ;
#74 = CARTESIAN_POINT ( 'NONE',  ( -18.28394155151936900, -16.08829663589171200, 19.89880021403804700 ) ) ;
#75 = CARTESIAN_POINT ( 'NONE',  ( 22.38105772614182600, 5.201027685730194200, 20.00000000000000000 ) ) ;
#76 = CARTESIAN_POINT ( 'NONE',  ( -18.28394155154714400, -16.08829663589915500, 14.80119978596546600 ) ) ;
#77 = SECURITY_CLASSIFICATION_LEVEL ( 'unclassified' ) ;
#78 = PERSON_AND_ORGANIZATION_ROLE ( 'creator' ) ;
#79 = PERSON_AND_ORGANIZATION_ROLE ( 'design_supplier' ) ;
#80 = CARTESIAN_POINT ( 'NONE',  ( -22.20420175080443700, -16.79400454549703500, 18.80937500000001700 ) ) ;
#81 = APPROVAL_ROLE ( '' ) ;
#82 = PERSON_AND_ORGANIZATION_ROLE ( 'classification_officer' ) ;
#83 = DATE_TIME_ROLE ( 'classification_date' ) ;
#84 = APPROVAL_STATUS ( 'not_yet_approved' ) ;
#85 = CARTESIAN_POINT ( 'NONE',  ( 0.0000000000000000000, 0.0000000000000000000, 0.0000000000000000000 ) ) ;
#86 = CARTESIAN_POINT ( 'NONE',  ( -22.20420175080443700, -16.79400454549703500, 15.89062500000004600 ) ) ;
#87 = APPROVAL_ROLE ( '' ) ;
#88 = CARTESIAN_POINT ( 'NONE',  ( -22.22936955647395900, -16.76067699069194800, 18.80937500000001700 ) ) ;
#89 = APPROVAL_STATUS ( 'not_yet_approved' ) ;
#90 = CARTESIAN_POINT ( 'NONE',  ( -22.22936955647395900, -16.76067699069194800, 15.89062500000004600 ) ) ;
#91 = DIRECTION ( 'NONE',  ( 0.0000000000000000000, 0.0000000000000000000, 1.000000000000000000 ) ) ;
#92 = CARTESIAN_POINT ( 'NONE',  ( -21.04429135786877600, -9.224978871185198800, 14.69999999999999900 ) ) ;
#93 = CARTESIAN_POINT ( 'NONE',  ( -21.04429135786641700, -9.224978871187383700, 20.00000000000000000 ) ) ;
#94 = CARTESIAN_POINT ( 'NONE',  ( -20.04371093081071500, -11.23441525183771200, 20.00000000000000000 ) ) ;
#95 = CARTESIAN_POINT ( 'NONE',  ( 20.47777437466361100, -13.18319247997955100, 19.89880021403805400 ) ) ;
#96 = DIRECTION ( 'NONE',  ( 1.000000000000000000, 0.0000000000000000000, 0.0000000000000000000 ) ) ;
#97 = CARTESIAN_POINT ( 'NONE',  ( 20.47777437467262000, -13.18319247999461700, 14.80119978596408700 ) ) ;
#98 = CARTESIAN_POINT ( 'NONE',  ( 22.22937246670888100, -16.76067313090160500, 18.80937500000001700 ) ) ;
#99 = CARTESIAN_POINT ( 'NONE',  ( 22.22937246670888100, -16.76067313090160500, 15.89062500000004600 ) ) ;
#100 = CARTESIAN_POINT ( 'NONE',  ( 22.20420466682613300, -16.79400069007675000, 18.80937500000001700 ) ) ;
#101 = CARTESIAN_POINT ( 'NONE',  ( -20.47777437467256000, -13.18319247999447100, 19.89880021403591900 ) ) ;
#102 = CARTESIAN_POINT ( 'NONE',  ( 23.85727434152831700, -4.895535547575018900, 14.80119978596389000 ) ) ;
#103 = CARTESIAN_POINT ( 'NONE',  ( -20.04371093081039500, -11.23441525184091100, 14.69999999999999900 ) ) ;
#104 = CARTESIAN_POINT ( 'NONE',  ( 26.78292599051697600, -7.598686692520758800, 18.80937500000001700 ) ) ;
#105 = CARTESIAN_POINT ( 'NONE',  ( 26.78292599051697600, -7.598686692520758800, 15.89062500000004600 ) ) ;
#106 = CARTESIAN_POINT ( 'NONE',  ( -20.47777437466354700, -13.18319247997940200, 14.80119978596191100 ) ) ;
#107 = CARTESIAN_POINT ( 'NONE',  ( 26.77149701905749200, -7.638855373889306600, 18.80937500000001700 ) ) ;
#108 = CARTESIAN_POINT ( 'NONE',  ( 26.77149701905749200, -7.638855373889306600, 15.89062500000004600 ) ) ;
#109 = PERSON_AND_ORGANIZATION_ROLE ( 'design_owner' ) ;
#110 = APPLICATION_CONTEXT ( 'configuration controlled 3d designs of mechanical parts and assemblies' ) ;
#111 = APPLICATION_PROTOCOL_DEFINITION ( 'international standard', 'config_control_design', 1994, #110 ) ;
#112 = APPROVAL_STATUS ( 'not_yet_approved' ) ;
#113 = CARTESIAN_POINT ( 'NONE',  ( 23.85727434151572300, -4.895535547565200000, 19.89880021403805400 ) ) ;
#114 = CARTESIAN_POINT ( 'NONE',  ( 27.71929694998957000, 2.589544489461518900, 15.89062500000004600 ) ) ;
#115 = CARTESIAN_POINT ( 'NONE',  ( 22.74854270140259200, -3.235156702718800000, 14.69999999999999900 ) ) ;
#116 = CARTESIAN_POINT ( 'NONE',  ( 22.74854270140173900, -3.235156702715702000, 20.00000000000000000 ) ) ;
#117 = CARTESIAN_POINT ( 'NONE',  ( 27.72315035287906700, 2.547959688900719700, 15.89062500000004600 ) ) ;
#118 = CARTESIAN_POINT ( 'NONE',  ( -5.095055391929204100, -27.36979310513280000, 18.80937500000001700 ) ) ;
#119 = CARTESIAN_POINT ( 'NONE',  ( -2.673380491230178600, -24.20720644877734200, 14.80119978596417400 ) ) ;
#120 = CARTESIAN_POINT ( 'NONE',  ( -24.35061120582251000, 0.4284170951393006000, 14.80119978596394900 ) ) ;
#121 = CARTESIAN_POINT ( 'NONE',  ( -27.72315079529287700, 2.547954875199655700, 18.80937500000001700 ) ) ;
#122 = CARTESIAN_POINT ( 'NONE',  ( -22.95566401667493700, -0.9999617403777181200, 14.69999999999999900 ) ) ;
#123 = CARTESIAN_POINT ( 'NONE',  ( -24.35061120580796500, 0.4284170951317755000, 19.89880021403804700 ) ) ;
#124 = CARTESIAN_POINT ( 'NONE',  ( -22.74854270140174300, -3.235156702715690400, 20.00000000000000000 ) ) ;
#125 = CIRCLE ( 'NONE', #1016, 10.99999999999998600 ) ;
#126 = VECTOR ( 'NONE', #750, 1000.000000000000000 ) ;
#127 = AXIS2_PLACEMENT_3D ( 'NONE', #831, #829, #828 ) ;
#128 = CIRCLE ( 'NONE', #133, 6.000000000000000000 ) ;
#129 = AXIS2_PLACEMENT_3D ( 'NONE', #698, #703, #702 ) ;
#130 = AXIS2_PLACEMENT_3D ( 'NONE', #849, #836, #821 ) ;
#131 = AXIS2_PLACEMENT_3D ( 'NONE', #820, #763, #762 ) ;
#132 = CIRCLE ( 'NONE', #131, 6.000000000000000000 ) ;
#133 = AXIS2_PLACEMENT_3D ( 'NONE', #833, #832, #822 ) ;
#134 = VECTOR ( 'NONE', #834, 1000.000000000000000 ) ;
#135 = EDGE_LOOP ( 'NONE', ( #4836, #4834, #4835, #357 ) ) ;
#136 = EDGE_LOOP ( 'NONE', ( #356, #354, #355, #352 ) ) ;
#137 = EDGE_LOOP ( 'NONE', ( #345, #343, #344, #342 ) ) ;
#138 = EDGE_LOOP ( 'NONE', ( #353, #350, #351 ) ) ;
#139 = EDGE_LOOP ( 'NONE', ( #340, #337, #338, #336 ) ) ;
#140 = EDGE_LOOP ( 'NONE', ( #348, #346, #347 ) ) ;
#141 = EDGE_LOOP ( 'NONE', ( #341, #339 ) ) ;
#142 = EDGE_LOOP ( 'NONE', ( #335, #333, #334, #332 ) ) ;
#143 = EDGE_LOOP ( 'NONE', ( #331, #329, #330, #328, #327, #326 ) ) ;
#144 = EDGE_LOOP ( 'NONE', ( #325, #323, #324, #322, #321, #319, #320, #318 ) ) ;
#145 = EDGE_LOOP ( 'NONE', ( #317, #315, #316, #314, #313, #312, #311, #310 ) ) ;
#146 = EDGE_LOOP ( 'NONE', ( #309, #307, #308, #306, #305, #304, #303, #302 ) ) ;
#147 = EDGE_LOOP ( 'NONE', ( #301, #299, #300, #298, #296 ) ) ;
#148 = EDGE_LOOP ( 'NONE', ( #297, #294, #295, #293, #292, #291, #290, #289 ) ) ;
#149 = EDGE_LOOP ( 'NONE', ( #288, #286, #287, #285 ) ) ;
#150 = EDGE_LOOP ( 'NONE', ( #284, #282, #283, #281 ) ) ;
#151 = EDGE_LOOP ( 'NONE', ( #280, #278, #279, #277 ) ) ;
#152 = EDGE_LOOP ( 'NONE', ( #276, #274, #275, #273, #272, #271, #270, #269 ) ) ;
#153 = EDGE_LOOP ( 'NONE', ( #268, #266, #267, #265 ) ) ;
#154 = EDGE_LOOP ( 'NONE', ( #264, #262, #263, #261 ) ) ;
#155 = AXIS2_PLACEMENT_3D ( 'NONE', #4790, #4789, #4788 ) ;
#156 = AXIS2_PLACEMENT_3D ( 'NONE', #4786, #4785, #4784 ) ;
#157 = CIRCLE ( 'NONE', #169, 22.97743314490599800 ) ;
#158 = AXIS2_PLACEMENT_3D ( 'NONE', #4783, #4782, #4781 ) ;
#159 = TOROIDAL_SURFACE ( 'NONE', #158, 22.86121657245304900, 10.99999999999998600 ) ;
#160 = AXIS2_PLACEMENT_3D ( 'NONE', #4780, #4779, #4778 ) ;
#161 = TOROIDAL_SURFACE ( 'NONE', #160, 22.86121657245304900, 10.99999999999998600 ) ;
#162 = AXIS2_PLACEMENT_3D ( 'NONE', #4777, #4776, #4775 ) ;
#163 = TOROIDAL_SURFACE ( 'NONE', #162, 22.86121657245304900, 10.99999999999998600 ) ;
#164 = AXIS2_PLACEMENT_3D ( 'NONE', #4773, #4772, #4771 ) ;
#165 = TOROIDAL_SURFACE ( 'NONE', #164, 22.86121657245304900, 10.99999999999998600 ) ;
#166 = CIRCLE ( 'NONE', #171, 22.97743314490599800 ) ;
#167 = CIRCLE ( 'NONE', #173, 22.97743314490599800 ) ;
#168 = CIRCLE ( 'NONE', #175, 22.97743314490599800 ) ;
#169 = AXIS2_PLACEMENT_3D ( 'NONE', #4770, #4769, #4767 ) ;
#170 = CIRCLE ( 'NONE', #177, 22.97743314490599800 ) ;
#171 = AXIS2_PLACEMENT_3D ( 'NONE', #4766, #4765, #4764 ) ;
#172 = CIRCLE ( 'NONE', #179, 22.97743314490599800 ) ;
#173 = AXIS2_PLACEMENT_3D ( 'NONE', #4763, #4762, #4760 ) ;
#174 = CIRCLE ( 'NONE', #181, 22.97743314490599800 ) ;
#175 = AXIS2_PLACEMENT_3D ( 'NONE', #4759, #4756, #4755 ) ;
#176 = CIRCLE ( 'NONE', #183, 22.97743314490599800 ) ;
#177 = AXIS2_PLACEMENT_3D ( 'NONE', #4753, #4752, #4751 ) ;
#178 = CIRCLE ( 'NONE', #185, 22.97743314490599800 ) ;
#179 = AXIS2_PLACEMENT_3D ( 'NONE', #4749, #4747, #4746 ) ;
#180 = CIRCLE ( 'NONE', #187, 22.97743314490599800 ) ;
#181 = AXIS2_PLACEMENT_3D ( 'NONE', #4745, #4744, #4743 ) ;
#182 = CIRCLE ( 'NONE', #189, 22.97743314490599800 ) ;
#183 = AXIS2_PLACEMENT_3D ( 'NONE', #4742, #4740, #4739 ) ;
#184 = CIRCLE ( 'NONE', #191, 22.97743314490599800 ) ;
#185 = AXIS2_PLACEMENT_3D ( 'NONE', #4738, #4736, #4735 ) ;
#186 = CIRCLE ( 'NONE', #192, 16.50000000000000000 ) ;
#187 = AXIS2_PLACEMENT_3D ( 'NONE', #4734, #4733, #4732 ) ;
#188 = CIRCLE ( 'NONE', #203, 2.500000000000000400 ) ;
#189 = AXIS2_PLACEMENT_3D ( 'NONE', #4730, #4729, #4728 ) ;
#190 = CIRCLE ( 'NONE', #195, 6.000000000000000000 ) ;
#191 = AXIS2_PLACEMENT_3D ( 'NONE', #4727, #4726, #4725 ) ;
#192 = AXIS2_PLACEMENT_3D ( 'NONE', #4723, #4722, #4721 ) ;
#193 = CIRCLE ( 'NONE', #201, 2.500000000000000400 ) ;
#194 = VECTOR ( 'NONE', #4676, 1000.000000000000000 ) ;
#195 = AXIS2_PLACEMENT_3D ( 'NONE', #4675, #4673, #4672 ) ;
#196 = CIRCLE ( 'NONE', #199, 16.30000000000000100 ) ;
#197 = AXIS2_PLACEMENT_3D ( 'NONE', #4647, #4646, #4645 ) ;
#198 = VECTOR ( 'NONE', #4669, 1000.000000000000000 ) ;
#199 = AXIS2_PLACEMENT_3D ( 'NONE', #4668, #4667, #4666 ) ;
#200 = AXIS2_PLACEMENT_3D ( 'NONE', #4652, #4650, #4649 ) ;
#201 = AXIS2_PLACEMENT_3D ( 'NONE', #4664, #4663, #4662 ) ;
#202 = TOROIDAL_SURFACE ( 'NONE', #200, 22.86121657245304900, 10.99999999999998600 ) ;
#203 = AXIS2_PLACEMENT_3D ( 'NONE', #4661, #4659, #4658 ) ;
#204 = VECTOR ( 'NONE', #4655, 1000.000000000000000 ) ;
#205 = VECTOR ( 'NONE', #4653, 1000.000000000000000 ) ;
#206 = TOROIDAL_SURFACE ( 'NONE', #197, 22.86121657245304900, 10.99999999999998600 ) ;
#207 = AXIS2_PLACEMENT_3D ( 'NONE', #4644, #4643, #4642 ) ;
#208 = TOROIDAL_SURFACE ( 'NONE', #207, 22.86121657245304900, 10.99999999999998600 ) ;
#209 = AXIS2_PLACEMENT_3D ( 'NONE', #4641, #4639, #4638 ) ;
#210 = TOROIDAL_SURFACE ( 'NONE', #209, 22.86121657245304900, 10.99999999999998600 ) ;
#211 = AXIS2_PLACEMENT_3D ( 'NONE', #4636, #4635, #4634 ) ;
#212 = TOROIDAL_SURFACE ( 'NONE', #211, 22.86121657245304900, 10.99999999999998600 ) ;
#213 = EDGE_LOOP ( 'NONE', ( #4838, #4837 ) ) ;
#214 = EDGE_LOOP ( 'NONE', ( #4848, #4846, #4847, #4845 ) ) ;
#215 = EDGE_LOOP ( 'NONE', ( #4844, #4842, #4843, #4841, #4840, #4839 ) ) ;
#216 = ORIENTED_EDGE ( 'NONE', *, *, #1247, .F. ) ;
#217 = ORIENTED_EDGE ( 'NONE', *, *, #1154, .T. ) ;
#218 = ORIENTED_EDGE ( 'NONE', *, *, #1157, .F. ) ;
#219 = ORIENTED_EDGE ( 'NONE', *, *, #1159, .F. ) ;
#220 = ORIENTED_EDGE ( 'NONE', *, *, #1158, .F. ) ;
#221 = ORIENTED_EDGE ( 'NONE', *, *, #1151, .T. ) ;
#222 = ORIENTED_EDGE ( 'NONE', *, *, #1154, .F. ) ;
#223 = ORIENTED_EDGE ( 'NONE', *, *, #1156, .F. ) ;
#224 = ORIENTED_EDGE ( 'NONE', *, *, #1155, .T. ) ;
#225 = ORIENTED_EDGE ( 'NONE', *, *, #1147, .T. ) ;
#226 = ORIENTED_EDGE ( 'NONE', *, *, #1151, .F. ) ;
#227 = ORIENTED_EDGE ( 'NONE', *, *, #1153, .F. ) ;
#228 = ORIENTED_EDGE ( 'NONE', *, *, #1152, .F. ) ;
#229 = ORIENTED_EDGE ( 'NONE', *, *, #1141, .T. ) ;
#230 = ORIENTED_EDGE ( 'NONE', *, *, #1150, .F. ) ;
#231 = ORIENTED_EDGE ( 'NONE', *, *, #1149, .F. ) ;
#232 = ORIENTED_EDGE ( 'NONE', *, *, #1148, .F. ) ;
#233 = ORIENTED_EDGE ( 'NONE', *, *, #1147, .F. ) ;
#234 = ORIENTED_EDGE ( 'NONE', *, *, #1144, .T. ) ;
#235 = ORIENTED_EDGE ( 'NONE', *, *, #1146, .F. ) ;
#236 = ORIENTED_EDGE ( 'NONE', *, *, #1145, .F. ) ;
#237 = ORIENTED_EDGE ( 'NONE', *, *, #1138, .T. ) ;
#238 = ORIENTED_EDGE ( 'NONE', *, *, #1141, .F. ) ;
#239 = ORIENTED_EDGE ( 'NONE', *, *, #1143, .F. ) ;
#240 = ORIENTED_EDGE ( 'NONE', *, *, #1142, .F. ) ;
#241 = ORIENTED_EDGE ( 'NONE', *, *, #1135, .T. ) ;
#242 = ORIENTED_EDGE ( 'NONE', *, *, #1138, .F. ) ;
#243 = ORIENTED_EDGE ( 'NONE', *, *, #1140, .F. ) ;
#244 = ORIENTED_EDGE ( 'NONE', *, *, #1139, .T. ) ;
#245 = ORIENTED_EDGE ( 'NONE', *, *, #1128, .T. ) ;
#246 = ORIENTED_EDGE ( 'NONE', *, *, #1135, .F. ) ;
#247 = ORIENTED_EDGE ( 'NONE', *, *, #1137, .F. ) ;
#248 = ORIENTED_EDGE ( 'NONE', *, *, #1134, .T. ) ;
#249 = ORIENTED_EDGE ( 'NONE', *, *, #1136, .F. ) ;
#250 = ORIENTED_EDGE ( 'NONE', *, *, #1133, .F. ) ;
#251 = ORIENTED_EDGE ( 'NONE', *, *, #1125, .T. ) ;
#252 = ORIENTED_EDGE ( 'NONE', *, *, #1132, .F. ) ;
#253 = ORIENTED_EDGE ( 'NONE', *, *, #1131, .F. ) ;
#254 = ORIENTED_EDGE ( 'NONE', *, *, #1128, .F. ) ;
#255 = ORIENTED_EDGE ( 'NONE', *, *, #1130, .F. ) ;
#256 = ORIENTED_EDGE ( 'NONE', *, *, #1129, .F. ) ;
#257 = ORIENTED_EDGE ( 'NONE', *, *, #1122, .T. ) ;
#258 = ORIENTED_EDGE ( 'NONE', *, *, #1125, .F. ) ;
#259 = ORIENTED_EDGE ( 'NONE', *, *, #1127, .F. ) ;
#260 = ORIENTED_EDGE ( 'NONE', *, *, #1126, .F. ) ;
#261 = ORIENTED_EDGE ( 'NONE', *, *, #1119, .T. ) ;
#262 = ORIENTED_EDGE ( 'NONE', *, *, #1122, .F. ) ;
#263 = ORIENTED_EDGE ( 'NONE', *, *, #1124, .F. ) ;
#264 = ORIENTED_EDGE ( 'NONE', *, *, #1123, .T. ) ;
#265 = ORIENTED_EDGE ( 'NONE', *, *, #1115, .T. ) ;
#266 = ORIENTED_EDGE ( 'NONE', *, *, #1119, .F. ) ;
#267 = ORIENTED_EDGE ( 'NONE', *, *, #1121, .F. ) ;
#268 = ORIENTED_EDGE ( 'NONE', *, *, #1120, .F. ) ;
#269 = ORIENTED_EDGE ( 'NONE', *, *, #1109, .T. ) ;
#270 = ORIENTED_EDGE ( 'NONE', *, *, #1118, .F. ) ;
#271 = ORIENTED_EDGE ( 'NONE', *, *, #1117, .F. ) ;
#272 = ORIENTED_EDGE ( 'NONE', *, *, #1116, .F. ) ;
#273 = ORIENTED_EDGE ( 'NONE', *, *, #1115, .F. ) ;
#274 = ORIENTED_EDGE ( 'NONE', *, *, #1112, .T. ) ;
#275 = ORIENTED_EDGE ( 'NONE', *, *, #1114, .F. ) ;
#276 = ORIENTED_EDGE ( 'NONE', *, *, #1113, .F. ) ;
#277 = ORIENTED_EDGE ( 'NONE', *, *, #1106, .T. ) ;
#278 = ORIENTED_EDGE ( 'NONE', *, *, #1109, .F. ) ;
#279 = ORIENTED_EDGE ( 'NONE', *, *, #1111, .F. ) ;
#280 = ORIENTED_EDGE ( 'NONE', *, *, #1110, .F. ) ;
#281 = ORIENTED_EDGE ( 'NONE', *, *, #1103, .T. ) ;
#282 = ORIENTED_EDGE ( 'NONE', *, *, #1106, .F. ) ;
#283 = ORIENTED_EDGE ( 'NONE', *, *, #1108, .F. ) ;
#284 = ORIENTED_EDGE ( 'NONE', *, *, #1107, .T. ) ;
#285 = ORIENTED_EDGE ( 'NONE', *, *, #1098, .T. ) ;
#286 = ORIENTED_EDGE ( 'NONE', *, *, #1103, .F. ) ;
#287 = ORIENTED_EDGE ( 'NONE', *, *, #1105, .F. ) ;
#288 = ORIENTED_EDGE ( 'NONE', *, *, #1104, .F. ) ;
#289 = ORIENTED_EDGE ( 'NONE', *, *, #1102, .T. ) ;
#290 = ORIENTED_EDGE ( 'NONE', *, *, #1101, .F. ) ;
#291 = ORIENTED_EDGE ( 'NONE', *, *, #1100, .F. ) ;
#292 = ORIENTED_EDGE ( 'NONE', *, *, #1099, .F. ) ;
#293 = ORIENTED_EDGE ( 'NONE', *, *, #1098, .F. ) ;
#294 = ORIENTED_EDGE ( 'NONE', *, *, #1095, .T. ) ;
#295 = ORIENTED_EDGE ( 'NONE', *, *, #1097, .F. ) ;
#296 = ORIENTED_EDGE ( 'NONE', *, *, #1094, .T. ) ;
#297 = ORIENTED_EDGE ( 'NONE', *, *, #1096, .F. ) ;
#298 = ORIENTED_EDGE ( 'NONE', *, *, #1093, .T. ) ;
#299 = ORIENTED_EDGE ( 'NONE', *, *, #1091, .T. ) ;
#300 = ORIENTED_EDGE ( 'NONE', *, *, #1032, .T. ) ;
#301 = ORIENTED_EDGE ( 'NONE', *, *, #1092, .F. ) ;
#302 = ORIENTED_EDGE ( 'NONE', *, *, #1090, .F. ) ;
#303 = ORIENTED_EDGE ( 'NONE', *, *, #1089, .F. ) ;
#304 = ORIENTED_EDGE ( 'NONE', *, *, #1088, .F. ) ;
#305 = ORIENTED_EDGE ( 'NONE', *, *, #1087, .F. ) ;
#306 = ORIENTED_EDGE ( 'NONE', *, *, #1086, .T. ) ;
#307 = ORIENTED_EDGE ( 'NONE', *, *, #1083, .T. ) ;
#308 = ORIENTED_EDGE ( 'NONE', *, *, #1085, .F. ) ;
#309 = ORIENTED_EDGE ( 'NONE', *, *, #1084, .F. ) ;
#310 = ORIENTED_EDGE ( 'NONE', *, *, #1082, .F. ) ;
#311 = ORIENTED_EDGE ( 'NONE', *, *, #1081, .F. ) ;
#312 = ORIENTED_EDGE ( 'NONE', *, *, #1080, .F. ) ;
#313 = ORIENTED_EDGE ( 'NONE', *, *, #1079, .F. ) ;
#314 = ORIENTED_EDGE ( 'NONE', *, *, #1078, .T. ) ;
#315 = ORIENTED_EDGE ( 'NONE', *, *, #1075, .T. ) ;
#316 = ORIENTED_EDGE ( 'NONE', *, *, #1077, .F. ) ;
#317 = ORIENTED_EDGE ( 'NONE', *, *, #1076, .F. ) ;
#318 = ORIENTED_EDGE ( 'NONE', *, *, #1048, .F. ) ;
#319 = ORIENTED_EDGE ( 'NONE', *, *, #1073, .F. ) ;
#320 = ORIENTED_EDGE ( 'NONE', *, *, #1074, .F. ) ;
#321 = ORIENTED_EDGE ( 'NONE', *, *, #1072, .F. ) ;
#322 = ORIENTED_EDGE ( 'NONE', *, *, #1046, .F. ) ;
#323 = ORIENTED_EDGE ( 'NONE', *, *, #1069, .T. ) ;
#324 = ORIENTED_EDGE ( 'NONE', *, *, #1071, .T. ) ;
#325 = ORIENTED_EDGE ( 'NONE', *, *, #1070, .F. ) ;
#326 = ORIENTED_EDGE ( 'NONE', *, *, #1068, .F. ) ;
#327 = ORIENTED_EDGE ( 'NONE', *, *, #1067, .F. ) ;
#328 = ORIENTED_EDGE ( 'NONE', *, *, #1066, .F. ) ;
#329 = ORIENTED_EDGE ( 'NONE', *, *, #1063, .T. ) ;
#330 = ORIENTED_EDGE ( 'NONE', *, *, #1065, .T. ) ;
#331 = ORIENTED_EDGE ( 'NONE', *, *, #1064, .F. ) ;
#332 = ORIENTED_EDGE ( 'NONE', *, *, #1062, .F. ) ;
#333 = ORIENTED_EDGE ( 'NONE', *, *, #1059, .T. ) ;
#334 = ORIENTED_EDGE ( 'NONE', *, *, #1061, .F. ) ;
#335 = ORIENTED_EDGE ( 'NONE', *, *, #1060, .F. ) ;
#336 = ORIENTED_EDGE ( 'NONE', *, *, #1058, .F. ) ;
#337 = ORIENTED_EDGE ( 'NONE', *, *, #1056, .T. ) ;
#338 = ORIENTED_EDGE ( 'NONE', *, *, #1053, .T. ) ;
#339 = ORIENTED_EDGE ( 'NONE', *, *, #1024, .T. ) ;
#340 = ORIENTED_EDGE ( 'NONE', *, *, #1057, .F. ) ;
#341 = ORIENTED_EDGE ( 'NONE', *, *, #1055, .T. ) ;
#342 = ORIENTED_EDGE ( 'NONE', *, *, #1054, .F. ) ;
#343 = ORIENTED_EDGE ( 'NONE', *, *, #1050, .T. ) ;
#344 = ORIENTED_EDGE ( 'NONE', *, *, #1053, .F. ) ;
#345 = ORIENTED_EDGE ( 'NONE', *, *, #1051, .F. ) ;
#346 = ORIENTED_EDGE ( 'NONE', *, *, #1047, .T. ) ;
#347 = ORIENTED_EDGE ( 'NONE', *, *, #1049, .F. ) ;
#348 = ORIENTED_EDGE ( 'NONE', *, *, #1048, .T. ) ;
#349 = ORIENTED_EDGE ( 'NONE', *, *, #2554, .T. ) ;
#350 = ORIENTED_EDGE ( 'NONE', *, *, #1044, .T. ) ;
#351 = ORIENTED_EDGE ( 'NONE', *, *, #1046, .T. ) ;
#352 = ORIENTED_EDGE ( 'NONE', *, *, #1042, .F. ) ;
#353 = ORIENTED_EDGE ( 'NONE', *, *, #1045, .T. ) ;
#354 = ORIENTED_EDGE ( 'NONE', *, *, #1039, .T. ) ;
#355 = ORIENTED_EDGE ( 'NONE', *, *, #1041, .T. ) ;
#356 = ORIENTED_EDGE ( 'NONE', *, *, #1040, .T. ) ;
#357 = ORIENTED_EDGE ( 'NONE', *, *, #1039, .F. ) ;
#358 = AXIS2_PLACEMENT_3D ( 'NONE', #4491, #4490, #4488 ) ;
#359 = AXIS2_PLACEMENT_3D ( 'NONE', #4484, #4483, #4482 ) ;
#360 = CIRCLE ( 'NONE', #371, 3.174999999999997200 ) ;
#361 = AXIS2_PLACEMENT_3D ( 'NONE', #4487, #4486, #4485 ) ;
#362 = AXIS2_PLACEMENT_3D ( 'NONE', #4481, #4479, #4478 ) ;
#363 = AXIS2_PLACEMENT_3D ( 'NONE', #4477, #4476, #4475 ) ;
#364 = AXIS2_PLACEMENT_3D ( 'NONE', #4474, #4472, #4471 ) ;
#365 = AXIS2_PLACEMENT_3D ( 'NONE', #4470, #4468, #4467 ) ;
#366 = AXIS2_PLACEMENT_3D ( 'NONE', #4466, #4465, #4464 ) ;
#367 = AXIS2_PLACEMENT_3D ( 'NONE', #4463, #4461, #4460 ) ;
#368 = CIRCLE ( 'NONE', #382, 3.175000000000000700 ) ;
#369 = CIRCLE ( 'NONE', #389, 27.83999217069936100 ) ;
#370 = VECTOR ( 'NONE', #4444, 1000.000000000000000 ) ;
#371 = AXIS2_PLACEMENT_3D ( 'NONE', #4436, #4434, #4433 ) ;
#372 = CIRCLE ( 'NONE', #378, 27.83999217069936100 ) ;
#373 = VECTOR ( 'NONE', #4425, 1000.000000000000000 ) ;
#374 = CIRCLE ( 'NONE', #376, 27.83999217069936100 ) ;
#375 = VECTOR ( 'NONE', #4408, 1000.000000000000000 ) ;
#376 = AXIS2_PLACEMENT_3D ( 'NONE', #4406, #4405, #4404 ) ;
#377 = CIRCLE ( 'NONE', #393, 3.174999999999997200 ) ;
#378 = AXIS2_PLACEMENT_3D ( 'NONE', #4403, #4402, #4401 ) ;
#379 = VECTOR ( 'NONE', #4398, 1000.000000000000000 ) ;
#380 = CIRCLE ( 'NONE', #401, 27.83999217069936100 ) ;
#381 = VECTOR ( 'NONE', #4380, 1000.000000000000000 ) ;
#382 = AXIS2_PLACEMENT_3D ( 'NONE', #4363, #4362, #4360 ) ;
#383 = CIRCLE ( 'NONE', #384, 3.175000000000000700 ) ;
#384 = AXIS2_PLACEMENT_3D ( 'NONE', #4344, #4343, #4342 ) ;
#385 = VECTOR ( 'NONE', #4340, 1000.000000000000000 ) ;
#386 = CIRCLE ( 'NONE', #388, 27.83999217069936100 ) ;
#387 = VECTOR ( 'NONE', #4324, 1000.000000000000000 ) ;
#388 = AXIS2_PLACEMENT_3D ( 'NONE', #4323, #4322, #4321 ) ;
#389 = AXIS2_PLACEMENT_3D ( 'NONE', #4319, #4318, #4317 ) ;
#390 = VECTOR ( 'NONE', #4315, 1000.000000000000000 ) ;
#391 = CIRCLE ( 'NONE', #404, 3.174999999999990500 ) ;
#392 = VECTOR ( 'NONE', #4277, 1000.000000000000000 ) ;
#393 = AXIS2_PLACEMENT_3D ( 'NONE', #4224, #4222, #4220 ) ;
#394 = CIRCLE ( 'NONE', #395, 3.174999999999997200 ) ;
#395 = AXIS2_PLACEMENT_3D ( 'NONE', #4158, #4154, #4151 ) ;
#396 = VECTOR ( 'NONE', #4143, 1000.000000000000000 ) ;
#397 = CIRCLE ( 'NONE', #399, 27.83999217069936100 ) ;
#398 = VECTOR ( 'NONE', #4058, 1000.000000000000000 ) ;
#399 = AXIS2_PLACEMENT_3D ( 'NONE', #4052, #4049, #4046 ) ;
#400 = CIRCLE ( 'NONE', #1493, 3.174999999999990500 ) ;
#401 = AXIS2_PLACEMENT_3D ( 'NONE', #4035, #4033, #4023 ) ;
#402 = CIRCLE ( 'NONE', #1928, 27.83999217069936100 ) ;
#403 = VECTOR ( 'NONE', #4011, 1000.000000000000000 ) ;
#404 = AXIS2_PLACEMENT_3D ( 'NONE', #3957, #3954, #3951 ) ;
#405 = AXIS2_PLACEMENT_3D ( 'NONE', #3855, #3854, #3852 ) ;
#406 = VECTOR ( 'NONE', #3884, 1000.000000000000000 ) ;
#407 = AXIS2_PLACEMENT_3D ( 'NONE', #798, #792, #819 ) ;
#408 = CIRCLE ( 'NONE', #129, 16.30000000000000100 ) ;
#409 = B_SPLINE_CURVE_WITH_KNOTS ( 'NONE', 3,
 ( #3587, #3586, #3582, #3576, #3575, #3567 ),
 .UNSPECIFIED., .F., .F.,
 ( 4, 2, 4 ),
 ( 2.358530838741405100E-007, 0.001012684074229227600, 0.002025132295374581800 ),
 .UNSPECIFIED. ) ;
#410 = B_SPLINE_CURVE_WITH_KNOTS ( 'NONE', 3,
 ( #3691, #3690, #3686, #3683, #3678, #3674 ),
 .UNSPECIFIED., .F., .F.,
 ( 4, 2, 4 ),
 ( 5.261891880523635200E-005, 0.001065223933580073800, 0.002077828948354911400 ),
 .UNSPECIFIED. ) ;
#411 = B_SPLINE_CURVE_WITH_KNOTS ( 'NONE', 3,
 ( #3666, #3665, #3662, #3657, #3653, #3650 ),
 .UNSPECIFIED., .F., .F.,
 ( 4, 2, 4 ),
 ( 2.358530840009228400E-007, 0.001012684074227655700, 0.002025132295371310500 ),
 .UNSPECIFIED. ) ;
#412 = B_SPLINE_CURVE_WITH_KNOTS ( 'NONE', 3,
 ( #3636, #3634, #3629, #3625, #3621, #3615 ),
 .UNSPECIFIED., .F., .F.,
 ( 4, 2, 4 ),
 ( 5.261891880563333900E-005, 0.001065223933582022600, 0.002077828948358412100 ),
 .UNSPECIFIED. ) ;
#413 = DIRECTION ( 'NONE',  ( 1.000000000000000000, 0.0000000000000000000, 0.0000000000000000000 ) ) ;
#414 = DIRECTION ( 'NONE',  ( -0.0000000000000000000, -0.0000000000000000000, -1.000000000000000000 ) ) ;
#415 = CARTESIAN_POINT ( 'NONE',  ( 22.52313789629423000, -8.433534847021139300, 19.94052896704719700 ) ) ;
#416 = CARTESIAN_POINT ( 'NONE',  ( -13.64512166178076800, 22.03762815811178300, 14.69999999999999900 ) ) ;
#417 = CARTESIAN_POINT ( 'NONE',  ( -10.47049814407896700, 21.98873520509581400, 14.80119978596520100 ) ) ;
#418 = CARTESIAN_POINT ( 'NONE',  ( -10.47573185805418700, 21.64890972011772500, 14.75947103101052900 ) ) ;
#419 = CARTESIAN_POINT ( 'NONE',  ( -10.53409996181968500, 21.31717836934990400, 14.73496824081927400 ) ) ;
#420 = CARTESIAN_POINT ( 'NONE',  ( 22.19820718617773600, -8.522262264879499200, 19.96503175795888700 ) ) ;
#421 = CARTESIAN_POINT ( 'NONE',  ( -10.75878801604715000, 20.67139904070070600, 14.70566514111186200 ) ) ;
#422 = CARTESIAN_POINT ( 'NONE',  ( -10.91935625395773700, 20.37408178546210600, 14.70143847898540600 ) ) ;
#423 = CARTESIAN_POINT ( 'NONE',  ( -11.12734897729673200, 20.10334645441243900, 14.69999999999999900 ) ) ;
#424 = CARTESIAN_POINT ( 'NONE',  ( 21.57591422621134600, -8.805576839569926800, 19.99433485873314400 ) ) ;
#425 = CARTESIAN_POINT ( 'NONE',  ( -11.12734897729869300, 20.10334645440988400, 20.00000000000000000 ) ) ;
#426 = CARTESIAN_POINT ( 'NONE',  ( -10.91934060083207700, 20.37410216047317500, 19.99856141275748600 ) ) ;
#427 = CARTESIAN_POINT ( 'NONE',  ( -10.75834895801564000, 20.67244216014526300, 19.99430001102776100 ) ) ;
#428 = CARTESIAN_POINT ( 'NONE',  ( -10.53409931216644100, 21.31739944968130400, 19.96500921779249500 ) ) ;
#429 = CARTESIAN_POINT ( 'NONE',  ( -10.47573190026369100, 21.64890697963654300, 19.94052930550505200 ) ) ;
#430 = CARTESIAN_POINT ( 'NONE',  ( -10.47049814407937700, 21.98873520506914400, 19.89880021403806200 ) ) ;
#431 = CARTESIAN_POINT ( 'NONE',  ( 21.29468063628321100, -8.992893099656797100, 19.99856152099207700 ) ) ;
#432 = DIRECTION ( 'NONE',  ( 1.000000000000000000, 0.0000000000000000000, 0.0000000000000000000 ) ) ;
#433 = DIRECTION ( 'NONE',  ( -0.0000000000000000000, -0.0000000000000000000, -1.000000000000000000 ) ) ;
#434 = CARTESIAN_POINT ( 'NONE',  ( -13.64512166178076800, 22.03762815811178300, 20.00000000000000000 ) ) ;
#435 = CARTESIAN_POINT ( 'NONE',  ( -15.01640595201531300, 19.17402825670168200, 19.89880021403609700 ) ) ;
#436 = CARTESIAN_POINT ( 'NONE',  ( -14.70987405647301700, 19.02724016224547700, 19.94052893207974700 ) ) ;
#437 = CARTESIAN_POINT ( 'NONE',  ( -14.38690354477299800, 18.93162371241656700, 19.96503173596099100 ) ) ;
#438 = CARTESIAN_POINT ( 'NONE',  ( -13.70867333755601400, 18.84490750589053600, 19.99433485594184000 ) ) ;
#439 = CARTESIAN_POINT ( 'NONE',  ( -13.37095430638258100, 18.85611657977730700, 19.99856152058636400 ) ) ;
#440 = CARTESIAN_POINT ( 'NONE',  ( -13.03589154208730600, 18.92162692877019500, 20.00000000000000000 ) ) ;
#441 = CARTESIAN_POINT ( 'NONE',  ( -13.03589154209046600, 18.92162692876958000, 14.69999999999999900 ) ) ;
#442 = CARTESIAN_POINT ( 'NONE',  ( -13.37097950002830000, 18.85611165400047200, 14.70143858757410400 ) ) ;
#443 = CARTESIAN_POINT ( 'NONE',  ( -13.70980183402151200, 18.84497937313979700, 14.70569996184327400 ) ) ;
#444 = CARTESIAN_POINT ( 'NONE',  ( -14.38710157771456500, 18.93172159267632900, 14.73499078664132400 ) ) ;
#445 = CARTESIAN_POINT ( 'NONE',  ( -14.70987159559203800, 19.02723898381200100, 14.75947073291687100 ) ) ;
#446 = CARTESIAN_POINT ( 'NONE',  ( 21.04429135786639900, -9.224978871187417400, 20.00000000000000000 ) ) ;
#447 = CARTESIAN_POINT ( 'NONE',  ( -15.01640595200087700, 19.17402825669477200, 14.80119978596192500 ) ) ;
#448 = DIRECTION ( 'NONE',  ( -0.0000000000000000000, -0.0000000000000000000, -1.000000000000000000 ) ) ;
#449 = CARTESIAN_POINT ( 'NONE',  ( -15.01640595200094800, 19.17402825669462600, 20.00000000000000000 ) ) ;
#450 = DIRECTION ( 'NONE',  ( -0.0000000000000000000, -0.0000000000000000000, -1.000000000000000000 ) ) ;
#451 = CARTESIAN_POINT ( 'NONE',  ( 22.86103082370674500, -8.396968320849246900, 20.00000000000000000 ) ) ;
#452 = CARTESIAN_POINT ( 'NONE',  ( -10.47049814407937700, 21.98873520506914400, 19.89880021403806200 ) ) ;
#453 = CARTESIAN_POINT ( 'NONE',  ( -10.45983098128032500, 22.68135497503933700, 19.81375020473955900 ) ) ;
#454 = CARTESIAN_POINT ( 'NONE',  ( -10.41931347895322400, 23.35714214996831100, 19.67825451974632900 ) ) ;
#455 = CARTESIAN_POINT ( 'NONE',  ( -10.28582413787049500, 24.67795873940477200, 19.31432895415230200 ) ) ;
#456 = CARTESIAN_POINT ( 'NONE',  ( -10.19279587151539000, 25.32297111276648500, 19.08585748249581800 ) ) ;
#457 = CARTESIAN_POINT ( 'NONE',  ( -10.07643598013095200, 25.95246812931140200, 18.80937500000001700 ) ) ;
#458 = CARTESIAN_POINT ( 'NONE',  ( -10.07643598013095200, 25.95246812931140200, 15.89062500000004600 ) ) ;
#459 = CARTESIAN_POINT ( 'NONE',  ( -10.19279568968822000, 25.32297209643587600, 15.61414294954331600 ) ) ;
#460 = CARTESIAN_POINT ( 'NONE',  ( 21.04429135786875800, -9.224978871185229000, 14.69999999999999900 ) ) ;
#461 = CARTESIAN_POINT ( 'NONE',  ( -10.28582393957055500, 24.67796026703415500, 15.38567154743606700 ) ) ;
#462 = CARTESIAN_POINT ( 'NONE',  ( -10.41931336190517300, 23.35714374256349400, 15.02174583838323200 ) ) ;
#463 = CARTESIAN_POINT ( 'NONE',  ( -10.45983096408235500, 22.68135609170524000, 14.88624993238103600 ) ) ;
#464 = CARTESIAN_POINT ( 'NONE',  ( -10.47049814407896700, 21.98873520509581400, 14.80119978596520100 ) ) ;
#465 = DIRECTION ( 'NONE',  ( -0.0000000000000000000, -0.0000000000000000000, -1.000000000000000000 ) ) ;
#466 = CARTESIAN_POINT ( 'NONE',  ( -10.47049814407937700, 21.98873520506914400, 20.00000000000000000 ) ) ;
#467 = DIRECTION ( 'NONE',  ( 1.000000000000000000, 0.0000000000000000000, 0.0000000000000000000 ) ) ;
#468 = CARTESIAN_POINT ( 'NONE',  ( 21.29469947920855300, -8.992875634153579200, 14.70143858725998100 ) ) ;
#469 = DIRECTION ( 'NONE',  ( -0.0000000000000000000, -0.0000000000000000000, 1.000000000000000000 ) ) ;
#470 = CARTESIAN_POINT ( 'NONE',  ( 0.0000000000000000000, 0.0000000000000000000, 18.80937500000001700 ) ) ;
#471 = DIRECTION ( 'NONE',  ( 1.000000000000000000, 0.0000000000000000000, 0.0000000000000000000 ) ) ;
#472 = DIRECTION ( 'NONE',  ( -0.0000000000000000000, -0.0000000000000000000, 1.000000000000000000 ) ) ;
#473 = CARTESIAN_POINT ( 'NONE',  ( 21.57691233956990500, -8.805043431657670900, 14.70569998754474700 ) ) ;
#474 = CARTESIAN_POINT ( 'NONE',  ( 0.0000000000000000000, 0.0000000000000000000, 15.89062500000004600 ) ) ;
#475 = CARTESIAN_POINT ( 'NONE',  ( 22.19842725406079300, -8.522241220022966200, 14.73499078244094400 ) ) ;
#476 = DIRECTION ( 'NONE',  ( -0.0000000000000000000, -0.0000000000000000000, -1.000000000000000000 ) ) ;
#477 = CARTESIAN_POINT ( 'NONE',  ( -10.07643430762553800, 25.95247717741223100, 20.00000000000000000 ) ) ;
#478 = CARTESIAN_POINT ( 'NONE',  ( -10.03749318634214800, 25.96755465188697100, 18.80937500000001700 ) ) ;
#479 = CARTESIAN_POINT ( 'NONE',  ( -9.527408200029759300, 25.58074357561118700, 19.08585752714259000 ) ) ;
#480 = CARTESIAN_POINT ( 'NONE',  ( -9.024117416357139400, 25.16674637726229600, 19.31432900604109200 ) ) ;
#481 = CARTESIAN_POINT ( 'NONE',  ( 22.52313517204331500, -8.433535141840494000, 14.75947069651688900 ) ) ;
#482 = CARTESIAN_POINT ( 'NONE',  ( 22.86103082370674100, -8.396968320849211400, 14.80119978596191800 ) ) ;
#483 = CARTESIAN_POINT ( 'NONE',  ( -8.035639222180229500, 24.28058231650494700, 19.67825455682221800 ) ) ;
#484 = CARTESIAN_POINT ( 'NONE',  ( -7.550421591668778900, 23.80846606230294100, 19.81375021894074000 ) ) ;
#485 = CARTESIAN_POINT ( 'NONE',  ( -7.075923620754199600, 23.30380038144564700, 19.89880021403469700 ) ) ;
#486 = CARTESIAN_POINT ( 'NONE',  ( -7.075923620735325800, 23.30380038142557500, 14.80119978596190600 ) ) ;
#487 = CARTESIAN_POINT ( 'NONE',  ( -7.550422165932704200, 23.80846667307751800, 14.88624988399150200 ) ) ;
#488 = CARTESIAN_POINT ( 'NONE',  ( -8.035640092535988500, 24.28058314081697600, 15.02174571201771700 ) ) ;
#489 = CARTESIAN_POINT ( 'NONE',  ( -9.024118298951291800, 25.16674712445801600, 15.38567137049824000 ) ) ;
#490 = CARTESIAN_POINT ( 'NONE',  ( -9.527408798400047700, 25.58074402937742100, 15.61414279719626700 ) ) ;
#491 = CARTESIAN_POINT ( 'NONE',  ( -10.03749318634214800, 25.96755465188697100, 15.89062500000004600 ) ) ;
#492 = DIRECTION ( 'NONE',  ( -0.0000000000000000000, -0.0000000000000000000, -1.000000000000000000 ) ) ;
#493 = CARTESIAN_POINT ( 'NONE',  ( -10.03749600913575300, 25.96756195461144800, 20.00000000000000000 ) ) ;
#494 = DIRECTION ( 'NONE',  ( 1.000000000000000000, 0.0000000000000000000, 0.0000000000000000000 ) ) ;
#495 = CARTESIAN_POINT ( 'NONE',  ( -3.113777539093673100, 22.76547437163698700, 20.00000000000000000 ) ) ;
#496 = CARTESIAN_POINT ( 'NONE',  ( -2.822007213361456700, 22.94280528566096700, 19.99856141251685000 ) ) ;
#497 = CARTESIAN_POINT ( 'NONE',  ( -2.564114559174872600, 23.16284172570257000, 19.99430003071669000 ) ) ;
#498 = CARTESIAN_POINT ( 'NONE',  ( -2.122022051328671800, 23.68323869024252600, 19.96500921457440100 ) ) ;
#499 = CARTESIAN_POINT ( 'NONE',  ( -1.947841765931802400, 23.97127561214071500, 19.94052927761979900 ) ) ;
#500 = CARTESIAN_POINT ( 'NONE',  ( -1.820201404556837500, 24.28626513382971600, 19.89880021403804400 ) ) ;
#501 = DIRECTION ( 'NONE',  ( 1.000000000000000000, 0.0000000000000000000, 0.0000000000000000000 ) ) ;
#502 = DIRECTION ( 'NONE',  ( -0.0000000000000000000, -0.0000000000000000000, -1.000000000000000000 ) ) ;
#503 = CARTESIAN_POINT ( 'NONE',  ( -4.762787501805488200, 25.47866274380673700, 20.00000000000000000 ) ) ;
#504 = CARTESIAN_POINT ( 'NONE',  ( -7.075923620754199600, 23.30380038144564700, 19.89880021403469700 ) ) ;
#505 = DIRECTION ( 'NONE',  ( -0.0000000000000000000, -0.0000000000000000000, -1.000000000000000000 ) ) ;
#506 = CARTESIAN_POINT ( 'NONE',  ( -6.843117782160999400, 23.05619317499813500, 19.94052881277376300 ) ) ;
#507 = CARTESIAN_POINT ( 'NONE',  ( -6.576497807213144100, 22.85036308245698700, 19.96503166090593200 ) ) ;
#508 = CARTESIAN_POINT ( 'NONE',  ( -5.975392059575736600, 22.52449714786125400, 19.99433484641810200 ) ) ;
#509 = CARTESIAN_POINT ( 'NONE',  ( 23.20263251192320200, -11.55353818172788400, 14.69999999999999900 ) ) ;
#510 = CARTESIAN_POINT ( 'NONE',  ( -5.656428923673257000, 22.41295093489579300, 19.99856151920209900 ) ) ;
#511 = CARTESIAN_POINT ( 'NONE',  ( -5.320326809803160200, 22.35299882712640600, 20.00000000000000000 ) ) ;
#512 = DIRECTION ( 'NONE',  ( -0.0000000000000000000, -0.0000000000000000000, -1.000000000000000000 ) ) ;
#513 = CARTESIAN_POINT ( 'NONE',  ( -7.075923620735228100, 23.30380038142566700, 20.00000000000000000 ) ) ;
#514 = CARTESIAN_POINT ( 'NONE',  ( -5.320326809806330100, 22.35299882712697100, 14.69999999999999900 ) ) ;
#515 = CARTESIAN_POINT ( 'NONE',  ( -5.656454122417601500, 22.41295542971415600, 14.70143858864582300 ) ) ;
#516 = CARTESIAN_POINT ( 'NONE',  ( -5.976415536259670700, 22.52497050002231700, 14.70569987414059000 ) ) ;
#517 = CARTESIAN_POINT ( 'NONE',  ( -6.576646723616350200, 22.85052545659036800, 14.73499080095552600 ) ) ;
#518 = CARTESIAN_POINT ( 'NONE',  ( -6.843115940321878200, 23.05619121606256900, 14.75947085709245600 ) ) ;
#519 = CARTESIAN_POINT ( 'NONE',  ( -7.075923620735325800, 23.30380038142557500, 14.80119978596190600 ) ) ;
#520 = CARTESIAN_POINT ( 'NONE',  ( 20.02763251192321200, -11.55353818170668300, 14.70245903953917500 ) ) ;
#521 = CARTESIAN_POINT ( 'NONE',  ( 20.02763251192391900, -11.44743715684933800, 14.70120557080973900 ) ) ;
#522 = CARTESIAN_POINT ( 'NONE',  ( -1.820201404545091800, 24.28626513385869900, 14.80119978596578400 ) ) ;
#523 = CARTESIAN_POINT ( 'NONE',  ( -1.947840739950553100, 23.97127814403738500, 14.75947105779900100 ) ) ;
#524 = CARTESIAN_POINT ( 'NONE',  ( -2.122102475098942300, 23.68303289578554800, 14.73496825767173100 ) ) ;
#525 = CARTESIAN_POINT ( 'NONE',  ( -2.564900296675658400, 23.16202815999700000, 14.70566514325025200 ) ) ;
#526 = CARTESIAN_POINT ( 'NONE',  ( 20.03293694963214500, -11.34106431548076300, 14.70045164094362300 ) ) ;
#527 = CARTESIAN_POINT ( 'NONE',  ( 20.04371093081038400, -11.23441525184092700, 14.69999999999999900 ) ) ;
#528 = CARTESIAN_POINT ( 'NONE',  ( -2.822029155536302200, 22.94279194974069500, 14.70143847929622200 ) ) ;
#529 = CARTESIAN_POINT ( 'NONE',  ( 20.04371093081070400, -11.23441525183772400, 20.00000000000000000 ) ) ;
#530 = CARTESIAN_POINT ( 'NONE',  ( -3.113777539090922800, 22.76547437163865700, 14.69999999999999900 ) ) ;
#531 = DIRECTION ( 'NONE',  ( 1.000000000000000000, 0.0000000000000000000, 0.0000000000000000000 ) ) ;
#532 = DIRECTION ( 'NONE',  ( -0.0000000000000000000, -0.0000000000000000000, -1.000000000000000000 ) ) ;
#533 = CARTESIAN_POINT ( 'NONE',  ( -4.762787501805488200, 25.47866274380673700, 14.69999999999999900 ) ) ;
#534 = CARTESIAN_POINT ( 'NONE',  ( -1.820201404556837500, 24.28626513382971600, 19.89880021403804400 ) ) ;
#535 = CARTESIAN_POINT ( 'NONE',  ( -1.560051421196201300, 24.92826048658012200, 19.81375019475341000 ) ) ;
#536 = CARTESIAN_POINT ( 'NONE',  ( -1.278147471104581900, 25.54377667984490300, 19.67825449366200300 ) ) ;
#537 = CARTESIAN_POINT ( 'NONE',  ( 20.03293911631750400, -11.34104286797933800, 19.99954844988294800 ) ) ;
#538 = CARTESIAN_POINT ( 'NONE',  ( 20.02763251192320100, -11.44741598975502200, 19.99879467925661600 ) ) ;
#539 = CARTESIAN_POINT ( 'NONE',  ( -0.6765383783085783300, 26.72717955110839200, 19.31432891761208700 ) ) ;
#540 = CARTESIAN_POINT ( 'NONE',  ( -0.3567867743423071600, 27.29502995444750700, 19.08585745101359900 ) ) ;
#541 = CARTESIAN_POINT ( 'NONE',  ( -0.02088389414151882500, 27.83998433777518500, 18.80937500000001700 ) ) ;
#542 = CARTESIAN_POINT ( 'NONE',  ( 20.02763251192320800, -11.55353818172810100, 19.99754096046055800 ) ) ;
#543 = CARTESIAN_POINT ( 'NONE',  ( -0.02088389414151882500, 27.83998433777518500, 15.89062500000004600 ) ) ;
#544 = CARTESIAN_POINT ( 'NONE',  ( -0.3567868339171060300, 27.29502985779592800, 15.61414249995022600 ) ) ;
#545 = CARTESIAN_POINT ( 'NONE',  ( -0.6765384619594588800, 26.72717939750854300, 15.38567102543678400 ) ) ;
#546 = CARTESIAN_POINT ( 'NONE',  ( -1.278147548837612800, 25.54377651599246900, 15.02174546566470100 ) ) ;
#547 = CARTESIAN_POINT ( 'NONE',  ( -1.560051468837207800, 24.92826036901214000, 14.88624978967144900 ) ) ;
#548 = CARTESIAN_POINT ( 'NONE',  ( -1.820201404545091800, 24.28626513385869900, 14.80119978596578400 ) ) ;
#549 = DIRECTION ( 'NONE',  ( -0.0000000000000000000, -0.0000000000000000000, -1.000000000000000000 ) ) ;
#550 = CARTESIAN_POINT ( 'NONE',  ( -1.820201404556837300, 24.28626513382971600, 20.00000000000000000 ) ) ;
#551 = DIRECTION ( 'NONE',  ( -0.0000000000000000000, -0.0000000000000000000, -1.000000000000000000 ) ) ;
#552 = CARTESIAN_POINT ( 'NONE',  ( 20.02763251192320800, -11.55353818172788400, 20.00000000000000000 ) ) ;
#553 = DIRECTION ( 'NONE',  ( 1.000000000000000000, 0.0000000000000000000, 0.0000000000000000000 ) ) ;
#554 = DIRECTION ( 'NONE',  ( -0.0000000000000000000, -0.0000000000000000000, 1.000000000000000000 ) ) ;
#555 = CARTESIAN_POINT ( 'NONE',  ( 0.0000000000000000000, 0.0000000000000000000, 18.80937500000001700 ) ) ;
#556 = DIRECTION ( 'NONE',  ( 1.000000000000000000, 0.0000000000000000000, 0.0000000000000000000 ) ) ;
#557 = DIRECTION ( 'NONE',  ( -0.0000000000000000000, -0.0000000000000000000, 1.000000000000000000 ) ) ;
#558 = CARTESIAN_POINT ( 'NONE',  ( 0.0000000000000000000, 0.0000000000000000000, 15.89062500000004600 ) ) ;
#559 = DIRECTION ( 'NONE',  ( -0.0000000000000000000, -0.0000000000000000000, -1.000000000000000000 ) ) ;
#560 = CARTESIAN_POINT ( 'NONE',  ( -0.02087906602565164900, 27.83999217069928300, 20.00000000000000000 ) ) ;
#561 = CARTESIAN_POINT ( 'NONE',  ( 0.02087906015411077800, 27.83998434140092800, 18.80937500000001700 ) ) ;
#562 = CARTESIAN_POINT ( 'NONE',  ( 0.3567867743425228200, 27.29502995444750400, 19.08585745101360600 ) ) ;
#563 = CARTESIAN_POINT ( 'NONE',  ( 0.6765383783087991500, 26.72717955110836000, 19.31432891761209100 ) ) ;
#564 = CARTESIAN_POINT ( 'NONE',  ( 1.278147471104801100, 25.54377667984484600, 19.67825449366202100 ) ) ;
#565 = CARTESIAN_POINT ( 'NONE',  ( 24.35061120582243900, 0.4284170951392275400, 19.89880021403604700 ) ) ;
#566 = CARTESIAN_POINT ( 'NONE',  ( 1.560051421196413400, 24.92826048658003300, 19.81375019475342500 ) ) ;
#567 = CARTESIAN_POINT ( 'NONE',  ( 1.820201404545200000, 24.28626513385849600, 19.89880021403422800 ) ) ;
#568 = CARTESIAN_POINT ( 'NONE',  ( 24.12303736669471400, 0.3106910553677579300, 19.93025907114229200 ) ) ;
#569 = CARTESIAN_POINT ( 'NONE',  ( 1.820201404556920100, 24.28626513382957300, 14.80119978596192500 ) ) ;
#570 = CARTESIAN_POINT ( 'NONE',  ( 1.560051468837417000, 24.92826036901207600, 14.88624978967144100 ) ) ;
#571 = CARTESIAN_POINT ( 'NONE',  ( 1.278147548837829100, 25.54377651599240200, 15.02174546566468100 ) ) ;
#572 = CARTESIAN_POINT ( 'NONE',  ( 0.6765384619596778200, 26.72717939750851800, 15.38567102543678000 ) ) ;
#573 = CARTESIAN_POINT ( 'NONE',  ( 0.3567868339173244100, 27.29502985779591400, 15.61414249995022300 ) ) ;
#574 = CARTESIAN_POINT ( 'NONE',  ( 0.02087906015411077800, 27.83998434140092800, 15.89062500000004600 ) ) ;
#575 = CARTESIAN_POINT ( 'NONE',  ( 23.91323413424684200, 0.1677186733472916000, 19.95188694879989200 ) ) ;
#576 = DIRECTION ( 'NONE',  ( -0.0000000000000000000, -0.0000000000000000000, -1.000000000000000000 ) ) ;
#577 = CARTESIAN_POINT ( 'NONE',  ( 23.72115444633513400, 1.279070252211931700E-012, 19.96694910001311000 ) ) ;
#578 = CARTESIAN_POINT ( 'NONE',  ( 0.02087906602582360200, 27.83999217069936100, 20.00000000000000000 ) ) ;
#579 = DIRECTION ( 'NONE',  ( -0.0000000000000000000, -0.0000000000000000000, -1.000000000000000000 ) ) ;
#580 = CARTESIAN_POINT ( 'NONE',  ( 7.075923620735457200, 23.30380038142567400, 20.00000000000000000 ) ) ;
#581 = CARTESIAN_POINT ( 'NONE',  ( 5.320326809803193900, 22.35299882712640200, 20.00000000000000000 ) ) ;
#582 = CARTESIAN_POINT ( 'NONE',  ( 5.656454122415086200, 22.41295542971335000, 19.99856141135419900 ) ) ;
#583 = CARTESIAN_POINT ( 'NONE',  ( 5.976415536257694500, 22.52497050002141800, 19.99430012585945300 ) ) ;
#584 = DIRECTION ( 'NONE',  ( -0.0000000000000000000, -0.0000000000000000000, -1.000000000000000000 ) ) ;
#585 = CARTESIAN_POINT ( 'NONE',  ( 6.576646723615610300, 22.85052545658974300, 19.96500919904453800 ) ) ;
#586 = CARTESIAN_POINT ( 'NONE',  ( 6.843115940321629500, 23.05619121606224600, 19.94052914290757900 ) ) ;
#587 = CARTESIAN_POINT ( 'NONE',  ( 24.35061120580785900, 0.4284170951316460000, 20.00000000000000000 ) ) ;
#588 = CARTESIAN_POINT ( 'NONE',  ( 7.075923620735456300, 23.30380038142567400, 19.89880021403805800 ) ) ;
#589 = DIRECTION ( 'NONE',  ( 1.000000000000000000, 0.0000000000000000000, 0.0000000000000000000 ) ) ;
#590 = DIRECTION ( 'NONE',  ( -0.0000000000000000000, -0.0000000000000000000, -1.000000000000000000 ) ) ;
#591 = CARTESIAN_POINT ( 'NONE',  ( 4.762787501805517500, 25.47866274380673300, 20.00000000000000000 ) ) ;
#592 = CARTESIAN_POINT ( 'NONE',  ( 1.820201404545200000, 24.28626513385849600, 19.89880021403422800 ) ) ;
#593 = CARTESIAN_POINT ( 'NONE',  ( 23.72115444633735800, 5.436511658314387400E-016, 14.73305089998739000 ) ) ;
#594 = CARTESIAN_POINT ( 'NONE',  ( 1.947840739950873900, 23.97127814403671300, 19.94052894220107000 ) ) ;
#595 = CARTESIAN_POINT ( 'NONE',  ( 2.122102475099599600, 23.68303289578452100, 19.96503174232833500 ) ) ;
#596 = CARTESIAN_POINT ( 'NONE',  ( 2.564900296677211900, 23.16202815999547200, 19.99433485674979500 ) ) ;
#597 = CARTESIAN_POINT ( 'NONE',  ( 2.822029155538460500, 22.94279194973898600, 19.99856152070380200 ) ) ;
#598 = CARTESIAN_POINT ( 'NONE',  ( 23.91313944971517100, 0.1676359974317229700, 14.74810562640288400 ) ) ;
#599 = CARTESIAN_POINT ( 'NONE',  ( 3.113777539093692600, 22.76547437163698700, 20.00000000000000000 ) ) ;
#600 = DIRECTION ( 'NONE',  ( -0.0000000000000000000, -0.0000000000000000000, -1.000000000000000000 ) ) ;
#601 = CARTESIAN_POINT ( 'NONE',  ( 1.820201404556923000, 24.28626513382957300, 20.00000000000000000 ) ) ;
#602 = CARTESIAN_POINT ( 'NONE',  ( 24.12292372278159300, 0.3106322663249291300, 14.76972521919807400 ) ) ;
#603 = CARTESIAN_POINT ( 'NONE',  ( 3.113777539090942300, 22.76547437163865700, 14.69999999999999900 ) ) ;
#604 = CARTESIAN_POINT ( 'NONE',  ( 2.822007213359391200, 22.94280528566264000, 14.70143858748317100 ) ) ;
#605 = CARTESIAN_POINT ( 'NONE',  ( 2.564114559173347600, 23.16284172570412600, 14.70569996928335900 ) ) ;
#606 = CARTESIAN_POINT ( 'NONE',  ( 24.35061120580784400, 0.4284170951316763600, 14.80119978596192000 ) ) ;
#607 = CARTESIAN_POINT ( 'NONE',  ( 2.122022051328197100, 23.68323869024336800, 14.73499078542566000 ) ) ;
#608 = CARTESIAN_POINT ( 'NONE',  ( 1.947841765931684700, 23.97127561214111300, 14.75947072238025400 ) ) ;
#609 = CARTESIAN_POINT ( 'NONE',  ( 1.820201404556920100, 24.28626513382957300, 14.80119978596192500 ) ) ;
#610 = CARTESIAN_POINT ( 'NONE',  ( 7.075923620754397600, 23.30380038144582100, 14.80119978596532000 ) ) ;
#611 = DIRECTION ( 'NONE',  ( 1.000000000000000000, 0.0000000000000000000, 0.0000000000000000000 ) ) ;
#612 = CARTESIAN_POINT ( 'NONE',  ( 6.843117782161567000, 23.05619317499866500, 14.75947118722631400 ) ) ;
#613 = CARTESIAN_POINT ( 'NONE',  ( 6.576497807214154000, 22.85036308245771900, 14.73496833909413800 ) ) ;
#614 = CARTESIAN_POINT ( 'NONE',  ( 5.975392059577761600, 22.52449714786212100, 14.70566515358194900 ) ) ;
#615 = CARTESIAN_POINT ( 'NONE',  ( 5.656428923675902900, 22.41295093489660300, 14.70143848079792000 ) ) ;
#616 = CARTESIAN_POINT ( 'NONE',  ( 5.320326809806363000, 22.35299882712696400, 14.69999999999999900 ) ) ;
#617 = DIRECTION ( 'NONE',  ( 1.000000000000000000, 0.0000000000000000000, 0.0000000000000000000 ) ) ;
#618 = DIRECTION ( 'NONE',  ( -0.0000000000000000000, -0.0000000000000000000, -1.000000000000000000 ) ) ;
#619 = CARTESIAN_POINT ( 'NONE',  ( 4.762787501805517500, 25.47866274380673300, 14.69999999999999900 ) ) ;
#620 = DIRECTION ( 'NONE',  ( 1.000000000000000000, -0.0000000000000000000, -0.0000000000000000000 ) ) ;
#621 = DIRECTION ( 'NONE',  ( -0.0000000000000000000, -0.0000000000000000000, -1.000000000000000000 ) ) ;
#622 = CARTESIAN_POINT ( 'NONE',  ( 25.80942984956729100, -2.391595877288803500, 14.69999999999999900 ) ) ;
#623 = CARTESIAN_POINT ( 'NONE',  ( 2.000000000000000000, 7.799999999999999800, 0.0000000000000000000 ) ) ;
#624 = DIRECTION ( 'NONE',  ( -0.0000000000000000000, -0.0000000000000000000, -1.000000000000000000 ) ) ;
#625 = CARTESIAN_POINT ( 'NONE',  ( -2.000000000000000000, 7.799999999999999800, 20.58291489492222600 ) ) ;
#626 = DIRECTION ( 'NONE',  ( -0.0000000000000000000, -0.0000000000000000000, -1.000000000000000000 ) ) ;
#627 = CARTESIAN_POINT ( 'NONE',  ( 2.000000000000000000, 7.799999999999999800, 20.58291489492222600 ) ) ;
#628 = DIRECTION ( 'NONE',  ( 0.0000000000000000000, 0.0000000000000000000, 1.000000000000000000 ) ) ;
#629 = DIRECTION ( 'NONE',  ( 0.0000000000000000000, 1.000000000000000000, -0.0000000000000000000 ) ) ;
#630 = CARTESIAN_POINT ( 'NONE',  ( 0.0000000000000000000, 7.800000000000001600, 6.999999999999895200 ) ) ;
#631 = DIRECTION ( 'NONE',  ( 1.000000000000000000, 0.0000000000000000000, 0.0000000000000000000 ) ) ;
#632 = DIRECTION ( 'NONE',  ( -0.0000000000000000000, -0.0000000000000000000, -1.000000000000000000 ) ) ;
#633 = CARTESIAN_POINT ( 'NONE',  ( 17.46219108331874600, -19.15511113435949000, 20.00000000000000000 ) ) ;
#634 = DIRECTION ( 'NONE',  ( 1.000000000000000000, 0.0000000000000000000, 0.0000000000000000000 ) ) ;
#635 = CARTESIAN_POINT ( 'NONE',  ( 18.28394155154693800, -16.08829663589912700, 19.89880021403454400 ) ) ;
#636 = CARTESIAN_POINT ( 'NONE',  ( 17.95565650606762300, -16.00033292307255200, 19.94052895704185600 ) ) ;
#637 = CARTESIAN_POINT ( 'NONE',  ( 17.62061563143346300, -15.96569024669700500, 19.96503175166458600 ) ) ;
#638 = CARTESIAN_POINT ( 'NONE',  ( 16.93799964791057600, -16.00507505914578100, 19.99433485793446500 ) ) ;
#639 = CARTESIAN_POINT ( 'NONE',  ( 16.60809066581408900, -16.07814898124087200, 19.99856152087598500 ) ) ;
#640 = CARTESIAN_POINT ( 'NONE',  ( 16.29077054073547300, -16.20411148806777000, 20.00000000000000000 ) ) ;
#641 = DIRECTION ( 'NONE',  ( -0.0000000000000000000, -0.0000000000000000000, -1.000000000000000000 ) ) ;
#642 = DIRECTION ( 'NONE',  ( -0.0000000000000000000, -0.0000000000000000000, -1.000000000000000000 ) ) ;
#643 = CARTESIAN_POINT ( 'NONE',  ( 18.28394155151920200, -16.08829663589174800, 20.00000000000000000 ) ) ;
#644 = CARTESIAN_POINT ( 'NONE',  ( 25.80942984956729100, -2.391595877288803500, 20.00000000000000000 ) ) ;
#645 = CARTESIAN_POINT ( 'NONE',  ( 16.29077054073846400, -16.20411148806658400, 14.69999999999999900 ) ) ;
#646 = CARTESIAN_POINT ( 'NONE',  ( 16.60811453980426200, -16.07813950428906900, 14.70143858734985700 ) ) ;
#647 = CARTESIAN_POINT ( 'NONE',  ( 16.93912278828976500, -16.00493826292208500, 14.70569998019114000 ) ) ;
#648 = CARTESIAN_POINT ( 'NONE',  ( 17.62082839427413100, -15.96575010669619100, 14.73499078364300300 ) ) ;
#649 = CARTESIAN_POINT ( 'NONE',  ( 17.95565386250131100, -16.00033221473428200, 14.75947070693198000 ) ) ;
#650 = CARTESIAN_POINT ( 'NONE',  ( 18.28394155151921700, -16.08829663589169800, 14.80119978596192000 ) ) ;
#651 = DIRECTION ( 'NONE',  ( -0.0000000000000000000, -0.0000000000000000000, -1.000000000000000000 ) ) ;
#652 = DIRECTION ( 'NONE',  ( 1.000000000000000000, 0.0000000000000000000, 0.0000000000000000000 ) ) ;
#653 = DIRECTION ( 'NONE',  ( -0.0000000000000000000, -0.0000000000000000000, -1.000000000000000000 ) ) ;
#654 = CARTESIAN_POINT ( 'NONE',  ( 17.46219108331874600, -19.15511113435949000, 14.69999999999999900 ) ) ;
#655 = CARTESIAN_POINT ( 'NONE',  ( 14.28719108331875500, -19.15511113435951500, 14.74821195698163500 ) ) ;
#656 = CARTESIAN_POINT ( 'NONE',  ( 14.28719108331875500, -18.90779255502375700, 14.72947061620976500 ) ) ;
#657 = CARTESIAN_POINT ( 'NONE',  ( 14.31675573504805100, -18.65640232065737100, 14.71778455775230500 ) ) ;
#658 = CARTESIAN_POINT ( 'NONE',  ( 14.43276791055073500, -18.17273175178312200, 14.70369468829907500 ) ) ;
#659 = CARTESIAN_POINT ( 'NONE',  ( 14.51824820056862300, -17.93991858296003600, 14.70105644023270800 ) ) ;
#660 = CARTESIAN_POINT ( 'NONE',  ( 14.63186493297583700, -17.71640376915799600, 14.69999999999999900 ) ) ;
#661 = CARTESIAN_POINT ( 'NONE',  ( 14.63186493297729400, -17.71640376915512900, 20.00000000000000000 ) ) ;
#662 = CARTESIAN_POINT ( 'NONE',  ( 14.51825385812056400, -17.93990745302605600, 19.99894361237279500 ) ) ;
#663 = CARTESIAN_POINT ( 'NONE',  ( 14.43272313300897900, -18.17281355469361500, 19.99630647462188500 ) ) ;
#664 = CARTESIAN_POINT ( 'NONE',  ( 22.63442984956730100, -2.391595877288803500, 20.00000000000000000 ) ) ;
#665 = CARTESIAN_POINT ( 'NONE',  ( 14.31665489525269000, -18.65692774790593900, 19.98219658557818300 ) ) ;
#666 = CARTESIAN_POINT ( 'NONE',  ( 14.28719108331875300, -18.90799513712934400, 19.97051403249600900 ) ) ;
#667 = CARTESIAN_POINT ( 'NONE',  ( 14.28719108331875500, -19.15511113435950800, 19.95178804301835000 ) ) ;
#668 = DIRECTION ( 'NONE',  ( -0.0000000000000000000, -0.0000000000000000000, -1.000000000000000000 ) ) ;
#669 = CARTESIAN_POINT ( 'NONE',  ( 22.55150661318522500, 9.195942408491298200, 19.89880021403522600 ) ) ;
#670 = CARTESIAN_POINT ( 'NONE',  ( 14.28719108331875600, -19.15511113435949000, 20.00000000000000000 ) ) ;
#671 = DIRECTION ( 'NONE',  ( 1.000000000000000000, 0.0000000000000000000, 0.0000000000000000000 ) ) ;
#672 = DIRECTION ( 'NONE',  ( -0.0000000000000000000, -0.0000000000000000000, -1.000000000000000000 ) ) ;
#673 = CARTESIAN_POINT ( 'NONE',  ( 22.32643603863173400, 8.941283108051079500, 19.94052885534210900 ) ) ;
#674 = CARTESIAN_POINT ( 'NONE',  ( 23.20263251192320200, -11.55353818172788400, 20.00000000000000000 ) ) ;
#675 = CARTESIAN_POINT ( 'NONE',  ( 22.86103082373358900, -8.396968320846305300, 19.89880021403475400 ) ) ;
#676 = CARTESIAN_POINT ( 'NONE',  ( 22.14608458317886500, 8.656808735487286900, 19.96503168768562700 ) ) ;
#677 = B_SPLINE_CURVE_WITH_KNOTS ( 'NONE', 3,
 ( #3722, #3720, #3719, #3718, #3717, #3716 ),
 .UNSPECIFIED., .F., .F.,
 ( 4, 2, 4 ),
 ( 5.261891880550994300E-005, 0.001065224075861260700, 0.002077829232917011400 ),
 .UNSPECIFIED. ) ;
#678 = CARTESIAN_POINT ( 'NONE',  ( 1.651361875652700400, 16.41757380311273100, 8.884182168463404100 ) ) ;
#679 = CARTESIAN_POINT ( 'NONE',  ( 1.108456401576402900, 16.46342265319053100, 9.246806396378445900 ) ) ;
#680 = B_SPLINE_CURVE_WITH_KNOTS ( 'NONE', 3,
 ( #3733, #3731, #3730, #3729, #3726, #3725 ),
 .UNSPECIFIED., .F., .F.,
 ( 4, 2, 4 ),
 ( 2.460361388081457900E-007, 0.001012694400168818000, 0.002025142764198828100 ),
 .UNSPECIFIED. ) ;
#681 = CARTESIAN_POINT ( 'NONE',  ( 1.254763071169065800, 16.45278097658346200, 9.168423627370948700 ) ) ;
#682 = CARTESIAN_POINT ( 'NONE',  ( 0.6500503097369922900, 16.48797138269849300, 9.419546311961429600 ) ) ;
#683 = CARTESIAN_POINT ( 'NONE',  ( 0.8059086775018702300, 16.48100337525934800, 9.372198512041087800 ) ) ;
#684 = CARTESIAN_POINT ( 'NONE',  ( 0.1632839064821793900, 16.50000000000000000, 9.499999999999895200 ) ) ;
#685 = CARTESIAN_POINT ( 'NONE',  ( 0.3291575828424067600, 16.49749741650323600, 9.483631423253589400 ) ) ;
#686 = DIRECTION ( 'NONE',  ( -0.0000000000000000000, -0.0000000000000000000, -1.000000000000000000 ) ) ;
#687 = CARTESIAN_POINT ( 'NONE',  ( 1.986665913680113200, 16.38022108971961900, 5.473509305713228900 ) ) ;
#688 = CARTESIAN_POINT ( 'NONE',  ( 0.8068541164799584200, 16.48095767374595200, 4.628116370607837200 ) ) ;
#689 = CARTESIAN_POINT ( 'NONE',  ( 0.6479328693881910600, 16.48804975355701100, 4.579922412827192700 ) ) ;
#690 = CARTESIAN_POINT ( 'NONE',  ( 0.3280623656901655600, 16.49751426013091300, 4.516259350216381000 ) ) ;
#691 = CARTESIAN_POINT ( 'NONE',  ( 0.1654372238305801500, 16.49999999999999600, 4.499999999999895200 ) ) ;
#692 = CARTESIAN_POINT ( 'NONE',  ( 1.653033187110084300, 16.41739587559538900, 5.117449332126901700 ) ) ;
#693 = CARTESIAN_POINT ( 'NONE',  ( 1.524630164561597800, 16.42997491133865000, 5.011992032544886100 ) ) ;
#694 = CARTESIAN_POINT ( 'NONE',  ( 1.253033841582490900, 16.45291703369823800, 4.830534856420781500 ) ) ;
#695 = CARTESIAN_POINT ( 'NONE',  ( 1.109521685450925100, 16.46335145219832100, 4.753712586027044800 ) ) ;
#696 = CARTESIAN_POINT ( 'NONE',  ( 1.883268775290257500, 16.39258078441953600, 5.347784985295966500 ) ) ;
#697 = CARTESIAN_POINT ( 'NONE',  ( -9.035959115183417600E-018, 16.50000000000000000, 4.499999999999894300 ) ) ;
#698 = CARTESIAN_POINT ( 'NONE',  ( 0.0000000000000000000, 0.0000000000000000000, 0.0000000000000000000 ) ) ;
#699 = DIRECTION ( 'NONE',  ( 0.0000000000000000000, -1.000000000000000000, 0.0000000000000000000 ) ) ;
#700 = DIRECTION ( 'NONE',  ( 0.0000000000000000000, 0.0000000000000000000, 1.000000000000000000 ) ) ;
#701 = CARTESIAN_POINT ( 'NONE',  ( 0.0000000000000000000, 0.0000000000000000000, 0.2000000000000005100 ) ) ;
#702 = DIRECTION ( 'NONE',  ( 1.000000000000000000, 0.0000000000000000000, 0.0000000000000000000 ) ) ;
#703 = DIRECTION ( 'NONE',  ( -0.0000000000000000000, -0.0000000000000000000, -1.000000000000000000 ) ) ;
#704 = CARTESIAN_POINT ( 'NONE',  ( 16.30000000000000100, 0.0000000000000000000, 0.2000000000000005100 ) ) ;
#705 = CARTESIAN_POINT ( 'NONE',  ( 21.75552067103947400, 7.093344702668370700, 20.00000000000000000 ) ) ;
#706 = DIRECTION ( 'NONE',  ( -0.0000000000000000000, -0.0000000000000000000, -1.000000000000000000 ) ) ;
#707 = CARTESIAN_POINT ( 'NONE',  ( 24.93052067103947100, 7.093344702668370700, 20.00000000000000000 ) ) ;
#708 = CARTESIAN_POINT ( 'NONE',  ( 21.76674704830341900, 7.360105764443818400, 20.00000000000000000 ) ) ;
#709 = DIRECTION ( 'NONE',  ( -0.0000000000000000000, -0.0000000000000000000, -1.000000000000000000 ) ) ;
#710 = CARTESIAN_POINT ( 'NONE',  ( 22.55150661316992700, 9.195942408473945000, 20.00000000000000000 ) ) ;
#711 = CARTESIAN_POINT ( 'NONE',  ( 21.76674704830368900, 7.360105764447022000, 14.69999999999999900 ) ) ;
#712 = CARTESIAN_POINT ( 'NONE',  ( 21.87707192954481900, 8.028200248923274900, 19.99433484981619500 ) ) ;
#713 = CARTESIAN_POINT ( 'NONE',  ( 21.79543181044237000, 7.700305691770822100, 19.99856151969600000 ) ) ;
#714 = CARTESIAN_POINT ( 'NONE',  ( 21.79543396326361200, 7.700331224125146300, 14.70143858826342900 ) ) ;
#715 = CARTESIAN_POINT ( 'NONE',  ( 21.87744920371822500, 8.029264092449672300, 14.70569990543534900 ) ) ;
#716 = CARTESIAN_POINT ( 'NONE',  ( -13.19195899037537100, -9.911138298741081000, 5.474391959210823400 ) ) ;
#717 = CARTESIAN_POINT ( 'NONE',  ( 22.14623266599124600, 8.656972149883412000, 14.73499079585120200 ) ) ;
#718 = CARTESIAN_POINT ( 'NONE',  ( 22.55150661316990200, 9.195942408473962700, 14.80119978596192000 ) ) ;
#719 = CARTESIAN_POINT ( 'NONE',  ( -13.08074805211659000, -10.05745866397499800, 5.747174282892757400 ) ) ;
#720 = CARTESIAN_POINT ( 'NONE',  ( -13.03266996080355100, -10.11946020170113400, 5.892830483942590900 ) ) ;
#721 = CARTESIAN_POINT ( 'NONE',  ( -12.91630467688178500, -10.26815065229075500, 6.344164368742762700 ) ) ;
#722 = CARTESIAN_POINT ( 'NONE',  ( -12.87444689182548400, -10.31981672461120400, 6.673512627739297500 ) ) ;
#723 = CARTESIAN_POINT ( 'NONE',  ( 23.38641462147414500, 4.298183509270735700, 19.96500921598593000 ) ) ;
#724 = CARTESIAN_POINT ( 'NONE',  ( 23.68929411676643000, 4.151322920064838100, 19.94052928985207600 ) ) ;
#725 = CARTESIAN_POINT ( 'NONE',  ( 24.01471721082537100, 4.053290587646756600, 19.89880021403805800 ) ) ;
#726 = DIRECTION ( 'NONE',  ( 1.000000000000000000, 0.0000000000000000000, 0.0000000000000000000 ) ) ;
#727 = DIRECTION ( 'NONE',  ( 0.0000000000000000000, 0.0000000000000000000, 1.000000000000000000 ) ) ;
#728 = DIRECTION ( 'NONE',  ( 0.0000000000000000000, 0.0000000000000000000, -1.000000000000000000 ) ) ;
#729 = CARTESIAN_POINT ( 'NONE',  ( -9.035959115183417600E-018, 16.50000000000000000, 4.499999999999894300 ) ) ;
#730 = CARTESIAN_POINT ( 'NONE',  ( -0.3288290593670419300, 16.49751422747669600, 4.516253628544618900 ) ) ;
#731 = DIRECTION ( 'NONE',  ( 0.0000000000000000000, 0.0000000000000000000, 1.000000000000000000 ) ) ;
#732 = CARTESIAN_POINT ( 'NONE',  ( -12.87444689182548500, -10.31981672461120400, 6.999999999999895200 ) ) ;
#733 = CARTESIAN_POINT ( 'NONE',  ( 22.58453802415769100, 4.926884677363415400, 14.70143847915987600 ) ) ;
#734 = CARTESIAN_POINT ( 'NONE',  ( -0.1653965923191913800, 16.50000000000000400, 4.499999999999894300 ) ) ;
#735 = CARTESIAN_POINT ( 'NONE',  ( 22.95566401667352400, -0.9999617403806538900, 20.00000000000000000 ) ) ;
#736 = CARTESIAN_POINT ( 'NONE',  ( -0.6518224578921314500, 16.48791168460905300, 4.580857161846485500 ) ) ;
#737 = CARTESIAN_POINT ( 'NONE',  ( 22.38105772614374100, 5.201027685727612300, 14.69999999999999900 ) ) ;
#738 = CARTESIAN_POINT ( 'NONE',  ( -0.8096925997847198600, 16.48080892992958700, 4.629157740060849200 ) ) ;
#739 = CARTESIAN_POINT ( 'NONE',  ( 23.68929673627851800, 4.151322130944628900, 14.75947104604770400 ) ) ;
#740 = CARTESIAN_POINT ( 'NONE',  ( 23.38620222914296000, 4.298244616556509400, 14.73496825027906000 ) ) ;
#741 = DIRECTION ( 'NONE',  ( 0.0000000000000000000, 0.0000000000000000000, -1.000000000000000000 ) ) ;
#742 = DIRECTION ( 'NONE',  ( 0.0000000000000000000, -1.000000000000000000, 0.0000000000000000000 ) ) ;
#743 = CARTESIAN_POINT ( 'NONE',  ( 22.82656383907345400, 4.691081271945651400, 14.70566514231220400 ) ) ;
#744 = CARTESIAN_POINT ( 'NONE',  ( -1.260575423293413900, 16.45453159364194600, 4.816669948719349400 ) ) ;
#745 = CARTESIAN_POINT ( 'NONE',  ( 22.86121657245304900, 0.0000000000000000000, 9.000613939483383100 ) ) ;
#746 = DIRECTION ( 'NONE',  ( 0.0000000000000000000, 1.000000000000000000, -0.0000000000000000000 ) ) ;
#747 = CARTESIAN_POINT ( 'NONE',  ( 0.0000000000000000000, 7.800000000000001600, 6.999999999999895200 ) ) ;
#748 = DIRECTION ( 'NONE',  ( 0.8660254037844363800, 0.5000000000000040000, -0.0000000000000000000 ) ) ;
#749 = CARTESIAN_POINT ( 'NONE',  ( -31.39442266550513600, -21.01232972293060900, 6.999999999999895200 ) ) ;
#750 = DIRECTION ( 'NONE',  ( -0.0000000000000000000, -0.0000000000000000000, -1.000000000000000000 ) ) ;
#751 = CARTESIAN_POINT ( 'NONE',  ( 22.82744667476370600, 4.690373759113496600, 19.99430002207962400 ) ) ;
#752 = CARTESIAN_POINT ( 'NONE',  ( 22.58455333211240700, 4.926864053406622400, 19.99856141262241100 ) ) ;
#753 = CARTESIAN_POINT ( 'NONE',  ( -1.999999999999999600, 5.656854249492379700, 20.58291489492222600 ) ) ;
#754 = CARTESIAN_POINT ( 'NONE',  ( 22.38105772614182600, 5.201027685730194200, 20.00000000000000000 ) ) ;
#755 = CARTESIAN_POINT ( 'NONE',  ( 24.01471721085328100, 4.053290587638349200, 14.80119978596550500 ) ) ;
#756 = DIRECTION ( 'NONE',  ( 1.000000000000000000, 0.0000000000000000000, 0.0000000000000000000 ) ) ;
#757 = DIRECTION ( 'NONE',  ( -0.0000000000000000000, -0.0000000000000000000, -1.000000000000000000 ) ) ;
#758 = CARTESIAN_POINT ( 'NONE',  ( 22.32643424863924200, 8.941281082734885600, 14.75947081278924600 ) ) ;
#759 = CARTESIAN_POINT ( 'NONE',  ( 24.93052067103947100, 7.093344702668370700, 14.69999999999999900 ) ) ;
#760 = DIRECTION ( 'NONE',  ( 1.000000000000000000, 0.0000000000000000000, 0.0000000000000000000 ) ) ;
#761 = DIRECTION ( 'NONE',  ( -0.0000000000000000000, -0.0000000000000000000, -1.000000000000000000 ) ) ;
#762 = DIRECTION ( 'NONE',  ( -1.000000000000000000, 0.0000000000000000000, 0.0000000000000000000 ) ) ;
#763 = DIRECTION ( 'NONE',  ( 0.0000000000000000000, 0.0000000000000000000, -1.000000000000000000 ) ) ;
#764 = CARTESIAN_POINT ( 'NONE',  ( 17.59248339087227100, 16.36474164457895600, 19.93970396452384400 ) ) ;
#765 = CARTESIAN_POINT ( 'NONE',  ( 17.52657342503753000, 15.99746480267388500, 19.96731174076991200 ) ) ;
#766 = DIRECTION ( 'NONE',  ( 0.0000000000000000000, 0.0000000000000000000, -1.000000000000000000 ) ) ;
#767 = CARTESIAN_POINT ( 'NONE',  ( 17.50960653110365000, 15.80887951508057700, 19.97716675966391300 ) ) ;
#768 = DIRECTION ( 'NONE',  ( 0.0000000000000000000, -1.000000000000000000, 0.0000000000000000000 ) ) ;
#769 = CARTESIAN_POINT ( 'NONE',  ( 17.50960653110382000, 15.62028977494749200, 19.98406175390649500 ) ) ;
#770 = CARTESIAN_POINT ( 'NONE',  ( 17.64140280515480800, 16.54493834967189200, 19.92191384231537700 ) ) ;
#771 = CARTESIAN_POINT ( 'NONE',  ( 22.86121657245304900, 0.0000000000000000000, 25.69938606051658800 ) ) ;
#772 = CARTESIAN_POINT ( 'NONE',  ( 17.59245598141172800, 16.36461820588700500, 14.76028541363379200 ) ) ;
#773 = CARTESIAN_POINT ( 'NONE',  ( 17.64136845362073200, 16.54484545609463500, 14.77807399734389400 ) ) ;
#774 = CARTESIAN_POINT ( 'NONE',  ( 17.70669609021138400, 16.72150474307588700, 14.80119978596192400 ) ) ;
#775 = CARTESIAN_POINT ( 'NONE',  ( 23.72115444633735800, 5.436511658314387400E-016, 14.73305089998739000 ) ) ;
#776 = CARTESIAN_POINT ( 'NONE',  ( 17.70669609022192500, 16.72150474310438600, 19.89880021403433500 ) ) ;
#777 = CARTESIAN_POINT ( 'NONE',  ( 17.50960653110382000, 15.62028977495018700, 14.71593824609358600 ) ) ;
#778 = CARTESIAN_POINT ( 'NONE',  ( 17.50960653110381700, 15.80920636881211500, 14.72284519037431700 ) ) ;
#779 = CARTESIAN_POINT ( 'NONE',  ( 0.0000000000000000000, 0.0000000000000000000, 14.69999999999999900 ) ) ;
#780 = CARTESIAN_POINT ( 'NONE',  ( 17.52656971228814700, 15.99741480205190100, 14.73268584447393600 ) ) ;
#781 = CARTESIAN_POINT ( 'NONE',  ( 17.70669609021139800, 16.72150474307588300, 20.00000000000000000 ) ) ;
#782 = DIRECTION ( 'NONE',  ( -0.0000000000000000000, -0.0000000000000000000, -1.000000000000000000 ) ) ;
#783 = CARTESIAN_POINT ( 'NONE',  ( 22.95566401667493400, -0.9999617403777648600, 14.69999999999999900 ) ) ;
#784 = CARTESIAN_POINT ( 'NONE',  ( 1.884325931247041100, 16.39246904556608800, 8.651197829802558900 ) ) ;
#785 = CARTESIAN_POINT ( 'NONE',  ( 23.04887853761511400, -0.8088106267819296100, 14.70089605280286600 ) ) ;
#786 = CARTESIAN_POINT ( 'NONE',  ( 1.987895242617292400, 16.38006671913291600, 8.524716319772007700 ) ) ;
#787 = CARTESIAN_POINT ( 'NONE',  ( 2.168796555366821400, 16.35709738065697700, 8.254116762039576100 ) ) ;
#788 = CARTESIAN_POINT ( 'NONE',  ( 2.247009907441107400, 16.34640515263480900, 8.108075737126478400 ) ) ;
#789 = CARTESIAN_POINT ( 'NONE',  ( 23.15973340338731700, -0.6297514609961313300, 14.70294839698402700 ) ) ;
#790 = CARTESIAN_POINT ( 'NONE',  ( 23.41568237331636800, -0.2951798822957496500, 14.71272407349679800 ) ) ;
#791 = CARTESIAN_POINT ( 'NONE',  ( 2.372489188570237500, 16.32866528496257500, 7.805096524315120000 ) ) ;
#792 = DIRECTION ( 'NONE',  ( 1.224646799147353200E-016, 1.000000000000000000, -0.0000000000000000000 ) ) ;
#793 = CARTESIAN_POINT ( 'NONE',  ( 2.419788605894430700, 16.32163192381478100, 7.649136412162961900 ) ) ;
#794 = CARTESIAN_POINT ( 'NONE',  ( 23.56261282563166800, -0.1384341602408268000, 14.72061867516149600 ) ) ;
#795 = CARTESIAN_POINT ( 'NONE',  ( 2.483740724856978500, 16.31202248543672800, 7.328309290912272000 ) ) ;
#796 = CARTESIAN_POINT ( 'NONE',  ( 2.500061069470465500, 16.30949706927706400, 7.162383622595404700 ) ) ;
#797 = CARTESIAN_POINT ( 'NONE',  ( 2.499938578969015200, 16.30951584521200800, 6.835741382717773500 ) ) ;
#798 = CARTESIAN_POINT ( 'NONE',  ( -16.30000000000000100, 1.996174282610186000E-015, 0.2000000000000005100 ) ) ;
#799 = CARTESIAN_POINT ( 'NONE',  ( 2.484028083579692400, 16.31197904417778600, 6.673357239591670300 ) ) ;
#800 = CARTESIAN_POINT ( 'NONE',  ( 2.419761688083167200, 16.32163623018822200, 6.350504514392333100 ) ) ;
#801 = DIRECTION ( 'NONE',  ( 1.000000000000000000, 0.0000000000000000000, 0.0000000000000000000 ) ) ;
#802 = CARTESIAN_POINT ( 'NONE',  ( 23.15974516547684600, -0.6297481447511705800, 19.99705037682738900 ) ) ;
#803 = CARTESIAN_POINT ( 'NONE',  ( 2.371653274315526100, 16.32878525351402000, 6.192680781445983700 ) ) ;
#804 = CARTESIAN_POINT ( 'NONE',  ( 2.246923141243718700, 16.34641561646748500, 5.891920593295885100 ) ) ;
#805 = CARTESIAN_POINT ( 'NONE',  ( 2.169420681271188500, 16.35701984801468700, 5.746752538404588300 ) ) ;
#806 = DIRECTION ( 'NONE',  ( -0.0000000000000000000, -0.0000000000000000000, -1.000000000000000000 ) ) ;
#807 = CARTESIAN_POINT ( 'NONE',  ( 23.04889924547055500, -0.8087681620496856000, 19.99910374813659800 ) ) ;
#808 = CARTESIAN_POINT ( 'NONE',  ( 16.50000000000000000, 2.020667218593133100E-015, 14.69999999999999900 ) ) ;
#809 = CARTESIAN_POINT ( 'NONE',  ( 23.56240950914375500, -0.1386116905773844300, 19.97939726813638100 ) ) ;
#810 = CARTESIAN_POINT ( 'NONE',  ( 23.41553635425323800, -0.2953587030061402000, 19.98728228007474400 ) ) ;
#811 = CARTESIAN_POINT ( 'NONE',  ( 3.061616293828322400E-016, 16.50000000000000000, 9.499999999999895200 ) ) ;
#812 = CARTESIAN_POINT ( 'NONE',  ( 17.50960653110382000, 15.62028977495031200, 20.00000000000000000 ) ) ;
#813 = CARTESIAN_POINT ( 'NONE',  ( 23.72115444633513400, 1.279070252211931700E-012, 19.96694910001311000 ) ) ;
#814 = DIRECTION ( 'NONE',  ( -0.0000000000000000000, -0.0000000000000000000, -1.000000000000000000 ) ) ;
#815 = CARTESIAN_POINT ( 'NONE',  ( -16.50000000000000000, 0.0000000000000000000, 14.69999999999999900 ) ) ;
#816 = DIRECTION ( 'NONE',  ( 0.0000000000000000000, 0.0000000000000000000, 1.000000000000000000 ) ) ;
#817 = CARTESIAN_POINT ( 'NONE',  ( 0.0000000000000000000, 0.0000000000000000000, 20.00000000000000000 ) ) ;
#818 = DIRECTION ( 'NONE',  ( 1.000000000000000000, 0.0000000000000000000, 0.0000000000000000000 ) ) ;
#819 = DIRECTION ( 'NONE',  ( -1.000000000000000000, 1.224646799147353900E-016, 0.0000000000000000000 ) ) ;
#820 = CARTESIAN_POINT ( 'NONE',  ( 0.0000000000000000000, 0.0000000000000000000, 0.0000000000000000000 ) ) ;
#821 = DIRECTION ( 'NONE',  ( 1.000000000000000000, 0.0000000000000000000, 0.0000000000000000000 ) ) ;
#822 = DIRECTION ( 'NONE',  ( 1.000000000000000000, 0.0000000000000000000, 0.0000000000000000000 ) ) ;
#823 = DIRECTION ( 'NONE',  ( 1.000000000000000000, 0.0000000000000000000, 0.0000000000000000000 ) ) ;
#824 = CARTESIAN_POINT ( 'NONE',  ( -2.168750457818342100, 16.35710463628083400, 8.254238341374412300 ) ) ;
#825 = CARTESIAN_POINT ( 'NONE',  ( -2.245643666777303400, 16.34659362163369800, 8.110841096106620200 ) ) ;
#826 = DIRECTION ( 'NONE',  ( 0.0000000000000000000, 0.0000000000000000000, 1.000000000000000000 ) ) ;
#827 = CARTESIAN_POINT ( 'NONE',  ( 0.0000000000000000000, 0.0000000000000000000, 14.69999999999999900 ) ) ;
#828 = DIRECTION ( 'NONE',  ( -1.000000000000000000, 0.0000000000000000000, 0.0000000000000000000 ) ) ;
#829 = DIRECTION ( 'NONE',  ( 0.0000000000000000000, 0.0000000000000000000, -1.000000000000000000 ) ) ;
#830 = CARTESIAN_POINT ( 'NONE',  ( 1.525328479163636600, 16.42990582014542500, 8.987426583087435400 ) ) ;
#831 = CARTESIAN_POINT ( 'NONE',  ( 0.0000000000000000000, 0.0000000000000000000, 0.0000000000000000000 ) ) ;
#832 = DIRECTION ( 'NONE',  ( 0.0000000000000000000, 0.0000000000000000000, 1.000000000000000000 ) ) ;
#833 = CARTESIAN_POINT ( 'NONE',  ( 0.0000000000000000000, 0.0000000000000000000, 20.00000000000000000 ) ) ;
#834 = DIRECTION ( 'NONE',  ( -0.0000000000000000000, -0.0000000000000000000, -1.000000000000000000 ) ) ;
#835 = CARTESIAN_POINT ( 'NONE',  ( -6.000000000000000000, 0.0000000000000000000, 20.58291489492222600 ) ) ;
#836 = DIRECTION ( 'NONE',  ( 0.0000000000000000000, 0.0000000000000000000, 1.000000000000000000 ) ) ;
#837 = CARTESIAN_POINT ( 'NONE',  ( -5.876394164538757200, -1.217482151552912200, 8.651457890905696500 ) ) ;
#838 = CARTESIAN_POINT ( 'NONE',  ( -5.823275220812711900, -1.450426443858407100, 8.880247706037597100 ) ) ;
#839 = CARTESIAN_POINT ( 'NONE',  ( -5.790405740031601100, -1.578082110554144900, 8.984901277060366500 ) ) ;
#840 = CARTESIAN_POINT ( 'NONE',  ( -5.711512083902110100, -1.843304504763698000, 9.165680390522361200 ) ) ;
#841 = CARTESIAN_POINT ( 'NONE',  ( -5.929648986369375800, -0.9211749752920845900, 8.257075663408736300 ) ) ;
#842 = CARTESIAN_POINT ( 'NONE',  ( -5.896981302432840800, -1.111265924706233100, 8.527018713323601100 ) ) ;
#843 = CARTESIAN_POINT ( 'NONE',  ( -5.958979269659876900, -0.7036716286300646100, 7.811832925201118300 ) ) ;
#844 = CARTESIAN_POINT ( 'NONE',  ( -5.941575554242593400, -0.8380140991665180300, 8.111834791422120700 ) ) ;
#845 = CARTESIAN_POINT ( 'NONE',  ( -5.972014569244679500, -0.5799404256904101600, 7.329511010374179000 ) ) ;
#846 = CARTESIAN_POINT ( 'NONE',  ( -5.964646969370228600, -0.6513642939271542300, 7.655627527475207500 ) ) ;
#847 = CARTESIAN_POINT ( 'NONE',  ( -5.973610906922794500, -0.5621145191978599300, 6.999999999999895200 ) ) ;
#848 = CARTESIAN_POINT ( 'NONE',  ( -5.973610906922793600, -0.5621145191978587100, 7.164665293118446200 ) ) ;
#849 = CARTESIAN_POINT ( 'NONE',  ( 0.0000000000000000000, 0.0000000000000000000, 20.00000000000000000 ) ) ;
#850 = CARTESIAN_POINT ( 'NONE',  ( -5.665332509084146700, -1.981876492192825600, 9.243014843877810800 ) ) ;
#851 = CARTESIAN_POINT ( 'NONE',  ( -3.589189938535708900, -4.808573226075606200, 7.813018653568291500 ) ) ;
#852 = CARTESIAN_POINT ( 'NONE',  ( -3.911265374388107800, -4.550970461943493600, 8.527666995109244800 ) ) ;
#853 = CARTESIAN_POINT ( 'NONE',  ( -3.762755797217121500, -4.674505084485250700, 8.257447606985508100 ) ) ;
#854 = CARTESIAN_POINT ( 'NONE',  ( -3.697674699282151900, -4.725660028367018500, 8.114680699740064900 ) ) ;
#855 = CARTESIAN_POINT ( 'NONE',  ( -3.994252142809396700, -4.478857330110454200, 8.653857809896512900 ) ) ;
#856 = CARTESIAN_POINT ( 'NONE',  ( -5.112778923190252700, -3.144333239566321000, 9.499911322868422700 ) ) ;
#857 = CARTESIAN_POINT ( 'NONE',  ( -5.025033812759732000, -3.282593701195211500, 9.483580527807591300 ) ) ;
#858 = CARTESIAN_POINT ( 'NONE',  ( -4.840063450784466400, -3.549672100192554400, 9.418564041430691700 ) ) ;
#859 = CARTESIAN_POINT ( 'NONE',  ( -4.743006454667511900, -3.677913288044144300, 9.369483030762820500 ) ) ;
#860 = CARTESIAN_POINT ( 'NONE',  ( -4.454201542436617700, -4.031465509329430900, 9.181206078729060100 ) ) ;
#861 = CARTESIAN_POINT ( 'NONE',  ( -4.256400119159020600, -4.235553172952680100, 8.995633197499756800 ) ) ;
#862 = CARTESIAN_POINT ( 'NONE',  ( -5.494176873303525900, -2.416652032132484700, 9.418486283563602500 ) ) ;
#863 = CARTESIAN_POINT ( 'NONE',  ( -5.355928139640266900, -2.709284097794636600, 9.483357951627942500 ) ) ;
#864 = CARTESIAN_POINT ( 'NONE',  ( -5.278190289251062600, -2.857979550192036600, 9.500087963840140800 ) ) ;
#865 = CARTESIAN_POINT ( 'NONE',  ( -5.555931781065402800, -2.270561365156125600, 9.370351792790828000 ) ) ;
#866 = CARTESIAN_POINT ( 'NONE',  ( -3.546001884561849900, -4.840157671242700100, 7.653353496548794200 ) ) ;
#867 = CARTESIAN_POINT ( 'NONE',  ( 24.93052067103947100, 7.093344702668370700, 14.69999999999999900 ) ) ;
#868 = DIRECTION ( 'NONE',  ( 0.0000000000000000000, 0.0000000000000000000, -1.000000000000000000 ) ) ;
#869 = DIRECTION ( 'NONE',  ( 0.0000000000000000000, -1.000000000000000000, 0.0000000000000000000 ) ) ;
#870 = CARTESIAN_POINT ( 'NONE',  ( 0.0000000000000000000, 7.799999999999999800, 6.999999999999895200 ) ) ;
#871 = DIRECTION ( 'NONE',  ( 0.0000000000000000000, 1.000000000000000000, -0.0000000000000000000 ) ) ;
#872 = CARTESIAN_POINT ( 'NONE',  ( 0.0000000000000000000, 7.800000000000001600, 6.999999999999895200 ) ) ;
#873 = DIRECTION ( 'NONE',  ( 1.000000000000000000, 0.0000000000000000000, 0.0000000000000000000 ) ) ;
#874 = DIRECTION ( 'NONE',  ( -0.0000000000000000000, -0.0000000000000000000, -1.000000000000000000 ) ) ;
#875 = DIRECTION ( 'NONE',  ( -0.0000000000000000000, -1.000000000000000000, -0.0000000000000000000 ) ) ;
#876 = CARTESIAN_POINT ( 'NONE',  ( 0.0000000000000000000, 27.84048434140092700, 4.499999999999894300 ) ) ;
#877 = DIRECTION ( 'NONE',  ( 0.0000000000000000000, 0.0000000000000000000, 1.000000000000000000 ) ) ;
#878 = CARTESIAN_POINT ( 'NONE',  ( -3.473610906922773600, -4.892241538120042100, 7.167272136614812400 ) ) ;
#879 = CARTESIAN_POINT ( 'NONE',  ( -3.473610906922773200, -4.892241538120041300, 6.999999999999895200 ) ) ;
#880 = DIRECTION ( 'NONE',  ( -0.0000000000000000000, -0.0000000000000000000, -1.000000000000000000 ) ) ;
#881 = CARTESIAN_POINT ( 'NONE',  ( 6.000000000000000000, 7.347880794884119700E-016, 20.58291489492222600 ) ) ;
#882 = CARTESIAN_POINT ( 'NONE',  ( -2.420576327259111000, 16.32151458818432800, 6.353930549855077100 ) ) ;
#883 = CARTESIAN_POINT ( 'NONE',  ( -2.483995453610369400, 16.31198316560080700, 6.673868006873419700 ) ) ;
#884 = CARTESIAN_POINT ( 'NONE',  ( -2.247213361059499100, 16.34637670809602700, 5.892379011768975200 ) ) ;
#885 = CARTESIAN_POINT ( 'NONE',  ( -2.372449088389619700, 16.32867063468756900, 6.194843203659437400 ) ) ;
#886 = CARTESIAN_POINT ( 'NONE',  ( -1.989214661127554100, 16.37990775095724100, 5.476935195766252200 ) ) ;
#887 = CARTESIAN_POINT ( 'NONE',  ( -2.170545023061320100, 16.35686666818487100, 5.748826283522517700 ) ) ;
#888 = CARTESIAN_POINT ( 'NONE',  ( -1.538978022574563700, 16.42970041053493800, 5.003132939690901000 ) ) ;
#889 = CARTESIAN_POINT ( 'NONE',  ( -1.883958141214005800, 16.39250069256147000, 5.348581042017965400 ) ) ;
#890 = CARTESIAN_POINT ( 'NONE',  ( -3.488586000056632700, -4.881702916812392000, 7.331313719075508200 ) ) ;
#891 = CARTESIAN_POINT ( 'NONE',  ( -2.500106729516007800, 16.30949007028738500, 6.836407325120628500 ) ) ;
#892 = CARTESIAN_POINT ( 'NONE',  ( -13.25428132426900200, -9.827890789300759900, 5.348680264852702300 ) ) ;
#893 = CARTESIAN_POINT ( 'NONE',  ( -13.86886211193461600, -8.940227431362942000, 4.628509457503439800 ) ) ;
#894 = CARTESIAN_POINT ( 'NONE',  ( -13.70217680301966600, -9.193658339482690100, 4.754362061681430200 ) ) ;
#895 = CARTESIAN_POINT ( 'NONE',  ( -13.62143509901224500, -9.312626468616445100, 4.831258133759604300 ) ) ;
#896 = CARTESIAN_POINT ( 'NONE',  ( -13.46603553901296400, -9.535952640539815000, 5.012571575191915800 ) ) ;
#897 = CARTESIAN_POINT ( 'NONE',  ( -13.39092256583321500, -9.640881890426181000, 5.118103217330431500 ) ) ;
#898 = CARTESIAN_POINT ( 'NONE',  ( -0.6558398306397712500, 16.48971547790361200, 9.434326551712109300 ) ) ;
#899 = CARTESIAN_POINT ( 'NONE',  ( -0.3264876076544248100, 16.50000000000000000, 9.499999999999895200 ) ) ;
#900 = CARTESIAN_POINT ( 'NONE',  ( 3.061616293828322400E-016, 16.50000000000000000, 9.499999999999895200 ) ) ;
#901 = DIRECTION ( 'NONE',  ( -0.0000000000000000000, -1.000000000000000000, -0.0000000000000000000 ) ) ;
#902 = CARTESIAN_POINT ( 'NONE',  ( 3.061616997868383600E-016, 27.84048434140092700, 9.499999999999895200 ) ) ;
#903 = DIRECTION ( 'NONE',  ( 0.8660254037844363800, 0.5000000000000040000, -0.0000000000000000000 ) ) ;
#904 = CARTESIAN_POINT ( 'NONE',  ( -33.89442266550515400, -16.68220270400842900, 6.999999999999895200 ) ) ;
#905 = CARTESIAN_POINT ( 'NONE',  ( -3.473610906922773200, -4.892241538120041300, 6.999999999999895200 ) ) ;
#906 = CARTESIAN_POINT ( 'NONE',  ( -3.473610906922773600, -4.892241538120041300, 6.832861363722235700 ) ) ;
#907 = CARTESIAN_POINT ( 'NONE',  ( -3.488861703693710800, -4.881506077620974400, 6.666590898420016000 ) ) ;
#908 = CARTESIAN_POINT ( 'NONE',  ( -3.546319059477101500, -4.839925485143399300, 6.345422195068202600 ) ) ;
#909 = CARTESIAN_POINT ( 'NONE',  ( -3.588489974271692700, -4.809103738440549100, 6.189045063738882700 ) ) ;
#910 = CARTESIAN_POINT ( 'NONE',  ( -3.697885053199522900, -4.725503697581338300, 5.884617559344636800 ) ) ;
#911 = CARTESIAN_POINT ( 'NONE',  ( -3.763216058161838400, -4.674117738585483300, 5.741751317218927400 ) ) ;
#912 = CARTESIAN_POINT ( 'NONE',  ( -3.910473159929688700, -4.551633926408856100, 5.473738165917589000 ) ) ;
#913 = CARTESIAN_POINT ( 'NONE',  ( -3.993331169620466100, -4.479700111948960600, 5.347387017693169900 ) ) ;
#914 = CARTESIAN_POINT ( 'NONE',  ( -4.169295623593408000, -4.316408336376757600, 5.117885328344943500 ) ) ;
#915 = CARTESIAN_POINT ( 'NONE',  ( -4.261606310468235600, -4.225861313822686100, 5.015355138190828100 ) ) ;
#916 = CARTESIAN_POINT ( 'NONE',  ( -4.452105355260378000, -4.024667699916073500, 4.834305500148946800 ) ) ;
#917 = CARTESIAN_POINT ( 'NONE',  ( -4.550801418670489300, -3.913249166842432700, 4.755757489261488200 ) ) ;
#918 = CARTESIAN_POINT ( 'NONE',  ( -4.840519375954637700, -3.558457888871673800, 4.567069785639251500 ) ) ;
#919 = CARTESIAN_POINT ( 'NONE',  ( -5.031534301151036300, -3.285166438585268400, 4.499952614154171500 ) ) ;
#920 = CARTESIAN_POINT ( 'NONE',  ( -5.278731156532888500, -2.856949660961070500, 4.500023731712675900 ) ) ;
#921 = CARTESIAN_POINT ( 'NONE',  ( -5.356445607855163400, -2.708272467781204500, 4.516779823342333500 ) ) ;
#922 = CARTESIAN_POINT ( 'NONE',  ( -5.494794959764257100, -2.415259335931006800, 4.581909653244470500 ) ) ;
#923 = CARTESIAN_POINT ( 'NONE',  ( -5.555963900460239000, -2.270380315806605600, 4.629821980623414200 ) ) ;
#924 = CARTESIAN_POINT ( 'NONE',  ( -5.664354859586574700, -1.984551754502111600, 4.755712018216151200 ) ) ;
#925 = CARTESIAN_POINT ( 'NONE',  ( -5.711479951263005000, -1.843379394530690400, 4.834302742373975700 ) ) ;
#926 = CARTESIAN_POINT ( 'NONE',  ( -5.790204026859181700, -1.578793258537447100, 5.014579917645281900 ) ) ;
#927 = CARTESIAN_POINT ( 'NONE',  ( -5.822497552034139500, -1.453615809013070400, 5.116899488626253300 ) ) ;
#928 = CARTESIAN_POINT ( 'NONE',  ( -5.876092407355916000, -1.219022019436251500, 5.346755610722503600 ) ) ;
#929 = CARTESIAN_POINT ( 'NONE',  ( -5.896888307020676100, -1.111722823496416000, 5.472496018393159500 ) ) ;
#930 = CARTESIAN_POINT ( 'NONE',  ( -5.929441248468301700, -0.9224672475067540200, 5.740927159517806200 ) ) ;
#931 = CARTESIAN_POINT ( 'NONE',  ( -5.941427934680350900, -0.8391098797938774100, 5.885912791936333700 ) ) ;
#932 = CARTESIAN_POINT ( 'NONE',  ( -5.959000599122669300, -0.7035503912466868300, 6.188244621273617500 ) ) ;
#933 = CARTESIAN_POINT ( 'NONE',  ( -5.964645092502522900, -0.6513712795588322300, 6.344637588307700900 ) ) ;
#934 = CARTESIAN_POINT ( 'NONE',  ( -5.971976894371071200, -0.5803168069654712800, 6.668475046257430700 ) ) ;
#935 = CARTESIAN_POINT ( 'NONE',  ( -5.973610906922795400, -0.5621145191978589300, 6.835466126689871300 ) ) ;
#936 = CARTESIAN_POINT ( 'NONE',  ( -5.973610906922794500, -0.5621145191978599300, 6.999999999999895200 ) ) ;
#937 = CARTESIAN_POINT ( 'NONE',  ( -15.37444689182550700, -5.989689705689021300, 6.999999999999893400 ) ) ;
#938 = CARTESIAN_POINT ( 'NONE',  ( -15.37444689182550700, -5.989689705689026600, 6.834602984281954000 ) ) ;
#939 = CARTESIAN_POINT ( 'NONE',  ( -15.36849885296157200, -6.005023725592920400, 6.671171113169815900 ) ) ;
#940 = CARTESIAN_POINT ( 'NONE',  ( -15.34460294578060800, -6.065824542035168000, 6.348179593252608800 ) ) ;
#941 = CARTESIAN_POINT ( 'NONE',  ( -15.32666711972594700, -6.111240420637687800, 6.190313592048389600 ) ) ;
#942 = CARTESIAN_POINT ( 'NONE',  ( -15.25585738288597200, -6.286871513236193600, 5.739440791518172900 ) ) ;
#943 = CARTESIAN_POINT ( 'NONE',  ( -15.18424795779007400, -6.460825476567686500, 5.461044903863546900 ) ) ;
#944 = CARTESIAN_POINT ( 'NONE',  ( -15.04374050771355300, -6.778590156305215300, 5.116059338522574300 ) ) ;
#945 = CARTESIAN_POINT ( 'NONE',  ( -14.99044249970079600, -6.896031225975147700, 5.010799117250623900 ) ) ;
#946 = CARTESIAN_POINT ( 'NONE',  ( -14.87436168736843600, -7.142966988570377000, 4.829464191158482600 ) ) ;
#947 = CARTESIAN_POINT ( 'NONE',  ( -14.81160724608820400, -7.272498873855128400, 4.752793230369423600 ) ) ;
#948 = CARTESIAN_POINT ( 'NONE',  ( -14.67558133900311800, -7.543226196058286700, 4.627553521270993300 ) ) ;
#949 = CARTESIAN_POINT ( 'NONE',  ( -14.60217075136735000, -7.684544358466940400, 4.579424991176746400 ) ) ;
#950 = CARTESIAN_POINT ( 'NONE',  ( -14.45036715305381800, -7.966335530924959900, 4.516004800496507900 ) ) ;
#951 = CARTESIAN_POINT ( 'NONE',  ( -14.37123082124077700, -8.108330300320757200, 4.499893574946416800 ) ) ;
#952 = CARTESIAN_POINT ( 'NONE',  ( -14.20598902554691600, -8.394472668519515700, 4.500107472664048200 ) ) ;
#953 = CARTESIAN_POINT ( 'NONE',  ( -14.12232377533277200, -8.534373588395178300, 4.516499505281973200 ) ) ;
#954 = CARTESIAN_POINT ( 'NONE',  ( -13.95429751100996500, -8.806426195446565700, 4.580333663720315600 ) ) ;
#955 = CARTESIAN_POINT ( 'NONE',  ( -1.107180338821307300, 16.46350091273859600, 9.247369486373619600 ) ) ;
#956 = CARTESIAN_POINT ( 'NONE',  ( -1.987442199390774500, 16.38012283637116100, 8.525341230460123000 ) ) ;
#957 = CARTESIAN_POINT ( 'NONE',  ( -1.881913610027442700, 16.39273761161988200, 8.653768163457197500 ) ) ;
#958 = CARTESIAN_POINT ( 'NONE',  ( -1.651339474685160200, 16.41756751709492700, 8.884045093254833600 ) ) ;
#959 = CARTESIAN_POINT ( 'NONE',  ( -1.525627187605376900, 16.42988733721923800, 8.987303736004607300 ) ) ;
#960 = CARTESIAN_POINT ( 'NONE',  ( -1.252838558861957500, 16.45293687384433300, 9.169633609650997400 ) ) ;
#961 = CARTESIAN_POINT ( 'NONE',  ( -2.499892216865620100, 16.30952295181649000, 7.166838623525979600 ) ) ;
#962 = CARTESIAN_POINT ( 'NONE',  ( -2.483500074594875900, 16.31205900690223500, 7.329824441671155100 ) ) ;
#963 = CARTESIAN_POINT ( 'NONE',  ( -2.419666882513868100, 16.32164985051569100, 7.649437418464629000 ) ) ;
#964 = CARTESIAN_POINT ( 'NONE',  ( -2.371492024968061800, 16.32881085947427700, 7.808027842620111500 ) ) ;
#965 = B_SPLINE_CURVE_WITH_KNOTS ( 'NONE', 3,
 ( #4103, #4101, #4100, #4099, #4097, #4096 ),
 .UNSPECIFIED., .F., .F.,
 ( 4, 2, 4 ),
 ( 1.991857477419547000E-007, 0.001012646892384920800, 0.002025094599022099600 ),
 .UNSPECIFIED. ) ;
#966 = B_SPLINE_CURVE_WITH_KNOTS ( 'NONE', 3,
 ( #4094, #4093, #4092, #4091, #4090, #4088 ),
 .UNSPECIFIED., .F., .F.,
 ( 4, 2, 4 ),
 ( 5.261891878944032600E-005, 0.001065223421249133800, 0.002077827923708827300 ),
 .UNSPECIFIED. ) ;
#967 = B_SPLINE_CURVE_WITH_KNOTS ( 'NONE', 3,
 ( #3913, #3912, #3906, #3902, #3897, #3894 ),
 .UNSPECIFIED., .F., .F.,
 ( 4, 2, 4 ),
 ( 2.014801261028007200E-007, 0.001012649218956010200, 0.002025096957785918000 ),
 .UNSPECIFIED. ) ;
#968 = B_SPLINE_CURVE_WITH_KNOTS ( 'NONE', 3,
 ( #4124, #4123, #4122, #4121, #4120, #4119 ),
 .UNSPECIFIED., .F., .F.,
 ( 4, 2, 4 ),
 ( 2.242210123590810600E-007, 0.002065006956488335900, 0.004129789691964313100 ),
 .UNSPECIFIED. ) ;
#969 = B_SPLINE_CURVE_WITH_KNOTS ( 'NONE', 3,
 ( #4075, #4073, #4072, #4071, #4070, #4068 ),
 .UNSPECIFIED., .F., .F.,
 ( 4, 2, 4 ),
 ( 4.978491404462987800E-007, 0.002065280584628539700, 0.004130063320116633500 ),
 .UNSPECIFIED. ) ;
#970 = B_SPLINE_CURVE_WITH_KNOTS ( 'NONE', 3,
 ( #4112, #4111, #4110, #4109 ),
 .UNSPECIFIED., .F., .F.,
 ( 4, 4 ),
 ( 5.261891880556832100E-005, 0.0009560607674029690800 ),
 .UNSPECIFIED. ) ;
#971 = B_SPLINE_CURVE_WITH_KNOTS ( 'NONE', 3,
 ( #4193, #4191, #4190, #4189, #4188, #4187 ),
 .UNSPECIFIED., .F., .F.,
 ( 4, 2, 4 ),
 ( 2.655025681756577300E-007, 0.002065048238077605700, 0.004129830973587034900 ),
 .UNSPECIFIED. ) ;
#972 = B_SPLINE_CURVE_WITH_KNOTS ( 'NONE', 3,
 ( #4118, #4117, #4116, #4115, #4114, #4113 ),
 .UNSPECIFIED., .F., .F.,
 ( 4, 2, 4 ),
 ( 2.258019865840491000E-007, 0.002065008537575764000, 0.004129791273164944500 ),
 .UNSPECIFIED. ) ;
#973 = B_SPLINE_CURVE_WITH_KNOTS ( 'NONE', 3,
 ( #4186, #4185, #4184, #4182, #4181, #4180 ),
 .UNSPECIFIED., .F., .F.,
 ( 4, 2, 4 ),
 ( 3.003290700051113700E-007, 0.002065083064654637200, 0.004129865800239268900 ),
 .UNSPECIFIED. ) ;
#974 = B_SPLINE_CURVE_WITH_KNOTS ( 'NONE', 3,
 ( #4214, #4213, #4212, #4211, #4210, #4208 ),
 .UNSPECIFIED., .F., .F.,
 ( 4, 2, 4 ),
 ( 2.027670096060804900E-007, 0.002064985502597913900, 0.004129768238186222300 ),
 .UNSPECIFIED. ) ;
#975 = B_SPLINE_CURVE_WITH_KNOTS ( 'NONE', 3,
 ( #4231, #4230, #4229, #4228, #4227, #4226 ),
 .UNSPECIFIED., .F., .F.,
 ( 4, 2, 4 ),
 ( 2.460361388503237400E-007, 0.001012694400170576500, 0.002025142764202302700 ),
 .UNSPECIFIED. ) ;
#976 = B_SPLINE_CURVE_WITH_KNOTS ( 'NONE', 3,
 ( #3789, #3787, #3784, #3782, #3780, #4302 ),
 .UNSPECIFIED., .F., .F.,
 ( 4, 2, 4 ),
 ( 4.978491785036477100E-007, 0.002065280584656764000, 0.004130063320135025000 ),
 .UNSPECIFIED. ) ;
#977 = B_SPLINE_CURVE_WITH_KNOTS ( 'NONE', 3,
 ( #4040, #4039, #4038, #4037, #4036, #4034 ),
 .UNSPECIFIED., .F., .F.,
 ( 4, 2, 4 ),
 ( 2.335834613697704500E-007, 0.002065016319051143400, 0.004129799054640917600 ),
 .UNSPECIFIED. ) ;
#978 = B_SPLINE_CURVE_WITH_KNOTS ( 'NONE', 3,
 ( #4067, #4066, #4065, #4064, #4063, #4061 ),
 .UNSPECIFIED., .F., .F.,
 ( 4, 2, 4 ),
 ( 2.118695325653318700E-007, 0.002064994605122241900, 0.004129777340711919000 ),
 .UNSPECIFIED. ) ;
#979 = B_SPLINE_CURVE_WITH_KNOTS ( 'NONE', 3,
 ( #3826, #3822, #3821, #3813, #3809, #3803 ),
 .UNSPECIFIED., .F., .F.,
 ( 4, 2, 4 ),
 ( 2.056025890494864000E-007, 0.001012653399266172700, 0.002025101195943295900 ),
 .UNSPECIFIED. ) ;
#980 = B_SPLINE_CURVE_WITH_KNOTS ( 'NONE', 3,
 ( #3871, #3870, #3862, #3859, #3853, #3851 ),
 .UNSPECIFIED., .F., .F.,
 ( 4, 2, 4 ),
 ( 5.261891880560315100E-005, 0.001065223453324555300, 0.002077827987843507500 ),
 .UNSPECIFIED. ) ;
#981 = B_SPLINE_CURVE_WITH_KNOTS ( 'NONE', 3,
 ( #4082, #4081, #4080, #4079 ),
 .UNSPECIFIED., .F., .F.,
 ( 4, 4 ),
 ( 0.001122386608736090600, 0.002025107507210177900 ),
 .UNSPECIFIED. ) ;
#982 = B_SPLINE_CURVE_WITH_KNOTS ( 'NONE', 3,
 ( #4254, #4251, #4250, #4249, #4248, #4247 ),
 .UNSPECIFIED., .F., .F.,
 ( 4, 2, 4 ),
 ( 2.026411691746772000E-007, 0.001012650396290592300, 0.002025098151412009600 ),
 .UNSPECIFIED. ) ;
#983 = B_SPLINE_CURVE_WITH_KNOTS ( 'NONE', 3,
 ( #4244, #4243, #4242, #4241, #4240, #4238 ),
 .UNSPECIFIED., .F., .F.,
 ( 4, 2, 4 ),
 ( 5.261891880559060100E-005, 0.001065223469546958300, 0.002077828020288326000 ),
 .UNSPECIFIED. ) ;
#984 = B_SPLINE_CURVE_WITH_KNOTS ( 'NONE', 3,
 ( #4283, #4281, #4280, #4279, #4278, #4276 ),
 .UNSPECIFIED., .F., .F.,
 ( 4, 2, 4 ),
 ( 2.769532807023979300E-007, 0.002065059688798380900, 0.004129842424316059600 ),
 .UNSPECIFIED. ) ;
#985 = B_SPLINE_CURVE_WITH_KNOTS ( 'NONE', 3,
 ( #3964, #3962, #3961, #3960, #3959, #3958 ),
 .UNSPECIFIED., .F., .F.,
 ( 4, 2, 4 ),
 ( 3.068507152749643400E-007, 0.002065089586252406400, 0.004129872321789537400 ),
 .UNSPECIFIED. ) ;
#986 = B_SPLINE_CURVE_WITH_KNOTS ( 'NONE', 3,
 ( #3956, #3955, #3953, #3952, #3950, #3949 ),
 .UNSPECIFIED., .F., .F.,
 ( 4, 2, 4 ),
 ( 2.797559028391278800E-007, 0.002065062491492632500, 0.004129845227082425800 ),
 .UNSPECIFIED. ) ;
#987 = B_SPLINE_CURVE_WITH_KNOTS ( 'NONE', 3,
 ( #4263, #4262, #4261, #4259, #4258, #4257 ),
 .UNSPECIFIED., .F., .F.,
 ( 4, 2, 4 ),
 ( 5.261891880519377600E-005, 0.001065224075859384100, 0.002077829232913574500 ),
 .UNSPECIFIED. ) ;
#988 = B_SPLINE_CURVE_WITH_KNOTS ( 'NONE', 3,
 ( #3983, #3982, #3981, #3980, #3979, #3978 ),
 .UNSPECIFIED., .F., .F.,
 ( 4, 2, 4 ),
 ( 1.987408725818900100E-007, 0.002064981476461542600, 0.004129764212050503200 ),
 .UNSPECIFIED. ) ;
#989 = B_SPLINE_CURVE_WITH_KNOTS ( 'NONE', 3,
 ( #4003, #4002, #4000, #3999, #3998, #3995 ),
 .UNSPECIFIED., .F., .F.,
 ( 4, 2, 4 ),
 ( 2.201949896821221000E-007, 0.001012668196423964100, 0.002025116197858245800 ),
 .UNSPECIFIED. ) ;
#990 = B_SPLINE_CURVE_WITH_KNOTS ( 'NONE', 3,
 ( #4275, #4274, #4273, #4272, #4270, #4269 ),
 .UNSPECIFIED., .F., .F.,
 ( 4, 2, 4 ),
 ( 2.503448878715243200E-007, 0.002065033080477646700, 0.004129815816067421300 ),
 .UNSPECIFIED. ) ;
#991 = B_SPLINE_CURVE_WITH_KNOTS ( 'NONE', 3,
 ( #4221, #4219, #4218, #4217, #4216, #4215 ),
 .UNSPECIFIED., .F., .F.,
 ( 4, 2, 4 ),
 ( 4.978491741885021000E-007, 0.002065280584653587300, 0.004130063320132986700 ),
 .UNSPECIFIED. ) ;
#992 = B_SPLINE_CURVE_WITH_KNOTS ( 'NONE', 3,
 ( #4022, #4021, #4020, #4019, #4018, #4017 ),
 .UNSPECIFIED., .F., .F.,
 ( 4, 2, 4 ),
 ( 1.986185234358886600E-007, 0.001012646317199999400, 0.002025094015876562900 ),
 .UNSPECIFIED. ) ;
#993 = B_SPLINE_CURVE_WITH_KNOTS ( 'NONE', 3,
 ( #4014, #4012, #4010, #4009, #4008, #4007 ),
 .UNSPECIFIED., .F., .F.,
 ( 4, 2, 4 ),
 ( 5.261891880553553700E-005, 0.001065223413341576400, 0.002077827907877617200 ),
 .UNSPECIFIED. ) ;
#994 = B_SPLINE_CURVE_WITH_KNOTS ( 'NONE', 3,
 ( #4301, #4300, #4299, #4298, #4296, #4294 ),
 .UNSPECIFIED., .F., .F.,
 ( 4, 2, 4 ),
 ( 2.016031806696324300E-007, 0.002064984338770074700, 0.004129767074359479800 ),
 .UNSPECIFIED. ) ;
#995 = B_SPLINE_CURVE_WITH_KNOTS ( 'NONE', 3,
 ( #4029, #4028, #4027, #4026, #4025, #4024 ),
 .UNSPECIFIED., .F., .F.,
 ( 4, 2, 4 ),
 ( 5.261891879420403200E-005, 0.001065223714791444700, 0.002077828510788685100 ),
 .UNSPECIFIED. ) ;
#996 = B_SPLINE_CURVE_WITH_KNOTS ( 'NONE', 3,
 ( #4047, #4045, #4044, #4043, #4042, #4041 ),
 .UNSPECIFIED., .F., .F.,
 ( 4, 2, 4 ),
 ( 2.478676489072623900E-007, 0.002065030603144773500, 0.004129813338640640200 ),
 .UNSPECIFIED. ) ;
#997 = B_SPLINE_CURVE_WITH_KNOTS ( 'NONE', 3,
 ( #3939, #3937, #3934, #3930, #3925, #3921 ),
 .UNSPECIFIED., .F., .F.,
 ( 4, 2, 4 ),
 ( 5.261891880529285200E-005, 0.001065223510922780100, 0.002077828103040267600 ),
 .UNSPECIFIED. ) ;
#998 = B_SPLINE_CURVE_WITH_KNOTS ( 'NONE', 3,
 ( #3992, #3991, #3990, #3989, #3987, #3985 ),
 .UNSPECIFIED., .F., .F.,
 ( 4, 2, 4 ),
 ( 4.978491891143264200E-007, 0.002065280584664532600, 0.004130063320139950800 ),
 .UNSPECIFIED. ) ;
#999 = VECTOR ( 'NONE', #903, 999.9999999999998900 ) ;
#1000 = CIRCLE ( 'NONE', #1004, 2.500000000000000400 ) ;
#1001 = CIRCLE ( 'NONE', #2762, 2.500000000000000400 ) ;
#1002 = VECTOR ( 'NONE', #901, 1000.000000000000000 ) ;
#1003 = CIRCLE ( 'NONE', #2764, 3.174999999999997200 ) ;
#1004 = AXIS2_PLACEMENT_3D ( 'NONE', #747, #746, #731 ) ;
#1005 = B_SPLINE_CURVE_WITH_KNOTS ( 'NONE', 3,
 ( #3751, #3750, #3749, #3747, #3746, #3745 ),
 .UNSPECIFIED., .F., .F.,
 ( 4, 2, 4 ),
 ( 2.403134047088318200E-007, 0.002065023048992982000, 0.004129805784581255300 ),
 .UNSPECIFIED. ) ;
#1006 = B_SPLINE_CURVE_WITH_KNOTS ( 'NONE', 3,
 ( #3555, #3548, #3545, #3541, #3533, #3532 ),
 .UNSPECIFIED., .F., .F.,
 ( 4, 2, 4 ),
 ( 4.978490509948624000E-007, 0.002065280584560455200, 0.004130063320069914800 ),
 .UNSPECIFIED. ) ;
#1007 = B_SPLINE_CURVE_WITH_KNOTS ( 'NONE', 3,
 ( #3759, #3758, #3756, #3755, #3753, #3752 ),
 .UNSPECIFIED., .F., .F.,
 ( 4, 2, 4 ),
 ( 2.281124449455727000E-007, 0.002065010847924312700, 0.004129793583403680100 ),
 .UNSPECIFIED. ) ;
#1008 = B_SPLINE_CURVE_WITH_KNOTS ( 'NONE', 3,
 ( #3739, #3738, #3737, #3736, #3735, #3734 ),
 .UNSPECIFIED., .F., .F.,
 ( 4, 2, 4 ),
 ( 5.261891880522147800E-005, 0.001065223469545126200, 0.002077828020285030900 ),
 .UNSPECIFIED. ) ;
#1009 = B_SPLINE_CURVE_WITH_KNOTS ( 'NONE', 3,
 ( #3522, #3514, #3510, #3503, #3774, #3773 ),
 .UNSPECIFIED., .F., .F.,
 ( 4, 2, 4 ),
 ( 2.360027184097087900E-007, 0.002065018738303071500, 0.004129801473887733500 ),
 .UNSPECIFIED. ) ;
#1010 = CIRCLE ( 'NONE', #1052, 16.50000000000000000 ) ;
#1011 = CIRCLE ( 'NONE', #407, 0.1999999999999987900 ) ;
#1012 = AXIS2_PLACEMENT_3D ( 'NONE', #779, #727, #823 ) ;
#1013 = LOCAL_TIME ( 11, 53, 52.00000000000000000, #2755 ) ;
#1014 = LOCAL_TIME ( 11, 53, 52.00000000000000000, #2750 ) ;
#1015 = LOCAL_TIME ( 11, 53, 52.00000000000000000, #2743 ) ;
#1016 = AXIS2_PLACEMENT_3D ( 'NONE', #771, #768, #766 ) ;
#1017 =( GEOMETRIC_REPRESENTATION_CONTEXT ( 3 ) GLOBAL_UNCERTAINTY_ASSIGNED_CONTEXT ( ( #1577 ) ) GLOBAL_UNIT_ASSIGNED_CONTEXT ( ( #50, #54, #58 ) ) REPRESENTATION_CONTEXT ( 'NONE', 'WORKASPACE' ) );
#1018 = LOCAL_TIME ( 11, 53, 52.00000000000000000, #2733 ) ;
#1019 = LOCAL_TIME ( 11, 53, 52.00000000000000000, #2738 ) ;
#1020 = EDGE_CURVE ( 'NONE', #3159, #3167, #2401, .T. ) ;
#1021 = EDGE_CURVE ( 'NONE', #3160, #3164, #2398, .T. ) ;
#1022 = EDGE_CURVE ( 'NONE', #3167, #3160, #3169, .T. ) ;
#1023 = EDGE_CURVE ( 'NONE', #3166, #3163, #3170, .T. ) ;
#1024 = EDGE_CURVE ( 'NONE', #3166, #3158, #2402, .T. ) ;
#1025 = EDGE_CURVE ( 'NONE', #3162, #3163, #1000, .T. ) ;
#1027 = EDGE_CURVE ( 'NONE', #4882, #4881, #2397, .T. ) ;
#1026 = CIRCLE ( 'NONE', #1012, 22.97743314490728400 ) ;
#1028 = EDGE_CURVE ( 'NONE', #3159, #3164, #3171, .T. ) ;
#1029 = EDGE_CURVE ( 'NONE', #4880, #4883, #3445, .T. ) ;
#1030 = EDGE_CURVE ( 'NONE', #3162, #3157, #1001, .T. ) ;
#1031 = EDGE_CURVE ( 'NONE', #4880, #3133, #1003, .T. ) ;
#1032 = EDGE_CURVE ( 'NONE', #3156, #3157, #2769, .T. ) ;
#1033 = EDGE_CURVE ( 'NONE', #3158, #3156, #3172, .T. ) ;
#1034 = EDGE_CURVE ( 'NONE', #3154, #3153, #3173, .T. ) ;
#1035 = EDGE_CURVE ( 'NONE', #3164, #3160, #3465, .T. ) ;
#1036 = EDGE_CURVE ( 'NONE', #3155, #3154, #2759, .T. ) ;
#1037 = AXIS2_PLACEMENT_3D ( 'NONE', #817, #816, #801 ) ;
#1038 = EDGE_CURVE ( 'NONE', #3153, #3152, #2767, .T. ) ;
#1039 = EDGE_CURVE ( 'NONE', #3155, #3152, #3174, .T. ) ;
#1040 = EDGE_CURVE ( 'NONE', #3151, #3155, #128, .T. ) ;
#1041 = EDGE_CURVE ( 'NONE', #3152, #3150, #132, .T. ) ;
#1042 = EDGE_CURVE ( 'NONE', #3151, #3150, #3175, .T. ) ;
#1043 = CIRCLE ( 'NONE', #1037, 22.97743314490599800 ) ;
#1044 = EDGE_CURVE ( 'NONE', #3165, #3149, #125, .T. ) ;
#1045 = EDGE_CURVE ( 'NONE', #3161, #3165, #1026, .T. ) ;
#1046 = EDGE_CURVE ( 'NONE', #3149, #3161, #3469, .T. ) ;
#1047 = EDGE_CURVE ( 'NONE', #3147, #3146, #2760, .T. ) ;
#1048 = EDGE_CURVE ( 'NONE', #3148, #3147, #3466, .T. ) ;
#1049 = EDGE_CURVE ( 'NONE', #3148, #3146, #1043, .T. ) ;
#1050 = EDGE_CURVE ( 'NONE', #3145, #3143, #1011, .T. ) ;
#1051 = EDGE_CURVE ( 'NONE', #3145, #3144, #408, .T. ) ;
#1052 = AXIS2_PLACEMENT_3D ( 'NONE', #827, #826, #818 ) ;
#1053 = EDGE_CURVE ( 'NONE', #3142, #3143, #2587, .T. ) ;
#1054 = EDGE_CURVE ( 'NONE', #3144, #3142, #3196, .T. ) ;
#1055 = EDGE_CURVE ( 'NONE', #3158, #3166, #3443, .T. ) ;
#1056 = EDGE_CURVE ( 'NONE', #3141, #3142, #3176, .T. ) ;
#1057 = EDGE_CURVE ( 'NONE', #3141, #3140, #1010, .T. ) ;
#1058 = EDGE_CURVE ( 'NONE', #3140, #3143, #3177, .T. ) ;
#1059 = EDGE_CURVE ( 'NONE', #3139, #3137, #3178, .T. ) ;
#1060 = EDGE_CURVE ( 'NONE', #3139, #3138, #3435, .T. ) ;
#1061 = EDGE_CURVE ( 'NONE', #3136, #3137, #3442, .T. ) ;
#1062 = EDGE_CURVE ( 'NONE', #3138, #3136, #3179, .T. ) ;
#1063 = EDGE_CURVE ( 'NONE', #3135, #3133, #3180, .T. ) ;
#1064 = EDGE_CURVE ( 'NONE', #3135, #3134, #3204, .T. ) ;
#1065 = EDGE_CURVE ( 'NONE', #3133, #3132, #3199, .T. ) ;
#1066 = EDGE_CURVE ( 'NONE', #3131, #3132, #3499, .T. ) ;
#1067 = EDGE_CURVE ( 'NONE', #3130, #3131, #3181, .T. ) ;
#1068 = EDGE_CURVE ( 'NONE', #3134, #3130, #3431, .T. ) ;
#1069 = EDGE_CURVE ( 'NONE', #3129, #3128, #3182, .T. ) ;
#1070 = EDGE_CURVE ( 'NONE', #3129, #3148, #3209, .T. ) ;
#1071 = EDGE_CURVE ( 'NONE', #3128, #3161, #3202, .T. ) ;
#1072 = EDGE_CURVE ( 'NONE', #3127, #3149, #3491, .T. ) ;
#1073 = EDGE_CURVE ( 'NONE', #3126, #3127, #3183, .T. ) ;
#1074 = EDGE_CURVE ( 'NONE', #3147, #3126, #3497, .T. ) ;
#1075 = EDGE_CURVE ( 'NONE', #3125, #3123, #3184, .T. ) ;
#1076 = EDGE_CURVE ( 'NONE', #3125, #3124, #3487, .T. ) ;
#1077 = EDGE_CURVE ( 'NONE', #3122, #3123, #3486, .T. ) ;
#1078 = EDGE_CURVE ( 'NONE', #3122, #3121, #3213, .T. ) ;
#1079 = EDGE_CURVE ( 'NONE', #3120, #3121, #3476, .T. ) ;
#1080 = EDGE_CURVE ( 'NONE', #3119, #3120, #3185, .T. ) ;
#1081 = EDGE_CURVE ( 'NONE', #3118, #3119, #3488, .T. ) ;
#1082 = EDGE_CURVE ( 'NONE', #3124, #3118, #3218, .T. ) ;
#1083 = EDGE_CURVE ( 'NONE', #3117, #3115, #3186, .T. ) ;
#1084 = EDGE_CURVE ( 'NONE', #3117, #3116, #3468, .T. ) ;
#1085 = EDGE_CURVE ( 'NONE', #3114, #3115, #3478, .T. ) ;
#1086 = EDGE_CURVE ( 'NONE', #3114, #3113, #3215, .T. ) ;
#1087 = EDGE_CURVE ( 'NONE', #3112, #3113, #3470, .T. ) ;
#1088 = EDGE_CURVE ( 'NONE', #3111, #3112, #3187, .T. ) ;
#1089 = EDGE_CURVE ( 'NONE', #3110, #3111, #3475, .T. ) ;
#1090 = EDGE_CURVE ( 'NONE', #3116, #3110, #3219, .T. ) ;
#1091 = EDGE_CURVE ( 'NONE', #3109, #3156, #3225, .T. ) ;
#1092 = EDGE_CURVE ( 'NONE', #3109, #3108, #3188, .T. ) ;
#1093 = EDGE_CURVE ( 'NONE', #3157, #3107, #3189, .T. ) ;
#1094 = EDGE_CURVE ( 'NONE', #3107, #3108, #3190, .T. ) ;
#1095 = EDGE_CURVE ( 'NONE', #3106, #3104, #3229, .T. ) ;
#1096 = EDGE_CURVE ( 'NONE', #3106, #3105, #3463, .T. ) ;
#1097 = EDGE_CURVE ( 'NONE', #3103, #3104, #3467, .T. ) ;
#1098 = EDGE_CURVE ( 'NONE', #3102, #3103, #3191, .T. ) ;
#1099 = EDGE_CURVE ( 'NONE', #3101, #3102, #3452, .T. ) ;
#1100 = EDGE_CURVE ( 'NONE', #3100, #3101, #3224, .T. ) ;
#1101 = EDGE_CURVE ( 'NONE', #3099, #3100, #3449, .T. ) ;
#1102 = EDGE_CURVE ( 'NONE', #3099, #3105, #3192, .T. ) ;
#1103 = EDGE_CURVE ( 'NONE', #3097, #3098, #3193, .T. ) ;
#1104 = EDGE_CURVE ( 'NONE', #3098, #3103, #3473, .T. ) ;
#1105 = EDGE_CURVE ( 'NONE', #3102, #3097, #3461, .T. ) ;
#1106 = EDGE_CURVE ( 'NONE', #3095, #3096, #3194, .T. ) ;
#1107 = EDGE_CURVE ( 'NONE', #3098, #3096, #2325, .T. ) ;
#1108 = EDGE_CURVE ( 'NONE', #3097, #3095, #3234, .T. ) ;
#1109 = EDGE_CURVE ( 'NONE', #3093, #3094, #2404, .T. ) ;
#1110 = EDGE_CURVE ( 'NONE', #3094, #3096, #3429, .T. ) ;
#1111 = EDGE_CURVE ( 'NONE', #3095, #3093, #3471, .T. ) ;
#1112 = EDGE_CURVE ( 'NONE', #3092, #3091, #2328, .T. ) ;
#1113 = EDGE_CURVE ( 'NONE', #3092, #3094, #3440, .T. ) ;
#1114 = EDGE_CURVE ( 'NONE', #3090, #3091, #3502, .T. ) ;
#1115 = EDGE_CURVE ( 'NONE', #3089, #3090, #2405, .T. ) ;
#1116 = EDGE_CURVE ( 'NONE', #3088, #3089, #3457, .T. ) ;
#1117 = EDGE_CURVE ( 'NONE', #3087, #3088, #2332, .T. ) ;
#1118 = EDGE_CURVE ( 'NONE', #3093, #3087, #3501, .T. ) ;
#1119 = EDGE_CURVE ( 'NONE', #3085, #3086, #2406, .T. ) ;
#1120 = EDGE_CURVE ( 'NONE', #3086, #3090, #3462, .T. ) ;
#1121 = EDGE_CURVE ( 'NONE', #3089, #3085, #3500, .T. ) ;
#1122 = EDGE_CURVE ( 'NONE', #3083, #3084, #2407, .T. ) ;
#1123 = EDGE_CURVE ( 'NONE', #3086, #3084, #2339, .T. ) ;
#1124 = EDGE_CURVE ( 'NONE', #3085, #3083, #2337, .T. ) ;
#1125 = EDGE_CURVE ( 'NONE', #3081, #3082, #2408, .T. ) ;
#1126 = EDGE_CURVE ( 'NONE', #3082, #3084, #3495, .T. ) ;
#1127 = EDGE_CURVE ( 'NONE', #3083, #3081, #3498, .T. ) ;
#1128 = EDGE_CURVE ( 'NONE', #3078, #3080, #2409, .T. ) ;
#1129 = EDGE_CURVE ( 'NONE', #3080, #3079, #3494, .T. ) ;
#1130 = EDGE_CURVE ( 'NONE', #3077, #3078, #3493, .T. ) ;
#1131 = EDGE_CURVE ( 'NONE', #3076, #3077, #2330, .T. ) ;
#1132 = EDGE_CURVE ( 'NONE', #3081, #3076, #3492, .T. ) ;
#1133 = EDGE_CURVE ( 'NONE', #3075, #3082, #3496, .T. ) ;
#1134 = EDGE_CURVE ( 'NONE', #3075, #3079, #2347, .T. ) ;
#1135 = EDGE_CURVE ( 'NONE', #3073, #3074, #2410, .T. ) ;
#1136 = EDGE_CURVE ( 'NONE', #3074, #3080, #3489, .T. ) ;
#1137 = EDGE_CURVE ( 'NONE', #3078, #3073, #3490, .T. ) ;
#1138 = EDGE_CURVE ( 'NONE', #3071, #3072, #2411, .T. ) ;
#1139 = EDGE_CURVE ( 'NONE', #3074, #3072, #2350, .T. ) ;
#1140 = EDGE_CURVE ( 'NONE', #3073, #3071, #2334, .T. ) ;
#1141 = EDGE_CURVE ( 'NONE', #3069, #3070, #2412, .T. ) ;
#1142 = EDGE_CURVE ( 'NONE', #3070, #3072, #3483, .T. ) ;
#1143 = EDGE_CURVE ( 'NONE', #3071, #3069, #3485, .T. ) ;
#1144 = EDGE_CURVE ( 'NONE', #3068, #3067, #2344, .T. ) ;
#1145 = EDGE_CURVE ( 'NONE', #3068, #3070, #3482, .T. ) ;
#1146 = EDGE_CURVE ( 'NONE', #3066, #3067, #3480, .T. ) ;
#1147 = EDGE_CURVE ( 'NONE', #3065, #3066, #2413, .T. ) ;
#1148 = EDGE_CURVE ( 'NONE', #3064, #3065, #3481, .T. ) ;
#1149 = EDGE_CURVE ( 'NONE', #3063, #3064, #2353, .T. ) ;
#1150 = EDGE_CURVE ( 'NONE', #3069, #3063, #3479, .T. ) ;
#1151 = EDGE_CURVE ( 'NONE', #3061, #3062, #2414, .T. ) ;
#1152 = EDGE_CURVE ( 'NONE', #3062, #3066, #3484, .T. ) ;
#1153 = EDGE_CURVE ( 'NONE', #3065, #3061, #3477, .T. ) ;
#1154 = EDGE_CURVE ( 'NONE', #3059, #3060, #2415, .T. ) ;
#1155 = EDGE_CURVE ( 'NONE', #3062, #3060, #2363, .T. ) ;
#1156 = EDGE_CURVE ( 'NONE', #3061, #3059, #2361, .T. ) ;
#1157 = EDGE_CURVE ( 'NONE', #3057, #3058, #2416, .T. ) ;
#1158 = EDGE_CURVE ( 'NONE', #3058, #3060, #3472, .T. ) ;
#1159 = EDGE_CURVE ( 'NONE', #3059, #3057, #3474, .T. ) ;
#1160 = EDGE_CURVE ( 'NONE', #3056, #3055, #2358, .T. ) ;
#1161 = ADVANCED_FACE ( 'NONE', ( #2417 ), #3168, .F. ) ;
#1162 = ADVANCED_FACE ( 'NONE', ( #2418 ), #2419, .F. ) ;
#1163 = ADVANCED_FACE ( 'NONE', ( #2420 ), #4811, .F. ) ;
#1164 = ADVANCED_FACE ( 'NONE', ( #2421 ), #4806, .F. ) ;
#1165 = ADVANCED_FACE ( 'NONE', ( #2422 ), #4799, .F. ) ;
#1166 = ADVANCED_FACE ( 'NONE', ( #2423 ), #4794, .F. ) ;
#1167 = ADVANCED_FACE ( 'NONE', ( #2424 ), #2425, .F. ) ;
#1168 = ADVANCED_FACE ( 'NONE', ( #2426 ), #4787, .F. ) ;
#1169 = ADVANCED_FACE ( 'NONE', ( #2427 ), #159, .T. ) ;
#1170 = ADVANCED_FACE ( 'NONE', ( #2428 ), #161, .T. ) ;
#1171 = ADVANCED_FACE ( 'NONE', ( #2429 ), #163, .T. ) ;
#1172 = ADVANCED_FACE ( 'NONE', ( #2430 ), #165, .T. ) ;
#1173 = EDGE_CURVE ( 'NONE', #3077, #3063, #157, .T. ) ;
#1174 = EDGE_CURVE ( 'NONE', #3064, #3051, #166, .T. ) ;
#1175 = EDGE_CURVE ( 'NONE', #3052, #4969, #167, .T. ) ;
#1176 = EDGE_CURVE ( 'NONE', #4970, #4957, #168, .T. ) ;
#1177 = EDGE_CURVE ( 'NONE', #4958, #4944, #170, .T. ) ;
#1178 = EDGE_CURVE ( 'NONE', #4945, #4932, #172, .T. ) ;
#1179 = EDGE_CURVE ( 'NONE', #4933, #4920, #174, .T. ) ;
#1180 = EDGE_CURVE ( 'NONE', #4921, #4908, #176, .T. ) ;
#1181 = EDGE_CURVE ( 'NONE', #4909, #3116, #178, .T. ) ;
#1182 = EDGE_CURVE ( 'NONE', #3110, #3124, #180, .T. ) ;
#1183 = EDGE_CURVE ( 'NONE', #3118, #4889, #182, .T. ) ;
#1184 = EDGE_CURVE ( 'NONE', #3146, #4881, #184, .T. ) ;
#1185 = EDGE_CURVE ( 'NONE', #3143, #3142, #186, .T. ) ;
#1186 = EDGE_CURVE ( 'NONE', #3167, #3159, #3464, .T. ) ;
#1187 = EDGE_CURVE ( 'NONE', #3150, #3107, #2432, .T. ) ;
#1188 = EDGE_CURVE ( 'NONE', #4850, #3153, #190, .T. ) ;
#1189 = EDGE_CURVE ( 'NONE', #3108, #4850, #2433, .T. ) ;
#1190 = EDGE_CURVE ( 'NONE', #3144, #3145, #196, .T. ) ;
#1191 = EDGE_CURVE ( 'NONE', #3109, #4849, #193, .T. ) ;
#1192 = EDGE_CURVE ( 'NONE', #3163, #4849, #188, .T. ) ;
#1193 = EDGE_CURVE ( 'NONE', #4849, #3109, #2434, .T. ) ;
#1194 = EDGE_CURVE ( 'NONE', #4852, #4849, #2435, .T. ) ;
#1195 = ADVANCED_FACE ( 'NONE', ( #2436 ), #202, .T. ) ;
#1196 = ADVANCED_FACE ( 'NONE', ( #2431 ), #206, .T. ) ;
#1197 = ADVANCED_FACE ( 'NONE', ( #2437 ), #208, .T. ) ;
#1198 = ADVANCED_FACE ( 'NONE', ( #2438 ), #210, .T. ) ;
#1199 = ADVANCED_FACE ( 'NONE', ( #2439 ), #212, .T. ) ;
#1200 = ADVANCED_FACE ( 'NONE', ( #2440 ), #2366, .T. ) ;
#1201 = ADVANCED_FACE ( 'NONE', ( #2441 ), #1494, .T. ) ;
#1202 = ADVANCED_FACE ( 'NONE', ( #2442 ), #1496, .T. ) ;
#1203 = ADVANCED_FACE ( 'NONE', ( #2443 ), #1498, .T. ) ;
#1204 = ADVANCED_FACE ( 'NONE', ( #2444 ), #1500, .T. ) ;
#1205 = ADVANCED_FACE ( 'NONE', ( #2445 ), #1502, .T. ) ;
#1206 = ADVANCED_FACE ( 'NONE', ( #2446 ), #1504, .T. ) ;
#1207 = ADVANCED_FACE ( 'NONE', ( #2447 ), #1506, .T. ) ;
#1208 = ADVANCED_FACE ( 'NONE', ( #2448 ), #1508, .T. ) ;
#1209 = ADVANCED_FACE ( 'NONE', ( #2449 ), #1510, .T. ) ;
#1210 = ADVANCED_FACE ( 'NONE', ( #2450 ), #1512, .T. ) ;
#1211 = ADVANCED_FACE ( 'NONE', ( #2451 ), #1514, .T. ) ;
#1212 = ADVANCED_FACE ( 'NONE', ( #2452 ), #1516, .T. ) ;
#1213 = ADVANCED_FACE ( 'NONE', ( #2453 ), #1518, .T. ) ;
#1214 = ADVANCED_FACE ( 'NONE', ( #2454 ), #1520, .T. ) ;
#1215 = ADVANCED_FACE ( 'NONE', ( #2455 ), #1522, .T. ) ;
#1216 = ADVANCED_FACE ( 'NONE', ( #2456 ), #1524, .T. ) ;
#1217 = ADVANCED_FACE ( 'NONE', ( #2457 ), #1526, .T. ) ;
#1218 = ADVANCED_FACE ( 'NONE', ( #2458 ), #1528, .T. ) ;
#1219 = ADVANCED_FACE ( 'NONE', ( #2459 ), #1530, .T. ) ;
#1220 = ADVANCED_FACE ( 'NONE', ( #2460 ), #1532, .T. ) ;
#1221 = ADVANCED_FACE ( 'NONE', ( #2461 ), #1534, .T. ) ;
#1222 = ADVANCED_FACE ( 'NONE', ( #2462 ), #1536, .T. ) ;
#1223 = ADVANCED_FACE ( 'NONE', ( #2463 ), #1538, .T. ) ;
#1224 = ADVANCED_FACE ( 'NONE', ( #2464 ), #1540, .T. ) ;
#1225 = ADVANCED_FACE ( 'NONE', ( #2465 ), #1542, .T. ) ;
#1226 = ADVANCED_FACE ( 'NONE', ( #2466, #2467 ), #4539, .F. ) ;
#1227 = ADVANCED_FACE ( 'NONE', ( #2468, #2469 ), #2470, .T. ) ;
#1228 = ADVANCED_FACE ( 'NONE', ( #2471, #2472 ), #4530, .T. ) ;
#1229 = ADVANCED_FACE ( 'NONE', ( #2473, #2474 ), #4525, .F. ) ;
#1230 = ADVANCED_FACE ( 'NONE', ( #2475 ), #2476, .T. ) ;
#1231 = ADVANCED_FACE ( 'NONE', ( #2477 ), #2478, .T. ) ;
#1232 = ADVANCED_FACE ( 'NONE', ( #2479 ), #2480, .T. ) ;
#1233 = ADVANCED_FACE ( 'NONE', ( #2481 ), #2482, .F. ) ;
#1234 = ADVANCED_FACE ( 'NONE', ( #2483 ), #2484, .T. ) ;
#1235 = ADVANCED_FACE ( 'NONE', ( #2485 ), #2486, .T. ) ;
#1236 = ADVANCED_FACE ( 'NONE', ( #2487 ), #2488, .T. ) ;
#1237 = ADVANCED_FACE ( 'NONE', ( #2489 ), #2490, .F. ) ;
#1238 = ADVANCED_FACE ( 'NONE', ( #2491 ), #2492, .T. ) ;
#1239 = ADVANCED_FACE ( 'NONE', ( #2493 ), #2494, .T. ) ;
#1240 = ADVANCED_FACE ( 'NONE', ( #2495 ), #2496, .T. ) ;
#1241 = ADVANCED_FACE ( 'NONE', ( #2497 ), #2498, .F. ) ;
#1242 = ADVANCED_FACE ( 'NONE', ( #2499 ), #2500, .T. ) ;
#1243 = ADVANCED_FACE ( 'NONE', ( #2501 ), #2502, .T. ) ;
#1244 = ADVANCED_FACE ( 'NONE', ( #2503 ), #2504, .T. ) ;
#1245 = ADVANCED_FACE ( 'NONE', ( #2505 ), #2506, .F. ) ;
#1246 = ADVANCED_FACE ( 'NONE', ( #2507 ), #2508, .T. ) ;
#1247 = EDGE_CURVE ( 'NONE', #3056, #3058, #3460, .T. ) ;
#1248 = EDGE_CURVE ( 'NONE', #3054, #3055, #3458, .T. ) ;
#1249 = EDGE_CURVE ( 'NONE', #3053, #3054, #2510, .T. ) ;
#1250 = EDGE_CURVE ( 'NONE', #3052, #3053, #3456, .T. ) ;
#1251 = EDGE_CURVE ( 'NONE', #3051, #3052, #360, .T. ) ;
#1252 = EDGE_CURVE ( 'NONE', #3057, #3051, #3455, .T. ) ;
#1253 = EDGE_CURVE ( 'NONE', #4978, #3050, #2511, .T. ) ;
#1254 = EDGE_CURVE ( 'NONE', #3050, #3054, #3459, .T. ) ;
#1255 = EDGE_CURVE ( 'NONE', #3053, #4978, #3454, .T. ) ;
#1256 = EDGE_CURVE ( 'NONE', #4976, #4977, #2512, .T. ) ;
#1257 = EDGE_CURVE ( 'NONE', #3050, #4977, #374, .T. ) ;
#1258 = EDGE_CURVE ( 'NONE', #4978, #4976, #372, .T. ) ;
#1259 = EDGE_CURVE ( 'NONE', #4974, #4975, #2513, .T. ) ;
#1260 = EDGE_CURVE ( 'NONE', #4975, #4977, #3450, .T. ) ;
#1261 = EDGE_CURVE ( 'NONE', #4976, #4974, #3453, .T. ) ;
#1262 = EDGE_CURVE ( 'NONE', #4971, #4973, #2514, .T. ) ;
#1263 = EDGE_CURVE ( 'NONE', #4973, #4972, #3448, .T. ) ;
#1264 = EDGE_CURVE ( 'NONE', #4970, #4971, #3447, .T. ) ;
#1265 = EDGE_CURVE ( 'NONE', #4969, #4970, #368, .T. ) ;
#1266 = EDGE_CURVE ( 'NONE', #4974, #4969, #3446, .T. ) ;
#1267 = EDGE_CURVE ( 'NONE', #4968, #4975, #3451, .T. ) ;
#1268 = EDGE_CURVE ( 'NONE', #4968, #4972, #383, .T. ) ;
#1269 = EDGE_CURVE ( 'NONE', #4966, #4967, #2515, .T. ) ;
#1270 = EDGE_CURVE ( 'NONE', #4967, #4973, #3441, .T. ) ;
#1271 = EDGE_CURVE ( 'NONE', #4971, #4966, #3444, .T. ) ;
#1272 = EDGE_CURVE ( 'NONE', #4964, #4965, #2516, .T. ) ;
#1273 = EDGE_CURVE ( 'NONE', #4967, #4965, #386, .T. ) ;
#1274 = EDGE_CURVE ( 'NONE', #4966, #4964, #369, .T. ) ;
#1275 = EDGE_CURVE ( 'NONE', #4962, #4963, #2517, .T. ) ;
#1276 = EDGE_CURVE ( 'NONE', #4963, #4965, #3437, .T. ) ;
#1277 = EDGE_CURVE ( 'NONE', #4964, #4962, #3439, .T. ) ;
#1278 = EDGE_CURVE ( 'NONE', #4959, #4961, #2518, .T. ) ;
#1279 = EDGE_CURVE ( 'NONE', #4961, #4960, #3436, .T. ) ;
#1280 = EDGE_CURVE ( 'NONE', #4958, #4959, #3434, .T. ) ;
#1281 = EDGE_CURVE ( 'NONE', #4957, #4958, #377, .T. ) ;
#1282 = EDGE_CURVE ( 'NONE', #4962, #4957, #3433, .T. ) ;
#1283 = EDGE_CURVE ( 'NONE', #4956, #4963, #3438, .T. ) ;
#1284 = EDGE_CURVE ( 'NONE', #4956, #4960, #394, .T. ) ;
#1285 = EDGE_CURVE ( 'NONE', #4954, #4955, #2519, .T. ) ;
#1286 = EDGE_CURVE ( 'NONE', #4955, #4961, #3430, .T. ) ;
#1287 = EDGE_CURVE ( 'NONE', #4959, #4954, #3432, .T. ) ;
#1288 = EDGE_CURVE ( 'NONE', #4952, #4953, #2520, .T. ) ;
#1289 = EDGE_CURVE ( 'NONE', #4955, #4953, #397, .T. ) ;
#1290 = EDGE_CURVE ( 'NONE', #4954, #4952, #380, .T. ) ;
#1291 = EDGE_CURVE ( 'NONE', #4950, #4951, #2521, .T. ) ;
#1292 = EDGE_CURVE ( 'NONE', #4951, #4953, #3426, .T. ) ;
#1293 = EDGE_CURVE ( 'NONE', #4952, #4950, #3428, .T. ) ;
#1294 = EDGE_CURVE ( 'NONE', #4949, #4948, #391, .T. ) ;
#1295 = EDGE_CURVE ( 'NONE', #4949, #4951, #997, .T. ) ;
#1296 = EDGE_CURVE ( 'NONE', #4947, #4948, #967, .T. ) ;
#1297 = EDGE_CURVE ( 'NONE', #4946, #4947, #2522, .T. ) ;
#1298 = EDGE_CURVE ( 'NONE', #4945, #4946, #980, .T. ) ;
#1299 = EDGE_CURVE ( 'NONE', #4944, #4945, #400, .T. ) ;
#1300 = EDGE_CURVE ( 'NONE', #4950, #4944, #979, .T. ) ;
#1301 = EDGE_CURVE ( 'NONE', #4942, #4943, #2523, .T. ) ;
#1302 = EDGE_CURVE ( 'NONE', #4943, #4947, #976, .T. ) ;
#1303 = EDGE_CURVE ( 'NONE', #4946, #4942, #994, .T. ) ;
#1304 = EDGE_CURVE ( 'NONE', #4940, #4941, #2524, .T. ) ;
#1305 = EDGE_CURVE ( 'NONE', #4943, #4941, #1925, .T. ) ;
#1306 = EDGE_CURVE ( 'NONE', #4942, #4940, #402, .T. ) ;
#1307 = EDGE_CURVE ( 'NONE', #4938, #4939, #2525, .T. ) ;
#1308 = EDGE_CURVE ( 'NONE', #4939, #4941, #984, .T. ) ;
#1309 = EDGE_CURVE ( 'NONE', #4940, #4938, #990, .T. ) ;
#1310 = EDGE_CURVE ( 'NONE', #4937, #4936, #1927, .T. ) ;
#1311 = EDGE_CURVE ( 'NONE', #4937, #4939, #987, .T. ) ;
#1312 = EDGE_CURVE ( 'NONE', #4935, #4936, #982, .T. ) ;
#1313 = EDGE_CURVE ( 'NONE', #4934, #4935, #2526, .T. ) ;
#1314 = EDGE_CURVE ( 'NONE', #4933, #4934, #983, .T. ) ;
#1315 = EDGE_CURVE ( 'NONE', #4932, #4933, #1931, .T. ) ;
#1316 = EDGE_CURVE ( 'NONE', #4938, #4932, #975, .T. ) ;
#1317 = EDGE_CURVE ( 'NONE', #4930, #4931, #2527, .T. ) ;
#1318 = EDGE_CURVE ( 'NONE', #4931, #4935, #991, .T. ) ;
#1319 = EDGE_CURVE ( 'NONE', #4934, #4930, #974, .T. ) ;
#1320 = EDGE_CURVE ( 'NONE', #4928, #4929, #2528, .T. ) ;
#1321 = EDGE_CURVE ( 'NONE', #4931, #4929, #1938, .T. ) ;
#1322 = EDGE_CURVE ( 'NONE', #4930, #4928, #1936, .T. ) ;
#1323 = EDGE_CURVE ( 'NONE', #4926, #4927, #2529, .T. ) ;
#1324 = EDGE_CURVE ( 'NONE', #4927, #4929, #971, .T. ) ;
#1325 = EDGE_CURVE ( 'NONE', #4928, #4926, #973, .T. ) ;
#1326 = ADVANCED_FACE ( 'NONE', ( #2530 ), #2509, .F. ) ;
#1327 = ADVANCED_FACE ( 'NONE', ( #2531, #2532 ), #2533, .F. ) ;
#1328 = ADVANCED_FACE ( 'NONE', ( #2534 ), #2535, .F. ) ;
#1329 = ADVANCED_FACE ( 'NONE', ( #2536 ), #2537, .F. ) ;
#1330 = ADVANCED_FACE ( 'NONE', ( #2538 ), #1946, .T. ) ;
#1331 = ADVANCED_FACE ( 'NONE', ( #2539 ), #1949, .T. ) ;
#1332 = ADVANCED_FACE ( 'NONE', ( #2540 ), #1951, .T. ) ;
#1333 = ADVANCED_FACE ( 'NONE', ( #2541, #2542 ), #2543, .T. ) ;
#1334 = ADVANCED_FACE ( 'NONE', ( #2544 ), #2545, .F. ) ;
#1335 = ADVANCED_FACE ( 'NONE', ( #2546 ), #2547, .F. ) ;
#1336 = ADVANCED_FACE ( 'NONE', ( #2548 ), #2588, .F. ) ;
#1337 = ADVANCED_FACE ( 'NONE', ( #2589 ), #2590, .F. ) ;
#1338 = ADVANCED_FACE ( 'NONE', ( #2591 ), #2592, .F. ) ;
#1339 = EDGE_CURVE ( 'NONE', #4878, #4876, #1958, .T. ) ;
#1340 = EDGE_CURVE ( 'NONE', #4874, #4875, #2594, .T. ) ;
#1341 = EDGE_CURVE ( 'NONE', #4875, #4877, #968, .T. ) ;
#1342 = EDGE_CURVE ( 'NONE', #4876, #4874, #972, .T. ) ;
#1343 = EDGE_CURVE ( 'NONE', #4873, #3139, #970, .T. ) ;
#1344 = EDGE_CURVE ( 'NONE', #4872, #4873, #1959, .T. ) ;
#1345 = EDGE_CURVE ( 'NONE', #4874, #4872, #965, .T. ) ;
#1346 = EDGE_CURVE ( 'NONE', #4871, #4875, #966, .T. ) ;
#1347 = EDGE_CURVE ( 'NONE', #4871, #4870, #1963, .T. ) ;
#1348 = EDGE_CURVE ( 'NONE', #3137, #4870, #981, .T. ) ;
#1349 = EDGE_CURVE ( 'NONE', #4868, #4869, #2595, .T. ) ;
#1350 = EDGE_CURVE ( 'NONE', #4869, #3136, #969, .T. ) ;
#1351 = EDGE_CURVE ( 'NONE', #3138, #4868, #978, .T. ) ;
#1352 = EDGE_CURVE ( 'NONE', #4866, #4867, #2596, .T. ) ;
#1353 = EDGE_CURVE ( 'NONE', #4869, #4867, #1967, .T. ) ;
#1354 = EDGE_CURVE ( 'NONE', #4868, #4866, #1965, .T. ) ;
#1355 = EDGE_CURVE ( 'NONE', #4864, #4865, #2597, .T. ) ;
#1356 = EDGE_CURVE ( 'NONE', #4865, #4867, #996, .T. ) ;
#1357 = EDGE_CURVE ( 'NONE', #4866, #4864, #977, .T. ) ;
#1358 = EDGE_CURVE ( 'NONE', #4863, #4862, #1957, .T. ) ;
#1359 = EDGE_CURVE ( 'NONE', #4863, #4865, #995, .T. ) ;
#1360 = EDGE_CURVE ( 'NONE', #4861, #4862, #992, .T. ) ;
#1361 = EDGE_CURVE ( 'NONE', #4860, #4861, #2598, .T. ) ;
#1362 = EDGE_CURVE ( 'NONE', #4859, #4860, #993, .T. ) ;
#1363 = EDGE_CURVE ( 'NONE', #4858, #4859, #1972, .T. ) ;
#1364 = EDGE_CURVE ( 'NONE', #4864, #4858, #989, .T. ) ;
#1365 = EDGE_CURVE ( 'NONE', #4856, #4857, #2599, .T. ) ;
#1366 = EDGE_CURVE ( 'NONE', #4857, #4861, #998, .T. ) ;
#1367 = EDGE_CURVE ( 'NONE', #4860, #4856, #988, .T. ) ;
#1368 = EDGE_CURVE ( 'NONE', #4854, #4855, #2600, .T. ) ;
#1369 = EDGE_CURVE ( 'NONE', #4857, #4855, #1980, .T. ) ;
#1370 = EDGE_CURVE ( 'NONE', #4856, #4854, #1978, .T. ) ;
#1371 = EDGE_CURVE ( 'NONE', #3105, #4855, #985, .T. ) ;
#1372 = EDGE_CURVE ( 'NONE', #4854, #3099, #986, .T. ) ;
#1373 = EDGE_CURVE ( 'NONE', #3140, #3141, #1985, .T. ) ;
#1374 = EDGE_CURVE ( 'NONE', #4870, #4863, #1983, .T. ) ;
#1375 = EDGE_CURVE ( 'NONE', #3132, #4871, #1970, .T. ) ;
#1376 = EDGE_CURVE ( 'NONE', #3165, #4880, #1975, .T. ) ;
#1377 = EDGE_CURVE ( 'NONE', #3121, #4888, #1987, .T. ) ;
#1378 = EDGE_CURVE ( 'NONE', #3113, #3122, #1989, .T. ) ;
#1379 = EDGE_CURVE ( 'NONE', #4912, #3114, #1991, .T. ) ;
#1380 = EDGE_CURVE ( 'NONE', #4924, #4913, #1993, .T. ) ;
#1381 = EDGE_CURVE ( 'NONE', #4936, #4925, #2001, .T. ) ;
#1382 = EDGE_CURVE ( 'NONE', #4948, #4937, #1999, .T. ) ;
#1383 = EDGE_CURVE ( 'NONE', #4960, #4949, #1997, .T. ) ;
#1384 = EDGE_CURVE ( 'NONE', #4972, #4956, #1995, .T. ) ;
#1385 = EDGE_CURVE ( 'NONE', #3055, #4968, #2003, .T. ) ;
#1386 = EDGE_CURVE ( 'NONE', #3067, #3056, #2005, .T. ) ;
#1387 = EDGE_CURVE ( 'NONE', #3079, #3068, #2007, .T. ) ;
#1388 = EDGE_CURVE ( 'NONE', #3091, #3075, #2009, .T. ) ;
#1389 = EDGE_CURVE ( 'NONE', #3104, #3092, #2011, .T. ) ;
#1390 = EDGE_CURVE ( 'NONE', #4862, #3106, #2013, .T. ) ;
#1391 = EDGE_CURVE ( 'NONE', #4852, #4853, #2601, .T. ) ;
#1392 = EDGE_CURVE ( 'NONE', #4853, #3151, #2602, .T. ) ;
#1393 = EDGE_CURVE ( 'NONE', #4851, #4852, #2603, .T. ) ;
#1394 = EDGE_CURVE ( 'NONE', #3154, #4851, #2015, .T. ) ;
#1395 = EDGE_CURVE ( 'NONE', #3134, #4872, #2017, .T. ) ;
#1396 = EDGE_CURVE ( 'NONE', #4873, #4858, #2019, .T. ) ;
#1397 = EDGE_CURVE ( 'NONE', #4859, #3100, #2023, .T. ) ;
#1398 = EDGE_CURVE ( 'NONE', #3101, #3087, #2026, .T. ) ;
#1399 = EDGE_CURVE ( 'NONE', #3088, #3076, #2028, .T. ) ;
#1400 = ADVANCED_FACE ( 'NONE', ( #2604 ), #2593, .F. ) ;
#1401 = ADVANCED_FACE ( 'NONE', ( #2605 ), #2606, .T. ) ;
#1402 = ADVANCED_FACE ( 'NONE', ( #2607 ), #2608, .T. ) ;
#1403 = ADVANCED_FACE ( 'NONE', ( #2609 ), #2610, .T. ) ;
#1404 = ADVANCED_FACE ( 'NONE', ( #2611 ), #2612, .F. ) ;
#1405 = ADVANCED_FACE ( 'NONE', ( #2613 ), #2614, .T. ) ;
#1406 = ADVANCED_FACE ( 'NONE', ( #2615 ), #2616, .T. ) ;
#1407 = ADVANCED_FACE ( 'NONE', ( #2617 ), #2618, .T. ) ;
#1408 = ADVANCED_FACE ( 'NONE', ( #2619 ), #2620, .F. ) ;
#1409 = ADVANCED_FACE ( 'NONE', ( #2621 ), #2622, .T. ) ;
#1410 = ADVANCED_FACE ( 'NONE', ( #2623 ), #2624, .T. ) ;
#1411 = ADVANCED_FACE ( 'NONE', ( #2625 ), #2626, .T. ) ;
#1412 = ADVANCED_FACE ( 'NONE', ( #2627 ), #2628, .F. ) ;
#1413 = ADVANCED_FACE ( 'NONE', ( #2629 ), #2630, .T. ) ;
#1414 = ADVANCED_FACE ( 'NONE', ( #2631 ), #2632, .T. ) ;
#1415 = ADVANCED_FACE ( 'NONE', ( #2633 ), #2634, .T. ) ;
#1416 = ADVANCED_FACE ( 'NONE', ( #2635 ), #2636, .F. ) ;
#1417 = ADVANCED_FACE ( 'NONE', ( #2637 ), #2638, .T. ) ;
#1418 = ADVANCED_FACE ( 'NONE', ( #2639 ), #2640, .T. ) ;
#1419 = ADVANCED_FACE ( 'NONE', ( #2641 ), #2642, .T. ) ;
#1420 = ADVANCED_FACE ( 'NONE', ( #2643 ), #2644, .F. ) ;
#1421 = ADVANCED_FACE ( 'NONE', ( #2645 ), #2646, .T. ) ;
#1422 = ADVANCED_FACE ( 'NONE', ( #2647 ), #2648, .T. ) ;
#1423 = ADVANCED_FACE ( 'NONE', ( #2649 ), #2650, .T. ) ;
#1424 = ADVANCED_FACE ( 'NONE', ( #2651 ), #2652, .F. ) ;
#1425 = EDGE_CURVE ( 'NONE', #4925, #4927, #410, .T. ) ;
#1426 = EDGE_CURVE ( 'NONE', #4923, #4924, #411, .T. ) ;
#1427 = EDGE_CURVE ( 'NONE', #4922, #4923, #2654, .T. ) ;
#1428 = EDGE_CURVE ( 'NONE', #4921, #4922, #412, .T. ) ;
#1429 = EDGE_CURVE ( 'NONE', #4920, #4921, #1844, .T. ) ;
#1430 = EDGE_CURVE ( 'NONE', #4926, #4920, #409, .T. ) ;
#1431 = EDGE_CURVE ( 'NONE', #4918, #4919, #2655, .T. ) ;
#1432 = EDGE_CURVE ( 'NONE', #4919, #4923, #1006, .T. ) ;
#1433 = EDGE_CURVE ( 'NONE', #4922, #4918, #1009, .T. ) ;
#1434 = EDGE_CURVE ( 'NONE', #4916, #4917, #2656, .T. ) ;
#1435 = EDGE_CURVE ( 'NONE', #4919, #4917, #1849, .T. ) ;
#1436 = EDGE_CURVE ( 'NONE', #4918, #4916, #1847, .T. ) ;
#1437 = EDGE_CURVE ( 'NONE', #4914, #4915, #2657, .T. ) ;
#1438 = EDGE_CURVE ( 'NONE', #4915, #4917, #1007, .T. ) ;
#1439 = EDGE_CURVE ( 'NONE', #4916, #4914, #1005, .T. ) ;
#1440 = EDGE_CURVE ( 'NONE', #4913, #4912, #1843, .T. ) ;
#1441 = EDGE_CURVE ( 'NONE', #4913, #4915, #1008, .T. ) ;
#1442 = EDGE_CURVE ( 'NONE', #4911, #4912, #680, .T. ) ;
#1443 = EDGE_CURVE ( 'NONE', #4910, #4911, #2658, .T. ) ;
#1444 = EDGE_CURVE ( 'NONE', #4909, #4910, #677, .T. ) ;
#1445 = EDGE_CURVE ( 'NONE', #4908, #4909, #1854, .T. ) ;
#1446 = EDGE_CURVE ( 'NONE', #4914, #4908, #2399, .T. ) ;
#1447 = EDGE_CURVE ( 'NONE', #4906, #4907, #2659, .T. ) ;
#1448 = EDGE_CURVE ( 'NONE', #4907, #4911, #3425, .T. ) ;
#1449 = EDGE_CURVE ( 'NONE', #4910, #4906, #3427, .T. ) ;
#1450 = EDGE_CURVE ( 'NONE', #4904, #4905, #2660, .T. ) ;
#1451 = EDGE_CURVE ( 'NONE', #4907, #4905, #1861, .T. ) ;
#1452 = EDGE_CURVE ( 'NONE', #4906, #4904, #1859, .T. ) ;
#1453 = EDGE_CURVE ( 'NONE', #4902, #4903, #2661, .T. ) ;
#1454 = EDGE_CURVE ( 'NONE', #4903, #4905, #1555, .T. ) ;
#1455 = EDGE_CURVE ( 'NONE', #4904, #4902, #1558, .T. ) ;
#1456 = EDGE_CURVE ( 'NONE', #4902, #3117, #1559, .T. ) ;
#1457 = EDGE_CURVE ( 'NONE', #3115, #4903, #1557, .T. ) ;
#1458 = EDGE_CURVE ( 'NONE', #4900, #4901, #2662, .T. ) ;
#1459 = EDGE_CURVE ( 'NONE', #4901, #3112, #1560, .T. ) ;
#1460 = EDGE_CURVE ( 'NONE', #3111, #4900, #1556, .T. ) ;
#1461 = EDGE_CURVE ( 'NONE', #4898, #4899, #2663, .T. ) ;
#1462 = EDGE_CURVE ( 'NONE', #4901, #4899, #1868, .T. ) ;
#1463 = EDGE_CURVE ( 'NONE', #4900, #4898, #1852, .T. ) ;
#1464 = EDGE_CURVE ( 'NONE', #4896, #4897, #2664, .T. ) ;
#1465 = EDGE_CURVE ( 'NONE', #4897, #4899, #1563, .T. ) ;
#1466 = EDGE_CURVE ( 'NONE', #4898, #4896, #1561, .T. ) ;
#1467 = EDGE_CURVE ( 'NONE', #4896, #3125, #1565, .T. ) ;
#1468 = EDGE_CURVE ( 'NONE', #3123, #4897, #1562, .T. ) ;
#1469 = EDGE_CURVE ( 'NONE', #4894, #4895, #2665, .T. ) ;
#1470 = EDGE_CURVE ( 'NONE', #4895, #3120, #1566, .T. ) ;
#1471 = EDGE_CURVE ( 'NONE', #3119, #4894, #1564, .T. ) ;
#1472 = EDGE_CURVE ( 'NONE', #4892, #4893, #2666, .T. ) ;
#1473 = EDGE_CURVE ( 'NONE', #4895, #4893, #1876, .T. ) ;
#1474 = EDGE_CURVE ( 'NONE', #4894, #4892, #1865, .T. ) ;
#1475 = EDGE_CURVE ( 'NONE', #4890, #4891, #2667, .T. ) ;
#1476 = EDGE_CURVE ( 'NONE', #4891, #4893, #1569, .T. ) ;
#1477 = EDGE_CURVE ( 'NONE', #4892, #4890, #1567, .T. ) ;
#1478 = EDGE_CURVE ( 'NONE', #4889, #3129, #1871, .T. ) ;
#1479 = EDGE_CURVE ( 'NONE', #4890, #4889, #1570, .T. ) ;
#1480 = EDGE_CURVE ( 'NONE', #4888, #4891, #1568, .T. ) ;
#1481 = EDGE_CURVE ( 'NONE', #4888, #3128, #1883, .T. ) ;
#1482 = EDGE_CURVE ( 'NONE', #4886, #4887, #2668, .T. ) ;
#1483 = EDGE_CURVE ( 'NONE', #4887, #3127, #1572, .T. ) ;
#1484 = EDGE_CURVE ( 'NONE', #3126, #4886, #1571, .T. ) ;
#1485 = EDGE_CURVE ( 'NONE', #4884, #4885, #2669, .T. ) ;
#1486 = EDGE_CURVE ( 'NONE', #4887, #4885, #1886, .T. ) ;
#1487 = EDGE_CURVE ( 'NONE', #4886, #4884, #1873, .T. ) ;
#1488 = EDGE_CURVE ( 'NONE', #4882, #4883, #2670, .T. ) ;
#1489 = EDGE_CURVE ( 'NONE', #4883, #4885, #1574, .T. ) ;
#1490 = EDGE_CURVE ( 'NONE', #4884, #4882, #1573, .T. ) ;
#1491 = EDGE_CURVE ( 'NONE', #4881, #3135, #1891, .T. ) ;
#1492 = AXIS2_PLACEMENT_3D ( 'NONE', #4630, #4629, #4627 ) ;
#1493 = AXIS2_PLACEMENT_3D ( 'NONE', #3841, #3837, #3833 ) ;
#1494 = TOROIDAL_SURFACE ( 'NONE', #1492, 22.86121657245304900, 10.99999999999998600 ) ;
#1495 = AXIS2_PLACEMENT_3D ( 'NONE', #4625, #4624, #4623 ) ;
#1496 = TOROIDAL_SURFACE ( 'NONE', #1495, 22.86121657245304900, 10.99999999999998600 ) ;
#1497 = AXIS2_PLACEMENT_3D ( 'NONE', #4622, #4621, #4620 ) ;
#1498 = TOROIDAL_SURFACE ( 'NONE', #1497, 22.86121657245304900, 10.99999999999998600 ) ;
#1499 = AXIS2_PLACEMENT_3D ( 'NONE', #4618, #4617, #4616 ) ;
#1500 = TOROIDAL_SURFACE ( 'NONE', #1499, 22.86121657245304900, 10.99999999999998600 ) ;
#1501 = AXIS2_PLACEMENT_3D ( 'NONE', #4615, #4614, #4613 ) ;
#1502 = TOROIDAL_SURFACE ( 'NONE', #1501, 22.86121657245304900, 10.99999999999998600 ) ;
#1503 = AXIS2_PLACEMENT_3D ( 'NONE', #4612, #4611, #4610 ) ;
#1504 = TOROIDAL_SURFACE ( 'NONE', #1503, 22.86121657245304900, 10.99999999999998600 ) ;
#1505 = AXIS2_PLACEMENT_3D ( 'NONE', #4608, #4607, #4606 ) ;
#1506 = TOROIDAL_SURFACE ( 'NONE', #1505, 22.86121657245304900, 10.99999999999998600 ) ;
#1507 = AXIS2_PLACEMENT_3D ( 'NONE', #4604, #4603, #4602 ) ;
#1508 = TOROIDAL_SURFACE ( 'NONE', #1507, 22.86121657245304900, 11.00000000000000000 ) ;
#1509 = AXIS2_PLACEMENT_3D ( 'NONE', #4600, #4598, #4597 ) ;
#1510 = TOROIDAL_SURFACE ( 'NONE', #1509, 22.86121657245304900, 11.00000000000000000 ) ;
#1511 = AXIS2_PLACEMENT_3D ( 'NONE', #4596, #4595, #4594 ) ;
#1512 = TOROIDAL_SURFACE ( 'NONE', #1511, 22.86121657245304900, 11.00000000000000000 ) ;
#1513 = AXIS2_PLACEMENT_3D ( 'NONE', #4593, #4591, #4590 ) ;
#1514 = TOROIDAL_SURFACE ( 'NONE', #1513, 22.86121657245304900, 11.00000000000000000 ) ;
#1515 = AXIS2_PLACEMENT_3D ( 'NONE', #4589, #4588, #4587 ) ;
#1516 = TOROIDAL_SURFACE ( 'NONE', #1515, 22.86121657245304900, 11.00000000000000000 ) ;
#1517 = AXIS2_PLACEMENT_3D ( 'NONE', #4585, #4584, #4583 ) ;
#1518 = TOROIDAL_SURFACE ( 'NONE', #1517, 22.86121657245304900, 11.00000000000000000 ) ;
#1519 = AXIS2_PLACEMENT_3D ( 'NONE', #4582, #4581, #4580 ) ;
#1520 = TOROIDAL_SURFACE ( 'NONE', #1519, 22.86121657245304900, 11.00000000000000000 ) ;
#1521 = AXIS2_PLACEMENT_3D ( 'NONE', #4579, #4578, #4576 ) ;
#1522 = TOROIDAL_SURFACE ( 'NONE', #1521, 22.86121657245304900, 11.00000000000000000 ) ;
#1523 = AXIS2_PLACEMENT_3D ( 'NONE', #4575, #4574, #4573 ) ;
#1524 = TOROIDAL_SURFACE ( 'NONE', #1523, 22.86121657245304900, 11.00000000000000000 ) ;
#1525 = AXIS2_PLACEMENT_3D ( 'NONE', #4572, #4571, #4570 ) ;
#1526 = TOROIDAL_SURFACE ( 'NONE', #1525, 22.86121657245304900, 11.00000000000000000 ) ;
#1527 = AXIS2_PLACEMENT_3D ( 'NONE', #4568, #4566, #4565 ) ;
#1528 = TOROIDAL_SURFACE ( 'NONE', #1527, 22.86121657245304900, 11.00000000000000000 ) ;
#1529 = AXIS2_PLACEMENT_3D ( 'NONE', #4564, #4563, #4562 ) ;
#1530 = TOROIDAL_SURFACE ( 'NONE', #1529, 22.86121657245304900, 11.00000000000000000 ) ;
#1531 = AXIS2_PLACEMENT_3D ( 'NONE', #4560, #4559, #4558 ) ;
#1532 = TOROIDAL_SURFACE ( 'NONE', #1531, 22.86121657245304900, 11.00000000000000000 ) ;
#1533 = AXIS2_PLACEMENT_3D ( 'NONE', #4556, #4555, #4554 ) ;
#1534 = TOROIDAL_SURFACE ( 'NONE', #1533, 22.86121657245304900, 11.00000000000000000 ) ;
#1535 = AXIS2_PLACEMENT_3D ( 'NONE', #4553, #4552, #4550 ) ;
#1536 = TOROIDAL_SURFACE ( 'NONE', #1535, 22.86121657245304900, 11.00000000000000000 ) ;
#1537 = AXIS2_PLACEMENT_3D ( 'NONE', #4549, #4548, #4547 ) ;
#1538 = TOROIDAL_SURFACE ( 'NONE', #1537, 22.86121657245304900, 11.00000000000000000 ) ;
#1539 = AXIS2_PLACEMENT_3D ( 'NONE', #4546, #4545, #4544 ) ;
#1540 = TOROIDAL_SURFACE ( 'NONE', #1539, 22.86121657245304900, 11.00000000000000000 ) ;
#1541 = AXIS2_PLACEMENT_3D ( 'NONE', #4542, #4541, #4540 ) ;
#1542 = TOROIDAL_SURFACE ( 'NONE', #1541, 16.30000000000000100, 0.2000000000000000100 ) ;
#1543 = AXIS2_PLACEMENT_3D ( 'NONE', #4520, #4519, #4518 ) ;
#1544 = AXIS2_PLACEMENT_3D ( 'NONE', #4517, #4515, #4514 ) ;
#1545 = AXIS2_PLACEMENT_3D ( 'NONE', #4538, #4537, #4535 ) ;
#1546 = AXIS2_PLACEMENT_3D ( 'NONE', #4534, #4533, #4532 ) ;
#1547 = AXIS2_PLACEMENT_3D ( 'NONE', #4529, #4528, #4526 ) ;
#1548 = AXIS2_PLACEMENT_3D ( 'NONE', #4523, #4522, #4521 ) ;
#1549 = AXIS2_PLACEMENT_3D ( 'NONE', #4512, #4511, #4510 ) ;
#1550 = AXIS2_PLACEMENT_3D ( 'NONE', #4508, #4507, #4506 ) ;
#1551 = AXIS2_PLACEMENT_3D ( 'NONE', #4505, #4504, #4503 ) ;
#1552 = AXIS2_PLACEMENT_3D ( 'NONE', #4502, #4501, #4500 ) ;
#1553 = AXIS2_PLACEMENT_3D ( 'NONE', #4498, #4497, #4496 ) ;
#1554 = AXIS2_PLACEMENT_3D ( 'NONE', #4495, #4494, #4493 ) ;
#1555 = B_SPLINE_CURVE_WITH_KNOTS ( 'NONE', 3,
 ( #3671, #3670, #3669, #3668, #3667, #3664 ),
 .UNSPECIFIED., .F., .F.,
 ( 4, 2, 4 ),
 ( 2.268031622815299600E-007, 0.002065009538640512400, 0.004129792274118743500 ),
 .UNSPECIFIED. ) ;
#1556 = B_SPLINE_CURVE_WITH_KNOTS ( 'NONE', 3,
 ( #3633, #3632, #3631, #3630, #3628, #3627 ),
 .UNSPECIFIED., .F., .F.,
 ( 4, 2, 4 ),
 ( 2.057275437190121600E-007, 0.002064988463133273300, 0.004129771198722828100 ),
 .UNSPECIFIED. ) ;
#1557 = B_SPLINE_CURVE_WITH_KNOTS ( 'NONE', 3,
 ( #3649, #3648, #3647, #3646 ),
 .UNSPECIFIED., .F., .F.,
 ( 4, 4 ),
 ( 0.001539962340158505300, 0.002077827987840153400 ),
 .UNSPECIFIED. ) ;
#1558 = B_SPLINE_CURVE_WITH_KNOTS ( 'NONE', 3,
 ( #3663, #3661, #3660, #3659, #3658, #3656 ),
 .UNSPECIFIED., .F., .F.,
 ( 4, 2, 4 ),
 ( 2.249210374949446500E-007, 0.002065007656626865100, 0.004129790392216234700 ),
 .UNSPECIFIED. ) ;
#1559 = B_SPLINE_CURVE_WITH_KNOTS ( 'NONE', 3,
 ( #3655, #3654, #3652, #3651 ),
 .UNSPECIFIED., .F., .F.,
 ( 4, 4 ),
 ( 2.014801261131767700E-007, 0.0005381697834193355000 ),
 .UNSPECIFIED. ) ;
#1560 = B_SPLINE_CURVE_WITH_KNOTS ( 'NONE', 3,
 ( #3641, #3640, #3639, #3638, #3637, #3635 ),
 .UNSPECIFIED., .F., .F.,
 ( 4, 2, 4 ),
 ( 4.978491632108256100E-007, 0.002065280584645474500, 0.004130063320127737500 ),
 .UNSPECIFIED. ) ;
#1561 = B_SPLINE_CURVE_WITH_KNOTS ( 'NONE', 3,
 ( #3606, #3605, #3603, #3602, #3601, #3600 ),
 .UNSPECIFIED., .F., .F.,
 ( 4, 2, 4 ),
 ( 2.406728445122127800E-007, 0.002065023408434322900, 0.004129806144024133500 ),
 .UNSPECIFIED. ) ;
#1562 = B_SPLINE_CURVE_WITH_KNOTS ( 'NONE', 3,
 ( #3590, #3589, #3588, #3585, #3584, #3583, #3581, #3580 ),
 .UNSPECIFIED., .F., .F.,
 ( 4, 2, 2, 4 ),
 ( 0.0003705475462451631900, 0.0007973678657186627700, 0.001224188185192162600, 0.002077828824139161700 ),
 .UNSPECIFIED. ) ;
#1563 = B_SPLINE_CURVE_WITH_KNOTS ( 'NONE', 3,
 ( #3613, #3612, #3610, #3609, #3608, #3607 ),
 .UNSPECIFIED., .F., .F.,
 ( 4, 2, 4 ),
 ( 2.604885293424850000E-007, 0.002065043224035025700, 0.004129825959540708300 ),
 .UNSPECIFIED. ) ;
#1564 = B_SPLINE_CURVE_WITH_KNOTS ( 'NONE', 3,
 ( #3569, #3568, #3566, #3565, #3564, #3563 ),
 .UNSPECIFIED., .F., .F.,
 ( 4, 2, 4 ),
 ( 1.998774635421099800E-007, 0.002064982613052226500, 0.004129765348640910900 ),
 .UNSPECIFIED. ) ;
#1565 = B_SPLINE_CURVE_WITH_KNOTS ( 'NONE', 3,
 ( #3599, #3598, #3597, #3595, #3594, #3593, #3592, #3591 ),
 .UNSPECIFIED., .F., .F.,
 ( 4, 2, 2, 4 ),
 ( 2.314079691445313500E-007, 0.0008537837726720829900, 0.001280559955023549700, 0.001707336137375016600 ),
 .UNSPECIFIED. ) ;
#1566 = B_SPLINE_CURVE_WITH_KNOTS ( 'NONE', 3,
 ( #3577, #3574, #3573, #3572, #3571, #3570 ),
 .UNSPECIFIED., .F., .F.,
 ( 4, 2, 4 ),
 ( 4.978491848928608500E-007, 0.002065280584661454300, 0.004130063320138015700 ),
 .UNSPECIFIED. ) ;
#1567 = B_SPLINE_CURVE_WITH_KNOTS ( 'NONE', 3,
 ( #3540, #3539, #3538, #3537, #3536, #3535 ),
 .UNSPECIFIED., .F., .F.,
 ( 4, 2, 4 ),
 ( 3.013957991444147200E-007, 0.002065084131386198800, 0.004129866866973253000 ),
 .UNSPECIFIED. ) ;
#1568 = B_SPLINE_CURVE_WITH_KNOTS ( 'NONE', 3,
 ( #3523, #3521, #3520, #3519, #3518, #3517 ),
 .UNSPECIFIED., .F., .F.,
 ( 4, 2, 4 ),
 ( 5.261891880527160900E-005, 0.001065225151469653800, 0.002077831384134037100 ),
 .UNSPECIFIED. ) ;
#1569 = B_SPLINE_CURVE_WITH_KNOTS ( 'NONE', 3,
 ( #3549, #3547, #3546, #3544, #3543, #3542 ),
 .UNSPECIFIED., .F., .F.,
 ( 4, 2, 4 ),
 ( 2.834687158509036000E-007, 0.002065066204238034000, 0.004129848939760216900 ),
 .UNSPECIFIED. ) ;
#1570 = B_SPLINE_CURVE_WITH_KNOTS ( 'NONE', 3,
 ( #3529, #3528, #3527, #3526, #3525, #3524 ),
 .UNSPECIFIED., .F., .F.,
 ( 4, 2, 4 ),
 ( 3.230190693984640500E-007, 0.001012772463308205300, 0.002025221907547012200 ),
 .UNSPECIFIED. ) ;
#1571 = B_SPLINE_CURVE_WITH_KNOTS ( 'NONE', 3,
 ( #2320, #2316, #2312, #2311, #2308, #2303 ),
 .UNSPECIFIED., .F., .F.,
 ( 4, 2, 4 ),
 ( 2.237314749643820600E-007, 0.002065006467061099700, 0.004129789202647235000 ),
 .UNSPECIFIED. ) ;
#1572 = B_SPLINE_CURVE_WITH_KNOTS ( 'NONE', 3,
 ( #3509, #3508, #3507, #3506, #3505, #3504 ),
 .UNSPECIFIED., .F., .F.,
 ( 4, 2, 4 ),
 ( 4.978490964785497200E-007, 0.002065280584595391300, 0.004130063320094304200 ),
 .UNSPECIFIED. ) ;
#1573 = B_SPLINE_CURVE_WITH_KNOTS ( 'NONE', 3,
 ( #2233, #2228, #2227, #2225, #2222, #2219 ),
 .UNSPECIFIED., .F., .F.,
 ( 4, 2, 4 ),
 ( 2.498636797132711900E-007, 0.002065032599267503300, 0.004129815334855293900 ),
 .UNSPECIFIED. ) ;
#1574 = B_SPLINE_CURVE_WITH_KNOTS ( 'NONE', 3,
 ( #2256, #2252, #2248, #2244, #2240, #2236 ),
 .UNSPECIFIED., .F., .F.,
 ( 4, 2, 4 ),
 ( 2.334797218402171800E-007, 0.002065016215205829100, 0.004129798950689818200 ),
 .UNSPECIFIED. ) ;
#1575 = B_SPLINE_CURVE_WITH_KNOTS ( 'NONE', 3,
 ( #2188, #2150, #2148, #2145, #2140, #2136 ),
 .UNSPECIFIED., .F., .F.,
 ( 4, 2, 4 ),
 ( 4.978489427530588800E-007, 0.002065280584474679700, 0.004130063320006606100 ),
 .UNSPECIFIED. ) ;
#1576 = B_SPLINE_CURVE_WITH_KNOTS ( 'NONE', 3,
 ( #2310, #2309, #2307, #2306, #2305, #2304 ),
 .UNSPECIFIED., .F., .F.,
 ( 4, 2, 4 ),
 ( 2.652066170702952000E-007, 0.002065047942206707600, 0.004129830677796344400 ),
 .UNSPECIFIED. ) ;
#1577 = UNCERTAINTY_MEASURE_WITH_UNIT (LENGTH_MEASURE( 1.000000000000000100E-005 ), #50, 'distance_accuracy_value', 'NONE');
#1578 = ORIENTED_EDGE ( 'NONE', *, *, #1060, .T. ) ;
#1579 = ORIENTED_EDGE ( 'NONE', *, *, #1345, .T. ) ;
#1580 = ORIENTED_EDGE ( 'NONE', *, *, #2561, .T. ) ;
#1581 = ORIENTED_EDGE ( 'NONE', *, *, #1339, .T. ) ;
#1582 = ORIENTED_EDGE ( 'NONE', *, *, #1342, .T. ) ;
#1583 = ORIENTED_EDGE ( 'NONE', *, *, #1395, .F. ) ;
#1584 = ORIENTED_EDGE ( 'NONE', *, *, #1068, .T. ) ;
#1585 = ORIENTED_EDGE ( 'NONE', *, *, #1489, .T. ) ;
#1586 = ORIENTED_EDGE ( 'NONE', *, *, #1044, .F. ) ;
#1587 = ORIENTED_EDGE ( 'NONE', *, *, #1376, .T. ) ;
#1588 = ORIENTED_EDGE ( 'NONE', *, *, #1029, .T. ) ;
#1589 = ORIENTED_EDGE ( 'NONE', *, *, #1486, .F. ) ;
#1590 = ORIENTED_EDGE ( 'NONE', *, *, #1483, .T. ) ;
#1591 = ORIENTED_EDGE ( 'NONE', *, *, #1072, .T. ) ;
#1592 = ORIENTED_EDGE ( 'NONE', *, *, #1480, .T. ) ;
#1593 = ORIENTED_EDGE ( 'NONE', *, *, #1470, .T. ) ;
#1594 = ORIENTED_EDGE ( 'NONE', *, *, #1079, .T. ) ;
#1595 = ORIENTED_EDGE ( 'NONE', *, *, #1377, .T. ) ;
#1596 = ORIENTED_EDGE ( 'NONE', *, *, #1476, .T. ) ;
#1597 = ORIENTED_EDGE ( 'NONE', *, *, #1473, .F. ) ;
#1598 = ORIENTED_EDGE ( 'NONE', *, *, #1077, .T. ) ;
#1599 = ORIENTED_EDGE ( 'NONE', *, *, #1459, .T. ) ;
#1600 = ORIENTED_EDGE ( 'NONE', *, *, #1087, .T. ) ;
#1601 = ORIENTED_EDGE ( 'NONE', *, *, #1378, .T. ) ;
#1602 = ORIENTED_EDGE ( 'NONE', *, *, #1468, .T. ) ;
#1603 = ORIENTED_EDGE ( 'NONE', *, *, #1465, .T. ) ;
#1604 = ORIENTED_EDGE ( 'NONE', *, *, #1462, .F. ) ;
#1605 = ORIENTED_EDGE ( 'NONE', *, *, #1085, .T. ) ;
#1606 = ORIENTED_EDGE ( 'NONE', *, *, #1448, .T. ) ;
#1607 = ORIENTED_EDGE ( 'NONE', *, *, #1442, .T. ) ;
#1608 = ORIENTED_EDGE ( 'NONE', *, *, #1379, .T. ) ;
#1609 = ORIENTED_EDGE ( 'NONE', *, *, #1457, .T. ) ;
#1610 = ORIENTED_EDGE ( 'NONE', *, *, #1454, .T. ) ;
#1611 = ORIENTED_EDGE ( 'NONE', *, *, #1451, .F. ) ;
#1612 = ORIENTED_EDGE ( 'NONE', *, *, #1441, .T. ) ;
#1613 = ORIENTED_EDGE ( 'NONE', *, *, #1432, .T. ) ;
#1614 = ORIENTED_EDGE ( 'NONE', *, *, #1426, .T. ) ;
#1615 = ORIENTED_EDGE ( 'NONE', *, *, #1380, .T. ) ;
#1616 = ORIENTED_EDGE ( 'NONE', *, *, #1438, .T. ) ;
#1617 = ORIENTED_EDGE ( 'NONE', *, *, #1471, .T. ) ;
#1618 = ORIENTED_EDGE ( 'NONE', *, *, #1474, .T. ) ;
#1619 = ORIENTED_EDGE ( 'NONE', *, *, #1477, .T. ) ;
#1620 = ORIENTED_EDGE ( 'NONE', *, *, #1183, .F. ) ;
#1621 = ORIENTED_EDGE ( 'NONE', *, *, #1081, .T. ) ;
#1622 = ORIENTED_EDGE ( 'NONE', *, *, #1467, .T. ) ;
#1623 = ORIENTED_EDGE ( 'NONE', *, *, #1460, .T. ) ;
#1624 = ORIENTED_EDGE ( 'NONE', *, *, #1463, .T. ) ;
#1625 = ORIENTED_EDGE ( 'NONE', *, *, #1466, .T. ) ;
#1626 = ORIENTED_EDGE ( 'NONE', *, *, #1076, .T. ) ;
#1627 = ORIENTED_EDGE ( 'NONE', *, *, #1182, .F. ) ;
#1628 = ORIENTED_EDGE ( 'NONE', *, *, #1089, .T. ) ;
#1629 = ORIENTED_EDGE ( 'NONE', *, *, #1456, .T. ) ;
#1630 = ORIENTED_EDGE ( 'NONE', *, *, #1449, .T. ) ;
#1631 = ORIENTED_EDGE ( 'NONE', *, *, #1452, .T. ) ;
#1632 = ORIENTED_EDGE ( 'NONE', *, *, #1455, .T. ) ;
#1633 = ORIENTED_EDGE ( 'NONE', *, *, #1084, .T. ) ;
#1634 = ORIENTED_EDGE ( 'NONE', *, *, #1181, .F. ) ;
#1635 = ORIENTED_EDGE ( 'NONE', *, *, #1444, .T. ) ;
#1636 = ORIENTED_EDGE ( 'NONE', *, *, #1446, .T. ) ;
#1637 = ORIENTED_EDGE ( 'NONE', *, *, #1433, .T. ) ;
#1638 = ORIENTED_EDGE ( 'NONE', *, *, #1436, .T. ) ;
#1639 = ORIENTED_EDGE ( 'NONE', *, *, #1439, .T. ) ;
#1640 = ORIENTED_EDGE ( 'NONE', *, *, #1180, .F. ) ;
#1641 = ORIENTED_EDGE ( 'NONE', *, *, #1428, .T. ) ;
#1642 = ORIENTED_EDGE ( 'NONE', *, *, #1430, .T. ) ;
#1643 = ORIENTED_EDGE ( 'NONE', *, *, #1319, .T. ) ;
#1644 = ORIENTED_EDGE ( 'NONE', *, *, #1322, .T. ) ;
#1645 = ORIENTED_EDGE ( 'NONE', *, *, #1325, .T. ) ;
#1646 = ORIENTED_EDGE ( 'NONE', *, *, #1179, .F. ) ;
#1647 = ORIENTED_EDGE ( 'NONE', *, *, #1314, .T. ) ;
#1648 = ORIENTED_EDGE ( 'NONE', *, *, #1316, .T. ) ;
#1649 = ORIENTED_EDGE ( 'NONE', *, *, #1303, .T. ) ;
#1650 = ORIENTED_EDGE ( 'NONE', *, *, #1306, .T. ) ;
#1651 = ORIENTED_EDGE ( 'NONE', *, *, #1309, .T. ) ;
#1652 = ORIENTED_EDGE ( 'NONE', *, *, #1178, .F. ) ;
#1653 = ORIENTED_EDGE ( 'NONE', *, *, #1298, .T. ) ;
#1654 = ORIENTED_EDGE ( 'NONE', *, *, #1300, .T. ) ;
#1655 = ORIENTED_EDGE ( 'NONE', *, *, #1287, .T. ) ;
#1656 = ORIENTED_EDGE ( 'NONE', *, *, #1290, .T. ) ;
#1657 = ORIENTED_EDGE ( 'NONE', *, *, #1293, .T. ) ;
#1658 = ORIENTED_EDGE ( 'NONE', *, *, #1177, .F. ) ;
#1659 = ORIENTED_EDGE ( 'NONE', *, *, #1280, .T. ) ;
#1660 = ORIENTED_EDGE ( 'NONE', *, *, #1282, .T. ) ;
#1661 = ORIENTED_EDGE ( 'NONE', *, *, #1271, .T. ) ;
#1662 = ORIENTED_EDGE ( 'NONE', *, *, #1274, .T. ) ;
#1663 = ORIENTED_EDGE ( 'NONE', *, *, #1277, .T. ) ;
#1664 = ORIENTED_EDGE ( 'NONE', *, *, #1425, .F. ) ;
#1665 = ORIENTED_EDGE ( 'NONE', *, *, #1426, .F. ) ;
#1666 = ORIENTED_EDGE ( 'NONE', *, *, #2584, .T. ) ;
#1667 = ORIENTED_EDGE ( 'NONE', *, *, #1427, .F. ) ;
#1668 = ORIENTED_EDGE ( 'NONE', *, *, #1428, .F. ) ;
#1669 = ORIENTED_EDGE ( 'NONE', *, *, #1429, .F. ) ;
#1670 = ORIENTED_EDGE ( 'NONE', *, *, #1430, .F. ) ;
#1671 = ORIENTED_EDGE ( 'NONE', *, *, #1323, .T. ) ;
#1672 = ORIENTED_EDGE ( 'NONE', *, *, #1432, .F. ) ;
#1673 = ORIENTED_EDGE ( 'NONE', *, *, #1433, .F. ) ;
#1674 = ORIENTED_EDGE ( 'NONE', *, *, #1431, .F. ) ;
#1675 = ORIENTED_EDGE ( 'NONE', *, *, #1427, .T. ) ;
#1676 = ORIENTED_EDGE ( 'NONE', *, *, #1435, .T. ) ;
#1677 = ORIENTED_EDGE ( 'NONE', *, *, #1436, .F. ) ;
#1678 = ORIENTED_EDGE ( 'NONE', *, *, #1434, .F. ) ;
#1679 = ORIENTED_EDGE ( 'NONE', *, *, #1431, .T. ) ;
#1680 = ORIENTED_EDGE ( 'NONE', *, *, #1438, .F. ) ;
#1681 = ORIENTED_EDGE ( 'NONE', *, *, #1439, .F. ) ;
#1682 = ORIENTED_EDGE ( 'NONE', *, *, #1437, .F. ) ;
#1683 = ORIENTED_EDGE ( 'NONE', *, *, #1434, .T. ) ;
#1684 = ORIENTED_EDGE ( 'NONE', *, *, #1441, .F. ) ;
#1685 = ORIENTED_EDGE ( 'NONE', *, *, #1442, .F. ) ;
#1686 = ORIENTED_EDGE ( 'NONE', *, *, #1440, .T. ) ;
#1687 = ORIENTED_EDGE ( 'NONE', *, *, #1443, .F. ) ;
#1688 = ORIENTED_EDGE ( 'NONE', *, *, #1444, .F. ) ;
#1689 = ORIENTED_EDGE ( 'NONE', *, *, #1445, .F. ) ;
#1690 = ORIENTED_EDGE ( 'NONE', *, *, #1446, .F. ) ;
#1691 = ORIENTED_EDGE ( 'NONE', *, *, #1437, .T. ) ;
#1692 = ORIENTED_EDGE ( 'NONE', *, *, #1448, .F. ) ;
#1693 = ORIENTED_EDGE ( 'NONE', *, *, #1449, .F. ) ;
#1694 = ORIENTED_EDGE ( 'NONE', *, *, #1447, .F. ) ;
#1695 = ORIENTED_EDGE ( 'NONE', *, *, #1443, .T. ) ;
#1696 = ORIENTED_EDGE ( 'NONE', *, *, #1451, .T. ) ;
#1697 = ORIENTED_EDGE ( 'NONE', *, *, #1452, .F. ) ;
#1698 = ORIENTED_EDGE ( 'NONE', *, *, #1450, .F. ) ;
#1699 = ORIENTED_EDGE ( 'NONE', *, *, #1447, .T. ) ;
#1700 = ORIENTED_EDGE ( 'NONE', *, *, #1454, .F. ) ;
#1701 = ORIENTED_EDGE ( 'NONE', *, *, #1455, .F. ) ;
#1702 = ORIENTED_EDGE ( 'NONE', *, *, #1453, .F. ) ;
#1703 = ORIENTED_EDGE ( 'NONE', *, *, #1450, .T. ) ;
#1704 = ORIENTED_EDGE ( 'NONE', *, *, #1453, .T. ) ;
#1705 = ORIENTED_EDGE ( 'NONE', *, *, #1083, .F. ) ;
#1706 = ORIENTED_EDGE ( 'NONE', *, *, #1456, .F. ) ;
#1707 = ORIENTED_EDGE ( 'NONE', *, *, #1457, .F. ) ;
#1708 = ORIENTED_EDGE ( 'NONE', *, *, #1459, .F. ) ;
#1709 = ORIENTED_EDGE ( 'NONE', *, *, #1460, .F. ) ;
#1710 = ORIENTED_EDGE ( 'NONE', *, *, #1458, .F. ) ;
#1711 = ORIENTED_EDGE ( 'NONE', *, *, #1088, .T. ) ;
#1712 = ORIENTED_EDGE ( 'NONE', *, *, #1462, .T. ) ;
#1713 = ORIENTED_EDGE ( 'NONE', *, *, #1463, .F. ) ;
#1714 = ORIENTED_EDGE ( 'NONE', *, *, #1461, .F. ) ;
#1715 = ORIENTED_EDGE ( 'NONE', *, *, #1458, .T. ) ;
#1716 = ORIENTED_EDGE ( 'NONE', *, *, #1465, .F. ) ;
#1717 = ORIENTED_EDGE ( 'NONE', *, *, #1466, .F. ) ;
#1718 = ORIENTED_EDGE ( 'NONE', *, *, #1464, .F. ) ;
#1719 = ORIENTED_EDGE ( 'NONE', *, *, #1461, .T. ) ;
#1720 = ORIENTED_EDGE ( 'NONE', *, *, #1464, .T. ) ;
#1721 = ORIENTED_EDGE ( 'NONE', *, *, #1075, .F. ) ;
#1722 = ORIENTED_EDGE ( 'NONE', *, *, #1467, .F. ) ;
#1723 = ORIENTED_EDGE ( 'NONE', *, *, #1468, .F. ) ;
#1724 = ORIENTED_EDGE ( 'NONE', *, *, #1470, .F. ) ;
#1725 = ORIENTED_EDGE ( 'NONE', *, *, #1471, .F. ) ;
#1726 = ORIENTED_EDGE ( 'NONE', *, *, #1469, .F. ) ;
#1727 = ORIENTED_EDGE ( 'NONE', *, *, #1080, .T. ) ;
#1728 = ORIENTED_EDGE ( 'NONE', *, *, #1473, .T. ) ;
#1729 = ORIENTED_EDGE ( 'NONE', *, *, #1474, .F. ) ;
#1730 = ORIENTED_EDGE ( 'NONE', *, *, #1472, .F. ) ;
#1731 = ORIENTED_EDGE ( 'NONE', *, *, #1469, .T. ) ;
#1732 = ORIENTED_EDGE ( 'NONE', *, *, #1476, .F. ) ;
#1733 = ORIENTED_EDGE ( 'NONE', *, *, #1477, .F. ) ;
#1734 = ORIENTED_EDGE ( 'NONE', *, *, #1475, .F. ) ;
#1735 = ORIENTED_EDGE ( 'NONE', *, *, #1472, .T. ) ;
#1736 = ORIENTED_EDGE ( 'NONE', *, *, #1479, .F. ) ;
#1737 = ORIENTED_EDGE ( 'NONE', *, *, #1069, .F. ) ;
#1738 = ORIENTED_EDGE ( 'NONE', *, *, #1478, .F. ) ;
#1739 = ORIENTED_EDGE ( 'NONE', *, *, #1475, .T. ) ;
#1740 = ORIENTED_EDGE ( 'NONE', *, *, #1480, .F. ) ;
#1741 = ORIENTED_EDGE ( 'NONE', *, *, #1483, .F. ) ;
#1742 = ORIENTED_EDGE ( 'NONE', *, *, #1481, .T. ) ;
#1743 = ORIENTED_EDGE ( 'NONE', *, *, #1484, .F. ) ;
#1744 = ORIENTED_EDGE ( 'NONE', *, *, #1482, .F. ) ;
#1745 = ORIENTED_EDGE ( 'NONE', *, *, #1073, .T. ) ;
#1746 = ORIENTED_EDGE ( 'NONE', *, *, #1486, .T. ) ;
#1747 = ORIENTED_EDGE ( 'NONE', *, *, #1487, .F. ) ;
#1748 = ORIENTED_EDGE ( 'NONE', *, *, #1485, .F. ) ;
#1749 = ORIENTED_EDGE ( 'NONE', *, *, #1482, .T. ) ;
#1750 = ORIENTED_EDGE ( 'NONE', *, *, #1489, .F. ) ;
#1751 = ORIENTED_EDGE ( 'NONE', *, *, #1490, .F. ) ;
#1752 = ORIENTED_EDGE ( 'NONE', *, *, #1488, .F. ) ;
#1753 = ORIENTED_EDGE ( 'NONE', *, *, #1485, .T. ) ;
#1754 = ORIENTED_EDGE ( 'NONE', *, *, #1027, .F. ) ;
#1755 = ORIENTED_EDGE ( 'NONE', *, *, #1063, .F. ) ;
#1756 = ORIENTED_EDGE ( 'NONE', *, *, #1491, .F. ) ;
#1757 = ORIENTED_EDGE ( 'NONE', *, *, #1488, .T. ) ;
#1758 = ORIENTED_EDGE ( 'NONE', *, *, #1029, .F. ) ;
#1759 = ORIENTED_EDGE ( 'NONE', *, *, #2550, .F. ) ;
#1760 = ORIENTED_EDGE ( 'NONE', *, *, #1031, .T. ) ;
#1761 = ORIENTED_EDGE ( 'NONE', *, *, #2561, .F. ) ;
#1762 = ORIENTED_EDGE ( 'NONE', *, *, #2556, .F. ) ;
#1763 = ORIENTED_EDGE ( 'NONE', *, *, #1067, .T. ) ;
#1764 = ORIENTED_EDGE ( 'NONE', *, *, #2551, .T. ) ;
#1765 = ORIENTED_EDGE ( 'NONE', *, *, #1393, .T. ) ;
#1766 = ORIENTED_EDGE ( 'NONE', *, *, #1435, .F. ) ;
#1767 = ORIENTED_EDGE ( 'NONE', *, *, #1425, .T. ) ;
#1768 = ORIENTED_EDGE ( 'NONE', *, *, #1318, .T. ) ;
#1769 = ORIENTED_EDGE ( 'NONE', *, *, #1312, .T. ) ;
#1770 = ORIENTED_EDGE ( 'NONE', *, *, #1381, .T. ) ;
#1771 = ORIENTED_EDGE ( 'NONE', *, *, #1324, .T. ) ;
#1772 = ORIENTED_EDGE ( 'NONE', *, *, #1321, .F. ) ;
#1773 = ORIENTED_EDGE ( 'NONE', *, *, #1311, .T. ) ;
#1774 = ORIENTED_EDGE ( 'NONE', *, *, #1302, .T. ) ;
#1775 = ORIENTED_EDGE ( 'NONE', *, *, #1296, .T. ) ;
#1776 = ORIENTED_EDGE ( 'NONE', *, *, #1382, .T. ) ;
#1777 = ORIENTED_EDGE ( 'NONE', *, *, #1308, .T. ) ;
#1778 = ORIENTED_EDGE ( 'NONE', *, *, #1305, .F. ) ;
#1779 = ORIENTED_EDGE ( 'NONE', *, *, #1295, .T. ) ;
#1780 = ORIENTED_EDGE ( 'NONE', *, *, #1286, .T. ) ;
#1781 = ORIENTED_EDGE ( 'NONE', *, *, #1279, .T. ) ;
#1782 = ORIENTED_EDGE ( 'NONE', *, *, #1383, .T. ) ;
#1783 = ORIENTED_EDGE ( 'NONE', *, *, #1292, .T. ) ;
#1784 = ORIENTED_EDGE ( 'NONE', *, *, #1289, .F. ) ;
#1785 = ORIENTED_EDGE ( 'NONE', *, *, #1283, .T. ) ;
#1786 = ORIENTED_EDGE ( 'NONE', *, *, #1270, .T. ) ;
#1787 = ORIENTED_EDGE ( 'NONE', *, *, #1263, .T. ) ;
#1788 = ORIENTED_EDGE ( 'NONE', *, *, #1384, .T. ) ;
#1789 = ORIENTED_EDGE ( 'NONE', *, *, #1276, .T. ) ;
#1790 = ORIENTED_EDGE ( 'NONE', *, *, #1273, .F. ) ;
#1791 = ORIENTED_EDGE ( 'NONE', *, *, #1267, .T. ) ;
#1792 = ORIENTED_EDGE ( 'NONE', *, *, #1254, .T. ) ;
#1793 = ORIENTED_EDGE ( 'NONE', *, *, #1248, .T. ) ;
#1794 = ORIENTED_EDGE ( 'NONE', *, *, #1385, .T. ) ;
#1795 = ORIENTED_EDGE ( 'NONE', *, *, #1260, .T. ) ;
#1796 = ORIENTED_EDGE ( 'NONE', *, *, #1257, .F. ) ;
#1797 = ORIENTED_EDGE ( 'NONE', *, *, #1247, .T. ) ;
#1798 = ORIENTED_EDGE ( 'NONE', *, *, #1152, .T. ) ;
#1799 = ORIENTED_EDGE ( 'NONE', *, *, #1146, .T. ) ;
#1800 = ORIENTED_EDGE ( 'NONE', *, *, #1386, .T. ) ;
#1801 = ORIENTED_EDGE ( 'NONE', *, *, #1158, .T. ) ;
#1802 = ORIENTED_EDGE ( 'NONE', *, *, #1155, .F. ) ;
#1803 = ORIENTED_EDGE ( 'NONE', *, *, #1353, .F. ) ;
#1804 = ORIENTED_EDGE ( 'NONE', *, *, #1346, .T. ) ;
#1805 = ORIENTED_EDGE ( 'NONE', *, *, #2550, .T. ) ;
#1806 = ORIENTED_EDGE ( 'NONE', *, *, #1066, .T. ) ;
#1807 = ORIENTED_EDGE ( 'NONE', *, *, #1375, .T. ) ;
#1808 = ORIENTED_EDGE ( 'NONE', *, *, #1341, .T. ) ;
#1809 = ORIENTED_EDGE ( 'NONE', *, *, #2551, .F. ) ;
#1810 = ORIENTED_EDGE ( 'NONE', *, *, #1093, .F. ) ;
#1811 = ORIENTED_EDGE ( 'NONE', *, *, #1392, .T. ) ;
#1812 = ORIENTED_EDGE ( 'NONE', *, *, #1042, .T. ) ;
#1813 = ORIENTED_EDGE ( 'NONE', *, *, #1187, .T. ) ;
#1814 = ORIENTED_EDGE ( 'NONE', *, *, #2552, .F. ) ;
#1815 = ORIENTED_EDGE ( 'NONE', *, *, #1193, .T. ) ;
#1816 = ORIENTED_EDGE ( 'NONE', *, *, #2553, .F. ) ;
#1817 = ORIENTED_EDGE ( 'NONE', *, *, #1394, .T. ) ;
#1818 = ORIENTED_EDGE ( 'NONE', *, *, #1034, .F. ) ;
#1819 = AXIS2_PLACEMENT_3D ( 'NONE', #3847, #3846, #3845 ) ;
#1820 = AXIS2_PLACEMENT_3D ( 'NONE', #3840, #3839, #3838 ) ;
#1821 = AXIS2_PLACEMENT_3D ( 'NONE', #3844, #3843, #3842 ) ;
#1822 = AXIS2_PLACEMENT_3D ( 'NONE', #3836, #3835, #3834 ) ;
#1823 = AXIS2_PLACEMENT_3D ( 'NONE', #3832, #3831, #3830 ) ;
#1824 = AXIS2_PLACEMENT_3D ( 'NONE', #3829, #3828, #3827 ) ;
#1825 = AXIS2_PLACEMENT_3D ( 'NONE', #3825, #3824, #3823 ) ;
#1826 = AXIS2_PLACEMENT_3D ( 'NONE', #3820, #3819, #3818 ) ;
#1827 = AXIS2_PLACEMENT_3D ( 'NONE', #3817, #3816, #3815 ) ;
#1828 = AXIS2_PLACEMENT_3D ( 'NONE', #3814, #3812, #3811 ) ;
#1829 = AXIS2_PLACEMENT_3D ( 'NONE', #3810, #3808, #3807 ) ;
#1830 = AXIS2_PLACEMENT_3D ( 'NONE', #3806, #3805, #3804 ) ;
#1831 = AXIS2_PLACEMENT_3D ( 'NONE', #3802, #3801, #3800 ) ;
#1832 = AXIS2_PLACEMENT_3D ( 'NONE', #3799, #3798, #3797 ) ;
#1833 = AXIS2_PLACEMENT_3D ( 'NONE', #3796, #3794, #3793 ) ;
#1834 = AXIS2_PLACEMENT_3D ( 'NONE', #3791, #3790, #3788 ) ;
#1835 = AXIS2_PLACEMENT_3D ( 'NONE', #3786, #3785, #3783 ) ;
#1836 = AXIS2_PLACEMENT_3D ( 'NONE', #3781, #3779, #3778 ) ;
#1837 = AXIS2_PLACEMENT_3D ( 'NONE', #3775, #3771, #3768 ) ;
#1838 = AXIS2_PLACEMENT_3D ( 'NONE', #3761, #3757, #3754 ) ;
#1839 = AXIS2_PLACEMENT_3D ( 'NONE', #3748, #3744, #3740 ) ;
#1840 = AXIS2_PLACEMENT_3D ( 'NONE', #3732, #3728, #3727 ) ;
#1841 = AXIS2_PLACEMENT_3D ( 'NONE', #3721, #3715, #3714 ) ;
#1842 = AXIS2_PLACEMENT_3D ( 'NONE', #3707, #3703, #3698 ) ;
#1843 = CIRCLE ( 'NONE', #1856, 3.174999999999986900 ) ;
#1844 = CIRCLE ( 'NONE', #1846, 3.174999999999991400 ) ;
#1845 = VECTOR ( 'NONE', #3642, 1000.000000000000000 ) ;
#1846 = AXIS2_PLACEMENT_3D ( 'NONE', #3611, #3604, #3596 ) ;
#1847 = CIRCLE ( 'NONE', #1853, 27.83999217069936100 ) ;
#1848 = VECTOR ( 'NONE', #3558, 1000.000000000000000 ) ;
#1849 = CIRCLE ( 'NONE', #1851, 27.83999217069936100 ) ;
#1850 = VECTOR ( 'NONE', #3770, 1000.000000000000000 ) ;
#1851 = AXIS2_PLACEMENT_3D ( 'NONE', #3769, #3767, #3766 ) ;
#1852 = CIRCLE ( 'NONE', #1872, 27.83999217069936100 ) ;
#1853 = AXIS2_PLACEMENT_3D ( 'NONE', #3765, #3764, #3763 ) ;
#1854 = CIRCLE ( 'NONE', #1858, 3.174999999999986900 ) ;
#1855 = VECTOR ( 'NONE', #3760, 1000.000000000000000 ) ;
#1856 = AXIS2_PLACEMENT_3D ( 'NONE', #3743, #3742, #3741 ) ;
#1857 = VECTOR ( 'NONE', #3723, 1000.000000000000000 ) ;
#1858 = AXIS2_PLACEMENT_3D ( 'NONE', #3713, #3712, #3711 ) ;
#1859 = CIRCLE ( 'NONE', #1864, 27.83999217069936100 ) ;
#1860 = VECTOR ( 'NONE', #3701, 1000.000000000000000 ) ;
#1861 = CIRCLE ( 'NONE', #1863, 27.83999217069936100 ) ;
#1862 = VECTOR ( 'NONE', #3682, 1000.000000000000000 ) ;
#1863 = AXIS2_PLACEMENT_3D ( 'NONE', #3681, #3680, #3679 ) ;
#1864 = AXIS2_PLACEMENT_3D ( 'NONE', #3677, #3676, #3675 ) ;
#1865 = CIRCLE ( 'NONE', #1880, 27.83999217069936100 ) ;
#1866 = VECTOR ( 'NONE', #3672, 1000.000000000000000 ) ;
#1867 = VECTOR ( 'NONE', #3643, 1000.000000000000000 ) ;
#1868 = CIRCLE ( 'NONE', #1870, 27.83999217069936100 ) ;
#1869 = VECTOR ( 'NONE', #3624, 1000.000000000000000 ) ;
#1870 = AXIS2_PLACEMENT_3D ( 'NONE', #3623, #3622, #3620 ) ;
#1871 = CIRCLE ( 'NONE', #1882, 3.174999999999990500 ) ;
#1872 = AXIS2_PLACEMENT_3D ( 'NONE', #3619, #3618, #3617 ) ;
#1873 = CIRCLE ( 'NONE', #1890, 27.83999217069936100 ) ;
#1874 = VECTOR ( 'NONE', #3614, 1000.000000000000000 ) ;
#1875 = VECTOR ( 'NONE', #3578, 1000.000000000000000 ) ;
#1876 = CIRCLE ( 'NONE', #1878, 27.83999217069936100 ) ;
#1877 = VECTOR ( 'NONE', #3560, 1000.000000000000000 ) ;
#1878 = AXIS2_PLACEMENT_3D ( 'NONE', #3559, #3557, #3556 ) ;
#1879 = AXIS2_PLACEMENT_3D ( 'NONE', #2075, #2070, #2062 ) ;
#1880 = AXIS2_PLACEMENT_3D ( 'NONE', #3554, #3553, #3552 ) ;
#1881 = VECTOR ( 'NONE', #3550, 1000.000000000000000 ) ;
#1882 = AXIS2_PLACEMENT_3D ( 'NONE', #3534, #3531, #3530 ) ;
#1883 = CIRCLE ( 'NONE', #1884, 3.174999999999990500 ) ;
#1884 = AXIS2_PLACEMENT_3D ( 'NONE', #3516, #3515, #3513 ) ;
#1885 = VECTOR ( 'NONE', #3511, 1000.000000000000000 ) ;
#1886 = CIRCLE ( 'NONE', #1888, 27.83999217069936100 ) ;
#1887 = VECTOR ( 'NONE', #2292, 1000.000000000000000 ) ;
#1888 = AXIS2_PLACEMENT_3D ( 'NONE', #2285, #2284, #2281 ) ;
#1889 = CIRCLE ( 'NONE', #1896, 27.83999217069936100 ) ;
#1890 = AXIS2_PLACEMENT_3D ( 'NONE', #2274, #2272, #2269 ) ;
#1891 = CIRCLE ( 'NONE', #1893, 3.174999999999997200 ) ;
#1892 = VECTOR ( 'NONE', #2261, 1000.000000000000000 ) ;
#1893 = AXIS2_PLACEMENT_3D ( 'NONE', #2214, #2210, #2209 ) ;
#1894 = AXIS2_PLACEMENT_3D ( 'NONE', #2299, #2298, #2297 ) ;
#1895 = VECTOR ( 'NONE', #2195, 1000.000000000000000 ) ;
#1896 = AXIS2_PLACEMENT_3D ( 'NONE', #2128, #2123, #2119 ) ;
#1897 = AXIS2_PLACEMENT_3D ( 'NONE', #2323, #2322, #2321 ) ;
#1898 = VECTOR ( 'NONE', #2106, 1000.000000000000000 ) ;
#1899 = VECTOR ( 'NONE', #2093, 1000.000000000000000 ) ;
#1900 = AXIS2_PLACEMENT_3D ( 'NONE', #2049, #2045, #2039 ) ;
#1901 = VECTOR ( 'NONE', #2082, 1000.000000000000000 ) ;
#1902 = AXIS2_PLACEMENT_3D ( 'NONE', #2319, #2318, #2317 ) ;
#1903 = VECTOR ( 'NONE', #2053, 1000.000000000000000 ) ;
#1904 = AXIS2_PLACEMENT_3D ( 'NONE', #2315, #2314, #2313 ) ;
#1905 = AXIS2_PLACEMENT_3D ( 'NONE', #2295, #2294, #2293 ) ;
#1906 = AXIS2_PLACEMENT_3D ( 'NONE', #2291, #2290, #2289 ) ;
#1907 = AXIS2_PLACEMENT_3D ( 'NONE', #2302, #2301, #2300 ) ;
#1908 = AXIS2_PLACEMENT_3D ( 'NONE', #2231, #2230, #2229 ) ;
#1909 = AXIS2_PLACEMENT_3D ( 'NONE', #2288, #2287, #2286 ) ;
#1910 = AXIS2_PLACEMENT_3D ( 'NONE', #2283, #2282, #2280 ) ;
#1911 = AXIS2_PLACEMENT_3D ( 'NONE', #2279, #2278, #2277 ) ;
#1912 = AXIS2_PLACEMENT_3D ( 'NONE', #2276, #2275, #2273 ) ;
#1913 = AXIS2_PLACEMENT_3D ( 'NONE', #2271, #2270, #2268 ) ;
#1914 = AXIS2_PLACEMENT_3D ( 'NONE', #2267, #2266, #2265 ) ;
#1915 = AXIS2_PLACEMENT_3D ( 'NONE', #2263, #2262, #2260 ) ;
#1916 = AXIS2_PLACEMENT_3D ( 'NONE', #2259, #2258, #2257 ) ;
#1917 = AXIS2_PLACEMENT_3D ( 'NONE', #2255, #2254, #2253 ) ;
#1918 = AXIS2_PLACEMENT_3D ( 'NONE', #2251, #2250, #2249 ) ;
#1919 = AXIS2_PLACEMENT_3D ( 'NONE', #2247, #2246, #2245 ) ;
#1920 = AXIS2_PLACEMENT_3D ( 'NONE', #2243, #2242, #2241 ) ;
#1921 = AXIS2_PLACEMENT_3D ( 'NONE', #2239, #2238, #2237 ) ;
#1922 = AXIS2_PLACEMENT_3D ( 'NONE', #2235, #2234, #2232 ) ;
#1923 = VECTOR ( 'NONE', #4292, 1000.000000000000000 ) ;
#1924 = VECTOR ( 'NONE', #3792, 1000.000000000000000 ) ;
#1925 = CIRCLE ( 'NONE', #1926, 27.83999217069936100 ) ;
#1926 = AXIS2_PLACEMENT_3D ( 'NONE', #4291, #4290, #4289 ) ;
#1927 = CIRCLE ( 'NONE', #1932, 3.174999999999992300 ) ;
#1928 = AXIS2_PLACEMENT_3D ( 'NONE', #4288, #4287, #4286 ) ;
#1929 = AXIS2_PLACEMENT_3D ( 'NONE', #4170, #4168, #4167 ) ;
#1930 = VECTOR ( 'NONE', #4284, 1000.000000000000000 ) ;
#1931 = CIRCLE ( 'NONE', #1935, 3.174999999999992300 ) ;
#1932 = AXIS2_PLACEMENT_3D ( 'NONE', #4268, #4265, #4264 ) ;
#1933 = AXIS2_PLACEMENT_3D ( 'NONE', #4166, #4165, #4163 ) ;
#1934 = VECTOR ( 'NONE', #4245, 1000.000000000000000 ) ;
#1935 = AXIS2_PLACEMENT_3D ( 'NONE', #4235, #4234, #4233 ) ;
#1936 = CIRCLE ( 'NONE', #1942, 27.83999217069936100 ) ;
#1937 = VECTOR ( 'NONE', #4223, 1000.000000000000000 ) ;
#1938 = CIRCLE ( 'NONE', #1940, 27.83999217069936100 ) ;
#1939 = VECTOR ( 'NONE', #4206, 1000.000000000000000 ) ;
#1940 = AXIS2_PLACEMENT_3D ( 'NONE', #4205, #4203, #4202 ) ;
#1941 = AXIS2_PLACEMENT_3D ( 'NONE', #4177, #4176, #4175 ) ;
#1942 = AXIS2_PLACEMENT_3D ( 'NONE', #4201, #4199, #4198 ) ;
#1943 = AXIS2_PLACEMENT_3D ( 'NONE', #4162, #4161, #4160 ) ;
#1944 = VECTOR ( 'NONE', #4195, 1000.000000000000000 ) ;
#1945 = AXIS2_PLACEMENT_3D ( 'NONE', #4173, #4172, #4171 ) ;
#1946 = TOROIDAL_SURFACE ( 'NONE', #1943, 22.86121657245304900, 10.99999999999998600 ) ;
#1947 = AXIS2_PLACEMENT_3D ( 'NONE', #4142, #4141, #4140 ) ;
#1948 = AXIS2_PLACEMENT_3D ( 'NONE', #4159, #4157, #4156 ) ;
#1949 = TOROIDAL_SURFACE ( 'NONE', #1948, 22.86121657245304900, 11.00000000000000000 ) ;
#1950 = AXIS2_PLACEMENT_3D ( 'NONE', #4155, #4153, #4152 ) ;
#1951 = TOROIDAL_SURFACE ( 'NONE', #1950, 16.30000000000000100, 0.2000000000000000100 ) ;
#1952 = AXIS2_PLACEMENT_3D ( 'NONE', #4147, #4145, #4144 ) ;
#1953 = AXIS2_PLACEMENT_3D ( 'NONE', #4150, #4149, #4148 ) ;
#1954 = AXIS2_PLACEMENT_3D ( 'NONE', #4139, #4138, #4136 ) ;
#1955 = AXIS2_PLACEMENT_3D ( 'NONE', #4135, #4134, #4133 ) ;
#1956 = AXIS2_PLACEMENT_3D ( 'NONE', #4132, #4131, #4130 ) ;
#1957 = CIRCLE ( 'NONE', #1974, 3.174999999999993600 ) ;
#1958 = CIRCLE ( 'NONE', #1960, 27.83999217069936100 ) ;
#1959 = CIRCLE ( 'NONE', #1962, 3.174999999999993600 ) ;
#1960 = AXIS2_PLACEMENT_3D ( 'NONE', #4129, #4128, #4127 ) ;
#1961 = VECTOR ( 'NONE', #4125, 1000.000000000000000 ) ;
#1962 = AXIS2_PLACEMENT_3D ( 'NONE', #4107, #4106, #4104 ) ;
#1963 = CIRCLE ( 'NONE', #1964, 3.174999999999993600 ) ;
#1964 = AXIS2_PLACEMENT_3D ( 'NONE', #4087, #4085, #4084 ) ;
#1965 = CIRCLE ( 'NONE', #1971, 27.83999217069936100 ) ;
#1966 = VECTOR ( 'NONE', #4076, 1000.000000000000000 ) ;
#1967 = CIRCLE ( 'NONE', #1969, 27.83999217069936100 ) ;
#1968 = VECTOR ( 'NONE', #4059, 1000.000000000000000 ) ;
#1969 = AXIS2_PLACEMENT_3D ( 'NONE', #4057, #4056, #4055 ) ;
#1970 = CIRCLE ( 'NONE', #1990, 22.97743314490728400 ) ;
#1971 = AXIS2_PLACEMENT_3D ( 'NONE', #4054, #4053, #4051 ) ;
#1972 = CIRCLE ( 'NONE', #1977, 3.174999999999993600 ) ;
#1973 = VECTOR ( 'NONE', #4048, 1000.000000000000000 ) ;
#1974 = AXIS2_PLACEMENT_3D ( 'NONE', #4032, #4031, #4030 ) ;
#1975 = CIRCLE ( 'NONE', #1992, 22.97743314490728400 ) ;
#1976 = VECTOR ( 'NONE', #4015, 1000.000000000000000 ) ;
#1977 = AXIS2_PLACEMENT_3D ( 'NONE', #4006, #4005, #4004 ) ;
#1978 = CIRCLE ( 'NONE', #1984, 27.83999217069936100 ) ;
#1979 = VECTOR ( 'NONE', #3993, 1000.000000000000000 ) ;
#1980 = CIRCLE ( 'NONE', #1982, 27.83999217069936100 ) ;
#1981 = VECTOR ( 'NONE', #3976, 1000.000000000000000 ) ;
#1982 = AXIS2_PLACEMENT_3D ( 'NONE', #3975, #3970, #3969 ) ;
#1983 = CIRCLE ( 'NONE', #1988, 22.97743314490728400 ) ;
#1984 = AXIS2_PLACEMENT_3D ( 'NONE', #3968, #3967, #3966 ) ;
#1985 = CIRCLE ( 'NONE', #1986, 16.50000000000000000 ) ;
#1986 = AXIS2_PLACEMENT_3D ( 'NONE', #3948, #3947, #3946 ) ;
#1987 = CIRCLE ( 'NONE', #1994, 22.97743314490728400 ) ;
#1988 = AXIS2_PLACEMENT_3D ( 'NONE', #3945, #3944, #3943 ) ;
#1989 = CIRCLE ( 'NONE', #1996, 22.97743314490728400 ) ;
#1990 = AXIS2_PLACEMENT_3D ( 'NONE', #3942, #3941, #3940 ) ;
#1991 = CIRCLE ( 'NONE', #1998, 22.97743314490728400 ) ;
#1992 = AXIS2_PLACEMENT_3D ( 'NONE', #3938, #3936, #3935 ) ;
#1993 = CIRCLE ( 'NONE', #2000, 22.97743314490728400 ) ;
#1994 = AXIS2_PLACEMENT_3D ( 'NONE', #3933, #3932, #3931 ) ;
#1995 = CIRCLE ( 'NONE', #2008, 22.97743314490728400 ) ;
#1996 = AXIS2_PLACEMENT_3D ( 'NONE', #3929, #3928, #3927 ) ;
#1997 = CIRCLE ( 'NONE', #2006, 22.97743314490728400 ) ;
#1998 = AXIS2_PLACEMENT_3D ( 'NONE', #3926, #3924, #3923 ) ;
#1999 = CIRCLE ( 'NONE', #2004, 22.97743314490728400 ) ;
#2000 = AXIS2_PLACEMENT_3D ( 'NONE', #3922, #3920, #3919 ) ;
#2001 = CIRCLE ( 'NONE', #2002, 22.97743314490728400 ) ;
#2002 = AXIS2_PLACEMENT_3D ( 'NONE', #3918, #3917, #3916 ) ;
#2003 = CIRCLE ( 'NONE', #2010, 22.97743314490728400 ) ;
#2004 = AXIS2_PLACEMENT_3D ( 'NONE', #3915, #3914, #3911 ) ;
#2005 = CIRCLE ( 'NONE', #2012, 22.97743314490728400 ) ;
#2006 = AXIS2_PLACEMENT_3D ( 'NONE', #3910, #3909, #3908 ) ;
#2007 = CIRCLE ( 'NONE', #2014, 22.97743314490728400 ) ;
#2008 = AXIS2_PLACEMENT_3D ( 'NONE', #3907, #3905, #3904 ) ;
#2009 = CIRCLE ( 'NONE', #2016, 22.97743314490728400 ) ;
#2010 = AXIS2_PLACEMENT_3D ( 'NONE', #3903, #3901, #3900 ) ;
#2011 = CIRCLE ( 'NONE', #2018, 22.97743314490728400 ) ;
#2012 = AXIS2_PLACEMENT_3D ( 'NONE', #3899, #3898, #3896 ) ;
#2013 = CIRCLE ( 'NONE', #2020, 22.97743314490728400 ) ;
#2014 = AXIS2_PLACEMENT_3D ( 'NONE', #3895, #3893, #3892 ) ;
#2015 = CIRCLE ( 'NONE', #2025, 6.000000000000000000 ) ;
#2016 = AXIS2_PLACEMENT_3D ( 'NONE', #3891, #3890, #3889 ) ;
#2017 = CIRCLE ( 'NONE', #2027, 22.97743314490599800 ) ;
#2018 = AXIS2_PLACEMENT_3D ( 'NONE', #3888, #3886, #3885 ) ;
#2019 = CIRCLE ( 'NONE', #2029, 22.97743314490599800 ) ;
#2020 = AXIS2_PLACEMENT_3D ( 'NONE', #3883, #3882, #3881 ) ;
#2021 = VECTOR ( 'NONE', #3879, 1000.000000000000000 ) ;
#2022 = VECTOR ( 'NONE', #3877, 1000.000000000000000 ) ;
#2023 = CIRCLE ( 'NONE', #2030, 22.97743314490599800 ) ;
#2024 = VECTOR ( 'NONE', #3875, 1000.000000000000000 ) ;
#2025 = AXIS2_PLACEMENT_3D ( 'NONE', #3874, #3873, #3872 ) ;
#2026 = CIRCLE ( 'NONE', #2032, 22.97743314490599800 ) ;
#2027 = AXIS2_PLACEMENT_3D ( 'NONE', #3869, #3868, #3867 ) ;
#2028 = CIRCLE ( 'NONE', #405, 22.97743314490599800 ) ;
#2029 = AXIS2_PLACEMENT_3D ( 'NONE', #3866, #3865, #3864 ) ;
#2030 = AXIS2_PLACEMENT_3D ( 'NONE', #3863, #3861, #3860 ) ;
#2031 = AXIS2_PLACEMENT_3D ( 'NONE', #2226, #2224, #2223 ) ;
#2032 = AXIS2_PLACEMENT_3D ( 'NONE', #3858, #3857, #3856 ) ;
#2033 = AXIS2_PLACEMENT_3D ( 'NONE', #3850, #3849, #3848 ) ;
#2034 = CARTESIAN_POINT ( 'NONE',  ( 24.93063861226510300, 12.39065867697267400, 15.89062500000004600 ) ) ;
#2035 = CARTESIAN_POINT ( 'NONE',  ( 24.93063861226510300, 12.39065867697267400, 18.80937500000001700 ) ) ;
#2036 = CARTESIAN_POINT ( 'NONE',  ( 24.91202325843929100, 12.42804333898065700, 15.89062500000004600 ) ) ;
#2037 = CARTESIAN_POINT ( 'NONE',  ( 24.91202325843929100, 12.42804333898065700, 18.80937500000001700 ) ) ;
#2038 = CARTESIAN_POINT ( 'NONE',  ( 20.92883945069814500, 12.45469736894059500, 14.80119978596523600 ) ) ;
#2039 = DIRECTION ( 'NONE',  ( -1.000000000000000000, 0.0000000000000000000, 0.0000000000000000000 ) ) ;
#2040 = CARTESIAN_POINT ( 'NONE',  ( 20.92883945067125500, 12.45469736893852000, 19.89880021403806200 ) ) ;
#2041 = CARTESIAN_POINT ( 'NONE',  ( 17.63811027735082200, 14.72615020202619500, 20.00000000000000000 ) ) ;
#2042 = CARTESIAN_POINT ( 'NONE',  ( 18.99088688724436100, 12.93478446532894400, 20.00000000000000000 ) ) ;
#2043 = CARTESIAN_POINT ( 'NONE',  ( 18.99088688724707900, 12.93478446532722800, 14.69999999999999900 ) ) ;
#2044 = CARTESIAN_POINT ( 'NONE',  ( 17.63811027734991300, 14.72615020202927900, 14.69999999999999900 ) ) ;
#2045 = DIRECTION ( 'NONE',  ( -0.0000000000000000000, -0.0000000000000000000, -1.000000000000000000 ) ) ;
#2046 = CARTESIAN_POINT ( 'NONE',  ( 18.77110598162724000, 20.55993055170954900, 15.89062500000004600 ) ) ;
#2047 = CARTESIAN_POINT ( 'NONE',  ( 18.77110598162724000, 20.55993055170954900, 18.80937500000001700 ) ) ;
#2048 = CARTESIAN_POINT ( 'NONE',  ( 18.74024278355052400, 20.58806606940497000, 15.89062500000004600 ) ) ;
#2049 = CARTESIAN_POINT ( 'NONE',  ( 20.29765175533085000, 15.28993191518437900, 20.00000000000000000 ) ) ;
#2050 = CARTESIAN_POINT ( 'NONE',  ( 18.74024278355052400, 20.58806606940497000, 18.80937500000001700 ) ) ;
#2051 = CARTESIAN_POINT ( 'NONE',  ( 15.01640595201550900, 19.17402825670144000, 14.80119978596387800 ) ) ;
#2052 = CARTESIAN_POINT ( 'NONE',  ( 15.01640595200115100, 19.17402825669456200, 19.89880021403806200 ) ) ;
#2053 = DIRECTION ( 'NONE',  ( -0.0000000000000000000, -0.0000000000000000000, -1.000000000000000000 ) ) ;
#2054 = CARTESIAN_POINT ( 'NONE',  ( 13.03589154209072600, 18.92162692876939900, 14.69999999999999900 ) ) ;
#2055 = CARTESIAN_POINT ( 'NONE',  ( 11.12734897729701400, 20.10334645441227900, 14.69999999999999900 ) ) ;
#2056 = CARTESIAN_POINT ( 'NONE',  ( 24.93064562338290500, 12.39066216153514200, 20.00000000000000000 ) ) ;
#2057 = CARTESIAN_POINT ( 'NONE',  ( 10.47049814407968400, 21.98873520506899100, 14.80119978596192400 ) ) ;
#2058 = CARTESIAN_POINT ( 'NONE',  ( 10.47049814407927400, 21.98873520509564700, 19.89880021403478900 ) ) ;
#2059 = CARTESIAN_POINT ( 'NONE',  ( 11.12734897729897400, 20.10334645440973100, 20.00000000000000000 ) ) ;
#2060 = CARTESIAN_POINT ( 'NONE',  ( 13.03589154208757100, 18.92162692877001400, 20.00000000000000000 ) ) ;
#2061 = CARTESIAN_POINT ( 'NONE',  ( 10.07643147388168400, 25.95246987892998900, 15.89062500000004600 ) ) ;
#2062 = DIRECTION ( 'NONE',  ( -1.000000000000000000, 0.0000000000000000000, 0.0000000000000000000 ) ) ;
#2063 = CARTESIAN_POINT ( 'NONE',  ( 10.07643147388168400, 25.95246987892998900, 18.80937500000001700 ) ) ;
#2064 = CARTESIAN_POINT ( 'NONE',  ( 10.03748867747319000, 25.96755639474379200, 15.89062500000004600 ) ) ;
#2065 = CARTESIAN_POINT ( 'NONE',  ( 10.03748867747319000, 25.96755639474379200, 18.80937500000001700 ) ) ;
#2066 = CARTESIAN_POINT ( 'NONE',  ( -2.000000000000000000, 7.799999999999999800, 20.00000000000000000 ) ) ;
#2067 = CARTESIAN_POINT ( 'NONE',  ( 2.000000000000000000, 7.799999999999999800, 20.00000000000000000 ) ) ;
#2068 = CARTESIAN_POINT ( 'NONE',  ( 2.000000000000000000, 5.656854249492379700, 20.00000000000000000 ) ) ;
#2069 = CARTESIAN_POINT ( 'NONE',  ( 2.000000000000000000, 5.656854249492379700, 0.0000000000000000000 ) ) ;
#2070 = DIRECTION ( 'NONE',  ( -0.0000000000000000000, -0.0000000000000000000, -1.000000000000000000 ) ) ;
#2071 = CARTESIAN_POINT ( 'NONE',  ( 2.000000000000000000, 7.800000000000001600, 8.499999999999897000 ) ) ;
#2072 = CARTESIAN_POINT ( 'NONE',  ( -15.37444689182550700, -5.989689705689021300, 6.999999999999893400 ) ) ;
#2073 = CARTESIAN_POINT ( 'NONE',  ( 3.061616293828322400E-016, 16.50000000000000000, 9.499999999999895200 ) ) ;
#2074 = CARTESIAN_POINT ( 'NONE',  ( 22.97743314490728400, 0.0000000000000000000, 14.69999999999999900 ) ) ;
#2075 = CARTESIAN_POINT ( 'NONE',  ( 0.0000000000000000000, 0.0000000000000000000, 20.00000000000000000 ) ) ;
#2076 = CARTESIAN_POINT ( 'NONE',  ( -3.473610906922773200, -4.892241538120041300, 6.999999999999895200 ) ) ;
#2077 = CARTESIAN_POINT ( 'NONE',  ( 3.061616997868383600E-016, 7.800000000000001600, 9.499999999999895200 ) ) ;
#2078 = CARTESIAN_POINT ( 'NONE',  ( -1.999999999999999600, 7.799999999999999800, 8.499999999999897000 ) ) ;
#2079 = CARTESIAN_POINT ( 'NONE',  ( 22.95566401667493400, -0.9999617403777648600, 14.69999999999999900 ) ) ;
#2080 = CARTESIAN_POINT ( 'NONE',  ( -5.973610906922794500, -0.5621145191978599300, 6.999999999999895200 ) ) ;
#2081 = CARTESIAN_POINT ( 'NONE',  ( -12.87444689182548500, -10.31981672461120400, 6.999999999999895200 ) ) ;
#2082 = DIRECTION ( 'NONE',  ( -0.0000000000000000000, -0.0000000000000000000, -1.000000000000000000 ) ) ;
#2083 = CARTESIAN_POINT ( 'NONE',  ( -9.035959115183417600E-018, 16.50000000000000000, 4.499999999999894300 ) ) ;
#2084 = CARTESIAN_POINT ( 'NONE',  ( -1.999999999999999600, 7.799999999999999800, 5.499999999999893400 ) ) ;
#2085 = CARTESIAN_POINT ( 'NONE',  ( 0.0000000000000000000, 7.800000000000001600, 4.499999999999894300 ) ) ;
#2086 = CARTESIAN_POINT ( 'NONE',  ( -6.000000000000000000, 0.0000000000000000000, 20.00000000000000000 ) ) ;
#2087 = CARTESIAN_POINT ( 'NONE',  ( 6.000000000000000000, 7.347880794884119700E-016, 20.00000000000000000 ) ) ;
#2088 = CARTESIAN_POINT ( 'NONE',  ( 6.000000000000000000, 7.347880794884119700E-016, 0.0000000000000000000 ) ) ;
#2089 = CARTESIAN_POINT ( 'NONE',  ( 2.000000000000000000, 5.656854249492379700, 20.58291489492222600 ) ) ;
#2090 = CARTESIAN_POINT ( 'NONE',  ( -6.000000000000000000, 0.0000000000000000000, 0.0000000000000000000 ) ) ;
#2091 = CARTESIAN_POINT ( 'NONE',  ( -1.999999999999999600, 5.656854249492379700, 20.00000000000000000 ) ) ;
#2092 = CARTESIAN_POINT ( 'NONE',  ( -1.999999999999999600, 5.656854249492379700, 0.0000000000000000000 ) ) ;
#2093 = DIRECTION ( 'NONE',  ( -0.0000000000000000000, -0.0000000000000000000, -1.000000000000000000 ) ) ;
#2094 = CARTESIAN_POINT ( 'NONE',  ( 23.72115444633735800, 5.436511658314387400E-016, 14.73305089998739000 ) ) ;
#2095 = CARTESIAN_POINT ( 'NONE',  ( 22.95566401667352400, -0.9999617403806538900, 20.00000000000000000 ) ) ;
#2096 = CARTESIAN_POINT ( 'NONE',  ( -2.000000000000000000, 7.799999999999999800, 20.58291489492222600 ) ) ;
#2097 = CARTESIAN_POINT ( 'NONE',  ( 23.72115444633513400, 1.279070252211931700E-012, 19.96694910001311000 ) ) ;
#2098 = CARTESIAN_POINT ( 'NONE',  ( 22.97743314490599800, 0.0000000000000000000, 20.00000000000000000 ) ) ;
#2099 = CARTESIAN_POINT ( 'NONE',  ( -16.30000000000000100, 2.008420750601659300E-015, 0.0000000000000000000 ) ) ;
#2100 = CARTESIAN_POINT ( 'NONE',  ( 16.30000000000000100, 0.0000000000000000000, 0.0000000000000000000 ) ) ;
#2101 = CARTESIAN_POINT ( 'NONE',  ( -16.50000000000000000, 0.0000000000000000000, 0.2000000000000005100 ) ) ;
#2102 = CARTESIAN_POINT ( 'NONE',  ( 16.50000000000000000, 2.020667218593133100E-015, 0.2000000000000005100 ) ) ;
#2103 = CARTESIAN_POINT ( 'NONE',  ( 16.50000000000000000, 2.020667218593133100E-015, 14.69999999999999900 ) ) ;
#2104 = CARTESIAN_POINT ( 'NONE',  ( -16.50000000000000000, 0.0000000000000000000, 14.69999999999999900 ) ) ;
#2105 = CARTESIAN_POINT ( 'NONE',  ( 17.50960653110382000, 15.62028977494749200, 19.98406175390649500 ) ) ;
#2106 = DIRECTION ( 'NONE',  ( -0.0000000000000000000, -0.0000000000000000000, -1.000000000000000000 ) ) ;
#2107 = CARTESIAN_POINT ( 'NONE',  ( 17.70669609022192500, 16.72150474310438600, 19.89880021403433500 ) ) ;
#2108 = CARTESIAN_POINT ( 'NONE',  ( 17.50960653110382000, 15.62028977495018700, 14.71593824609358600 ) ) ;
#2109 = CARTESIAN_POINT ( 'NONE',  ( -2.000000000000000000, 7.799999999999999800, 20.58291489492222600 ) ) ;
#2110 = CARTESIAN_POINT ( 'NONE',  ( 17.70669609021138400, 16.72150474307588700, 14.80119978596192400 ) ) ;
#2111 = CARTESIAN_POINT ( 'NONE',  ( 21.75552067103947400, 7.093344702668370700, 20.00000000000000000 ) ) ;
#2112 = CARTESIAN_POINT ( 'NONE',  ( 21.76674704830341900, 7.360105764443818400, 20.00000000000000000 ) ) ;
#2113 = CARTESIAN_POINT ( 'NONE',  ( 21.75552067103947400, 7.093344702668370700, 14.69999999999999900 ) ) ;
#2114 = CARTESIAN_POINT ( 'NONE',  ( 21.76674704830368900, 7.360105764447022000, 14.69999999999999900 ) ) ;
#2115 = CARTESIAN_POINT ( 'NONE',  ( 22.55150661316990200, 9.195942408473962700, 14.80119978596192000 ) ) ;
#2116 = CARTESIAN_POINT ( 'NONE',  ( 22.55150661318522500, 9.195942408491298200, 19.89880021403522600 ) ) ;
#2117 = CARTESIAN_POINT ( 'NONE',  ( 22.63442984956730100, -2.391595877288803500, 20.00000000000000000 ) ) ;
#2118 = CARTESIAN_POINT ( 'NONE',  ( 22.63442984956730100, -2.391595877288803500, 14.69999999999999900 ) ) ;
#2119 = DIRECTION ( 'NONE',  ( 1.000000000000000000, 0.0000000000000000000, 0.0000000000000000000 ) ) ;
#2120 = CARTESIAN_POINT ( 'NONE',  ( 24.35061120580784400, 0.4284170951316763600, 14.80119978596192000 ) ) ;
#2121 = CARTESIAN_POINT ( 'NONE',  ( 24.35061120582243900, 0.4284170951392275400, 19.89880021403604700 ) ) ;
#2122 = CARTESIAN_POINT ( 'NONE',  ( 20.02763251192320800, -11.55353818172810100, 19.99754096046055800 ) ) ;
#2123 = DIRECTION ( 'NONE',  ( -0.0000000000000000000, -0.0000000000000000000, 1.000000000000000000 ) ) ;
#2124 = CARTESIAN_POINT ( 'NONE',  ( 20.04371093081070400, -11.23441525183772400, 20.00000000000000000 ) ) ;
#2125 = CARTESIAN_POINT ( 'NONE',  ( 20.02763251192321200, -11.55353818170668300, 14.70245903953917500 ) ) ;
#2126 = CARTESIAN_POINT ( 'NONE',  ( 20.04371093081038400, -11.23441525184092700, 14.69999999999999900 ) ) ;
#2127 = CARTESIAN_POINT ( 'NONE',  ( 21.04429135786875800, -9.224978871185229000, 14.69999999999999900 ) ) ;
#2128 = CARTESIAN_POINT ( 'NONE',  ( 0.0000000000000000000, 0.0000000000000000000, 15.89062500000004600 ) ) ;
#2129 = CARTESIAN_POINT ( 'NONE',  ( 22.86103082370674100, -8.396968320849211400, 14.80119978596191800 ) ) ;
#2130 = CARTESIAN_POINT ( 'NONE',  ( 22.86103082373358900, -8.396968320846305300, 19.89880021403475400 ) ) ;
#2131 = CARTESIAN_POINT ( 'NONE',  ( 21.04429135786639900, -9.224978871187417400, 20.00000000000000000 ) ) ;
#2132 = CARTESIAN_POINT ( 'NONE',  ( 14.28719108331875500, -19.15511113435950800, 19.95178804301835000 ) ) ;
#2133 = CARTESIAN_POINT ( 'NONE',  ( 14.63186493297729400, -17.71640376915512900, 20.00000000000000000 ) ) ;
#2134 = CARTESIAN_POINT ( 'NONE',  ( 14.28719108331875500, -19.15511113435951500, 14.74821195698163500 ) ) ;
#2135 = CARTESIAN_POINT ( 'NONE',  ( 14.63186493297583700, -17.71640376915799600, 14.69999999999999900 ) ) ;
#2136 = CARTESIAN_POINT ( 'NONE',  ( 22.55150661316990200, 9.195942408473962700, 14.80119978596192000 ) ) ;
#2137 = CARTESIAN_POINT ( 'NONE',  ( 16.29077054073846400, -16.20411148806658400, 14.69999999999999900 ) ) ;
#2138 = CARTESIAN_POINT ( 'NONE',  ( 18.28394155151921700, -16.08829663589169800, 14.80119978596192000 ) ) ;
#2139 = CARTESIAN_POINT ( 'NONE',  ( 18.28394155154693800, -16.08829663589912700, 19.89880021403454400 ) ) ;
#2140 = CARTESIAN_POINT ( 'NONE',  ( 23.01023891168127400, 9.714981587459050200, 14.88624988892741300 ) ) ;
#2141 = CARTESIAN_POINT ( 'NONE',  ( 16.29077054073547300, -16.20411148806777000, 20.00000000000000000 ) ) ;
#2142 = CARTESIAN_POINT ( 'NONE',  ( 1.999999999999999600, 7.799999999999999800, 5.499999999999893400 ) ) ;
#2143 = CARTESIAN_POINT ( 'NONE',  ( 2.000000000000000000, 7.799999999999999800, 0.0000000000000000000 ) ) ;
#2144 = CARTESIAN_POINT ( 'NONE',  ( -2.000000000000000000, 7.799999999999999800, 0.0000000000000000000 ) ) ;
#2145 = CARTESIAN_POINT ( 'NONE',  ( 23.43557116061069600, 10.24169108695757100, 15.02174572490745600 ) ) ;
#2146 = CARTESIAN_POINT ( 'NONE',  ( 5.320326809806363000, 22.35299882712696400, 14.69999999999999900 ) ) ;
#2147 = CARTESIAN_POINT ( 'NONE',  ( 7.075923620754397600, 23.30380038144582100, 14.80119978596532000 ) ) ;
#2148 = CARTESIAN_POINT ( 'NONE',  ( 24.22674965870814400, 11.30771751682460800, 15.38567138854654300 ) ) ;
#2149 = CARTESIAN_POINT ( 'NONE',  ( 3.113777539090942300, 22.76547437163865700, 14.69999999999999900 ) ) ;
#2150 = CARTESIAN_POINT ( 'NONE',  ( 24.59254272434472100, 11.84705986809565700, 15.61414281273623000 ) ) ;
#2151 = CARTESIAN_POINT ( 'NONE',  ( 1.820201404556920100, 24.28626513382957300, 14.80119978596192500 ) ) ;
#2152 = CARTESIAN_POINT ( 'NONE',  ( 1.820201404545200000, 24.28626513385849600, 19.89880021403422800 ) ) ;
#2153 = CARTESIAN_POINT ( 'NONE',  ( 3.113777539093692600, 22.76547437163698700, 20.00000000000000000 ) ) ;
#2154 = CARTESIAN_POINT ( 'NONE',  ( 5.320326809803193900, 22.35299882712640200, 20.00000000000000000 ) ) ;
#2155 = CARTESIAN_POINT ( 'NONE',  ( 7.075923620735456300, 23.30380038142567400, 19.89880021403805800 ) ) ;
#2156 = CARTESIAN_POINT ( 'NONE',  ( 0.02087906015411077800, 27.83998434140092800, 15.89062500000004600 ) ) ;
#2157 = CARTESIAN_POINT ( 'NONE',  ( 0.02087906015411077800, 27.83998434140092800, 18.80937500000001700 ) ) ;
#2158 = CARTESIAN_POINT ( 'NONE',  ( -0.02088389414151882500, 27.83998433777518500, 15.89062500000004600 ) ) ;
#2159 = CARTESIAN_POINT ( 'NONE',  ( -0.02088389414151882500, 27.83998433777518500, 18.80937500000001700 ) ) ;
#2160 = CARTESIAN_POINT ( 'NONE',  ( -1.820201404545091800, 24.28626513385869900, 14.80119978596578400 ) ) ;
#2161 = CARTESIAN_POINT ( 'NONE',  ( -1.820201404556837500, 24.28626513382971600, 19.89880021403804400 ) ) ;
#2162 = CARTESIAN_POINT ( 'NONE',  ( -3.113777539090922800, 22.76547437163865700, 14.69999999999999900 ) ) ;
#2163 = CARTESIAN_POINT ( 'NONE',  ( -5.320326809806330100, 22.35299882712697100, 14.69999999999999900 ) ) ;
#2164 = CARTESIAN_POINT ( 'NONE',  ( -7.075923620735325800, 23.30380038142557500, 14.80119978596190600 ) ) ;
#2165 = CARTESIAN_POINT ( 'NONE',  ( -7.075923620754199600, 23.30380038144564700, 19.89880021403469700 ) ) ;
#2166 = CARTESIAN_POINT ( 'NONE',  ( -5.320326809803160200, 22.35299882712640600, 20.00000000000000000 ) ) ;
#2167 = CARTESIAN_POINT ( 'NONE',  ( -3.113777539093673100, 22.76547437163698700, 20.00000000000000000 ) ) ;
#2168 = CARTESIAN_POINT ( 'NONE',  ( -10.03749318634214800, 25.96755465188697100, 15.89062500000004600 ) ) ;
#2169 = CARTESIAN_POINT ( 'NONE',  ( -10.03749318634214800, 25.96755465188697100, 18.80937500000001700 ) ) ;
#2170 = CARTESIAN_POINT ( 'NONE',  ( -10.07643598013095200, 25.95246812931140200, 15.89062500000004600 ) ) ;
#2171 = CARTESIAN_POINT ( 'NONE',  ( -10.07643598013095200, 25.95246812931140200, 18.80937500000001700 ) ) ;
#2172 = CARTESIAN_POINT ( 'NONE',  ( -10.47049814407896700, 21.98873520509581400, 14.80119978596520100 ) ) ;
#2173 = CARTESIAN_POINT ( 'NONE',  ( -10.47049814407937700, 21.98873520506914400, 19.89880021403806200 ) ) ;
#2174 = CARTESIAN_POINT ( 'NONE',  ( -15.01640595200087700, 19.17402825669477200, 14.80119978596192500 ) ) ;
#2175 = CARTESIAN_POINT ( 'NONE',  ( -13.03589154209046600, 18.92162692876958000, 14.69999999999999900 ) ) ;
#2176 = CARTESIAN_POINT ( 'NONE',  ( -15.01640595201531300, 19.17402825670168200, 19.89880021403609700 ) ) ;
#2177 = CARTESIAN_POINT ( 'NONE',  ( -13.03589154208730600, 18.92162692877019500, 20.00000000000000000 ) ) ;
#2178 = CARTESIAN_POINT ( 'NONE',  ( -11.12734897729869300, 20.10334645440988400, 20.00000000000000000 ) ) ;
#2179 = CARTESIAN_POINT ( 'NONE',  ( -11.12734897729673200, 20.10334645441243900, 14.69999999999999900 ) ) ;
#2180 = CARTESIAN_POINT ( 'NONE',  ( -18.74024635835311200, 20.58806281544804800, 15.89062500000004600 ) ) ;
#2181 = CARTESIAN_POINT ( 'NONE',  ( -18.74024635835311500, 20.58806281544805100, 18.80937500000001700 ) ) ;
#2182 = CARTESIAN_POINT ( 'NONE',  ( -18.77110955154442000, 20.55992729239380500, 15.89062500000004600 ) ) ;
#2183 = CARTESIAN_POINT ( 'NONE',  ( -18.77110955154442000, 20.55992729239380500, 18.80937500000001700 ) ) ;
#2184 = CARTESIAN_POINT ( 'NONE',  ( -17.70669609022176500, 16.72150474310479900, 14.80119978596567500 ) ) ;
#2185 = CARTESIAN_POINT ( 'NONE',  ( -17.70669609021116700, 16.72150474307613200, 19.89880021403806200 ) ) ;
#2186 = CARTESIAN_POINT ( 'NONE',  ( -17.63811027734971400, 14.72615020202952400, 14.69999999999999900 ) ) ;
#2187 = CARTESIAN_POINT ( 'NONE',  ( -18.99088688724691600, 12.93478446532747500, 14.69999999999999900 ) ) ;
#2188 = CARTESIAN_POINT ( 'NONE',  ( 24.93063861226510300, 12.39065867697267400, 15.89062500000004600 ) ) ;
#2189 = CARTESIAN_POINT ( 'NONE',  ( -20.92883945067108100, 12.45469736893879400, 14.80119978596192400 ) ) ;
#2190 = CARTESIAN_POINT ( 'NONE',  ( -20.92883945069790700, 12.45469736894086300, 19.89880021403475800 ) ) ;
#2191 = CARTESIAN_POINT ( 'NONE',  ( -18.99088688724419800, 12.93478446532918900, 20.00000000000000000 ) ) ;
#2192 = CARTESIAN_POINT ( 'NONE',  ( -17.63811027735062400, 14.72615020202643500, 20.00000000000000000 ) ) ;
#2193 = CARTESIAN_POINT ( 'NONE',  ( -24.91202541637860400, 12.42803901338856100, 15.89062500000004600 ) ) ;
#2194 = CARTESIAN_POINT ( 'NONE',  ( -24.91202541637860400, 12.42803901338856100, 18.80937500000001700 ) ) ;
#2195 = DIRECTION ( 'NONE',  ( -0.0000000000000000000, -0.0000000000000000000, -1.000000000000000000 ) ) ;
#2196 = CARTESIAN_POINT ( 'NONE',  ( -24.93064076371308600, 12.39065434814842500, 15.89062500000004600 ) ) ;
#2197 = CARTESIAN_POINT ( 'NONE',  ( -24.93064076371308600, 12.39065434814842500, 18.80937500000001700 ) ) ;
#2198 = CARTESIAN_POINT ( 'NONE',  ( -22.55150661318513300, 9.195942408491610800, 14.80119978596476600 ) ) ;
#2199 = CARTESIAN_POINT ( 'NONE',  ( 24.91203242226191300, 12.42804250846327500, 20.00000000000000000 ) ) ;
#2200 = CARTESIAN_POINT ( 'NONE',  ( -22.55150661316980600, 9.195942408474264700, 19.89880021403806200 ) ) ;
#2201 = CARTESIAN_POINT ( 'NONE',  ( -21.76674704830360000, 7.360105764447299100, 14.69999999999999900 ) ) ;
#2202 = CARTESIAN_POINT ( 'NONE',  ( -22.38105772614368400, 5.201027685727893900, 14.69999999999999900 ) ) ;
#2203 = CARTESIAN_POINT ( 'NONE',  ( -24.01471721082528900, 4.053290587647069300, 14.80119978596192400 ) ) ;
#2204 = CARTESIAN_POINT ( 'NONE',  ( -24.01471721085339400, 4.053290587638603200, 19.89880021403445900 ) ) ;
#2205 = CARTESIAN_POINT ( 'NONE',  ( -22.38105772614176200, 5.201027685730481100, 20.00000000000000000 ) ) ;
#2206 = CARTESIAN_POINT ( 'NONE',  ( -21.76674704830333000, 7.360105764444091900, 20.00000000000000000 ) ) ;
#2207 = CARTESIAN_POINT ( 'NONE',  ( -27.71929739962395400, 2.589539676429435800, 15.89062500000004600 ) ) ;
#2208 = DIRECTION ( 'NONE',  ( 1.000000000000000000, 0.0000000000000000000, 0.0000000000000000000 ) ) ;
#2209 = DIRECTION ( 'NONE',  ( 1.000000000000000000, 0.0000000000000000000, 0.0000000000000000000 ) ) ;
#2210 = DIRECTION ( 'NONE',  ( -0.0000000000000000000, -0.0000000000000000000, -1.000000000000000000 ) ) ;
#2211 = DIRECTION ( 'NONE',  ( -0.0000000000000000000, -0.0000000000000000000, -1.000000000000000000 ) ) ;
#2212 = CARTESIAN_POINT ( 'NONE',  ( -1.350571318375197300E-014, -25.91999999999999100, 14.69999999999999900 ) ) ;
#2213 = DIRECTION ( 'NONE',  ( 0.0000000000000000000, 0.0000000000000000000, 1.000000000000000000 ) ) ;
#2214 = CARTESIAN_POINT ( 'NONE',  ( 24.93052067103947100, 7.093344702668370700, 20.00000000000000000 ) ) ;
#2215 = DIRECTION ( 'NONE',  ( 0.0000000000000000000, 1.000000000000000000, -0.0000000000000000000 ) ) ;
#2216 = CARTESIAN_POINT ( 'NONE',  ( 2.000000000000000000, 7.799999999999999800, 20.58291489492222600 ) ) ;
#2217 = PLANE ( 'NONE',  #2376 ) ;
#2218 = DIRECTION ( 'NONE',  ( -1.000000000000000000, 0.0000000000000000000, 0.0000000000000000000 ) ) ;
#2219 = CARTESIAN_POINT ( 'NONE',  ( 24.01471721082537100, 4.053290587646756600, 19.89880021403805800 ) ) ;
#2220 = DIRECTION ( 'NONE',  ( -0.0000000000000000000, -0.0000000000000000000, -1.000000000000000000 ) ) ;
#2221 = CARTESIAN_POINT ( 'NONE',  ( -0.03043891266761925000, -25.41211833405973100, 20.00000000000000000 ) ) ;
#2222 = CARTESIAN_POINT ( 'NONE',  ( 24.67797751250445200, 3.853486223540518700, 19.81375019786380100 ) ) ;
#2223 = DIRECTION ( 'NONE',  ( -1.000000000000000000, 0.0000000000000000000, 0.0000000000000000000 ) ) ;
#2224 = DIRECTION ( 'NONE',  ( -0.0000000000000000000, -0.0000000000000000000, -1.000000000000000000 ) ) ;
#2225 = CARTESIAN_POINT ( 'NONE',  ( 25.31687882743249000, 3.629577500512347400, 19.67825450178685300 ) ) ;
#2226 = CARTESIAN_POINT ( 'NONE',  ( 0.0000000000000000000, 0.0000000000000000000, 20.00000000000000000 ) ) ;
#2227 = CARTESIAN_POINT ( 'NONE',  ( 26.55074299661903600, 3.139725408934636700, 19.31432892899479700 ) ) ;
#2228 = CARTESIAN_POINT ( 'NONE',  ( 27.14567401794384000, 2.873732430343057600, 19.08585746082190600 ) ) ;
#2229 = DIRECTION ( 'NONE',  ( -1.000000000000000000, 0.0000000000000000000, 0.0000000000000000000 ) ) ;
#2230 = DIRECTION ( 'NONE',  ( -0.0000000000000000000, -0.0000000000000000000, -1.000000000000000000 ) ) ;
#2231 = CARTESIAN_POINT ( 'NONE',  ( -24.45035706489584000, 6.925079360610809000, 20.00000000000000000 ) ) ;
#2232 = DIRECTION ( 'NONE',  ( -1.000000000000000000, 0.0000000000000000000, 0.0000000000000000000 ) ) ;
#2233 = CARTESIAN_POINT ( 'NONE',  ( 27.71929694998957000, 2.589544489461518900, 18.80937500000001700 ) ) ;
#2234 = DIRECTION ( 'NONE',  ( -0.0000000000000000000, -0.0000000000000000000, -1.000000000000000000 ) ) ;
#2235 = CARTESIAN_POINT ( 'NONE',  ( -17.46219108331877100, -19.15511113435946900, 20.00000000000000000 ) ) ;
#2236 = CARTESIAN_POINT ( 'NONE',  ( 27.71929694998957000, 2.589544489461518900, 15.89062500000004600 ) ) ;
#2237 = DIRECTION ( 'NONE',  ( -1.000000000000000000, 0.0000000000000000000, 0.0000000000000000000 ) ) ;
#2238 = DIRECTION ( 'NONE',  ( -0.0000000000000000000, -0.0000000000000000000, -1.000000000000000000 ) ) ;
#2239 = CARTESIAN_POINT ( 'NONE',  ( 9.151532527585031200, -23.70709044037696200, 20.00000000000000000 ) ) ;
#2240 = CARTESIAN_POINT ( 'NONE',  ( 27.14567483176880800, 2.873732027152692500, 15.61414293143632600 ) ) ;
#2241 = DIRECTION ( 'NONE',  ( -1.000000000000000000, 0.0000000000000000000, 0.0000000000000000000 ) ) ;
#2242 = DIRECTION ( 'NONE',  ( -0.0000000000000000000, -0.0000000000000000000, -1.000000000000000000 ) ) ;
#2243 = CARTESIAN_POINT ( 'NONE',  ( 0.0000000000000000000, 0.0000000000000000000, 20.00000000000000000 ) ) ;
#2244 = CARTESIAN_POINT ( 'NONE',  ( 26.55074428136510200, 3.139724856207087600, 15.38567152640636600 ) ) ;
#2245 = DIRECTION ( 'NONE',  ( -1.000000000000000000, 0.0000000000000000000, 0.0000000000000000000 ) ) ;
#2246 = DIRECTION ( 'NONE',  ( -0.0000000000000000000, -0.0000000000000000000, -1.000000000000000000 ) ) ;
#2247 = CARTESIAN_POINT ( 'NONE',  ( -25.30090616874127800, -2.375043534802963500, 20.00000000000000000 ) ) ;
#2248 = CARTESIAN_POINT ( 'NONE',  ( 25.31688018909368400, 3.629577002598939600, 15.02174582336422800 ) ) ;
#2249 = DIRECTION ( 'NONE',  ( -1.000000000000000000, 0.0000000000000000000, 0.0000000000000000000 ) ) ;
#2250 = DIRECTION ( 'NONE',  ( -0.0000000000000000000, -0.0000000000000000000, -1.000000000000000000 ) ) ;
#2251 = CARTESIAN_POINT ( 'NONE',  ( -9.363383987571015900, -24.16968018616089600, 20.00000000000000000 ) ) ;
#2252 = CARTESIAN_POINT ( 'NONE',  ( 24.67797848336426000, 3.853485931073101800, 14.88624992662975500 ) ) ;
#2253 = DIRECTION ( 'NONE',  ( -1.000000000000000000, 0.0000000000000000000, 0.0000000000000000000 ) ) ;
#2254 = DIRECTION ( 'NONE',  ( -0.0000000000000000000, -0.0000000000000000000, -1.000000000000000000 ) ) ;
#2255 = CARTESIAN_POINT ( 'NONE',  ( 17.09753878959499600, -18.80028861719823800, 20.00000000000000000 ) ) ;
#2256 = CARTESIAN_POINT ( 'NONE',  ( 24.01471721085328100, 4.053290587638349200, 14.80119978596550500 ) ) ;
#2257 = DIRECTION ( 'NONE',  ( -1.000000000000000000, 0.0000000000000000000, 0.0000000000000000000 ) ) ;
#2258 = DIRECTION ( 'NONE',  ( -0.0000000000000000000, -0.0000000000000000000, -1.000000000000000000 ) ) ;
#2259 = CARTESIAN_POINT ( 'NONE',  ( 0.0000000000000000000, 0.0000000000000000000, 20.00000000000000000 ) ) ;
#2260 = DIRECTION ( 'NONE',  ( -1.000000000000000000, 0.0000000000000000000, 0.0000000000000000000 ) ) ;
#2261 = DIRECTION ( 'NONE',  ( -0.0000000000000000000, -0.0000000000000000000, -1.000000000000000000 ) ) ;
#2262 = DIRECTION ( 'NONE',  ( -0.0000000000000000000, -0.0000000000000000000, -1.000000000000000000 ) ) ;
#2263 = CARTESIAN_POINT ( 'NONE',  ( -22.73442769733733500, -11.35440364027105000, 20.00000000000000000 ) ) ;
#2264 = CARTESIAN_POINT ( 'NONE',  ( 24.01471721082537400, 4.053290587646756600, 20.00000000000000000 ) ) ;
#2265 = DIRECTION ( 'NONE',  ( -1.000000000000000000, 0.0000000000000000000, 0.0000000000000000000 ) ) ;
#2266 = DIRECTION ( 'NONE',  ( -0.0000000000000000000, -0.0000000000000000000, -1.000000000000000000 ) ) ;
#2267 = CARTESIAN_POINT ( 'NONE',  ( -1.350571318375197300E-014, -25.91999999999999100, 20.00000000000000000 ) ) ;
#2268 = DIRECTION ( 'NONE',  ( -1.000000000000000000, 0.0000000000000000000, 0.0000000000000000000 ) ) ;
#2269 = DIRECTION ( 'NONE',  ( 1.000000000000000000, 0.0000000000000000000, 0.0000000000000000000 ) ) ;
#2270 = DIRECTION ( 'NONE',  ( -0.0000000000000000000, -0.0000000000000000000, -1.000000000000000000 ) ) ;
#2271 = CARTESIAN_POINT ( 'NONE',  ( 22.73442769733716800, -11.35440364027138400, 20.00000000000000000 ) ) ;
#2272 = DIRECTION ( 'NONE',  ( -0.0000000000000000000, -0.0000000000000000000, 1.000000000000000000 ) ) ;
#2273 = DIRECTION ( 'NONE',  ( -1.000000000000000000, 0.0000000000000000000, 0.0000000000000000000 ) ) ;
#2274 = CARTESIAN_POINT ( 'NONE',  ( 0.0000000000000000000, 0.0000000000000000000, 18.80937500000001700 ) ) ;
#2275 = DIRECTION ( 'NONE',  ( -0.0000000000000000000, -0.0000000000000000000, -1.000000000000000000 ) ) ;
#2276 = CARTESIAN_POINT ( 'NONE',  ( 0.0000000000000000000, 0.0000000000000000000, 20.00000000000000000 ) ) ;
#2277 = DIRECTION ( 'NONE',  ( -1.000000000000000000, 0.0000000000000000000, 0.0000000000000000000 ) ) ;
#2278 = DIRECTION ( 'NONE',  ( -0.0000000000000000000, -0.0000000000000000000, -1.000000000000000000 ) ) ;
#2279 = CARTESIAN_POINT ( 'NONE',  ( -17.09753878959528700, -18.80028861719799200, 20.00000000000000000 ) ) ;
#2280 = DIRECTION ( 'NONE',  ( -1.000000000000000000, 0.0000000000000000000, 0.0000000000000000000 ) ) ;
#2281 = DIRECTION ( 'NONE',  ( 1.000000000000000000, 0.0000000000000000000, 0.0000000000000000000 ) ) ;
#2282 = DIRECTION ( 'NONE',  ( -0.0000000000000000000, -0.0000000000000000000, -1.000000000000000000 ) ) ;
#2283 = CARTESIAN_POINT ( 'NONE',  ( 9.363383987570985700, -24.16968018616090000, 20.00000000000000000 ) ) ;
#2284 = DIRECTION ( 'NONE',  ( -0.0000000000000000000, -0.0000000000000000000, 1.000000000000000000 ) ) ;
#2285 = CARTESIAN_POINT ( 'NONE',  ( 0.0000000000000000000, 0.0000000000000000000, 15.89062500000004600 ) ) ;
#2286 = DIRECTION ( 'NONE',  ( -1.000000000000000000, 0.0000000000000000000, 0.0000000000000000000 ) ) ;
#2287 = DIRECTION ( 'NONE',  ( -0.0000000000000000000, -0.0000000000000000000, -1.000000000000000000 ) ) ;
#2288 = CARTESIAN_POINT ( 'NONE',  ( 25.30090616874123900, -2.375043534803335600, 20.00000000000000000 ) ) ;
#2289 = DIRECTION ( 'NONE',  ( -1.000000000000000000, 0.0000000000000000000, 0.0000000000000000000 ) ) ;
#2290 = DIRECTION ( 'NONE',  ( -0.0000000000000000000, -0.0000000000000000000, -1.000000000000000000 ) ) ;
#2291 = CARTESIAN_POINT ( 'NONE',  ( 0.0000000000000000000, 0.0000000000000000000, 20.00000000000000000 ) ) ;
#2292 = DIRECTION ( 'NONE',  ( -0.0000000000000000000, -0.0000000000000000000, -1.000000000000000000 ) ) ;
#2293 = DIRECTION ( 'NONE',  ( -1.000000000000000000, 0.0000000000000000000, 0.0000000000000000000 ) ) ;
#2294 = DIRECTION ( 'NONE',  ( -0.0000000000000000000, -0.0000000000000000000, -1.000000000000000000 ) ) ;
#2295 = CARTESIAN_POINT ( 'NONE',  ( -9.151532527585375800, -23.70709044037682700, 20.00000000000000000 ) ) ;
#2296 = CARTESIAN_POINT ( 'NONE',  ( 27.71930519498219800, 2.589540404672571000, 20.00000000000000000 ) ) ;
#2297 = DIRECTION ( 'NONE',  ( -1.000000000000000000, 0.0000000000000000000, 0.0000000000000000000 ) ) ;
#2298 = DIRECTION ( 'NONE',  ( -0.0000000000000000000, -0.0000000000000000000, -1.000000000000000000 ) ) ;
#2299 = CARTESIAN_POINT ( 'NONE',  ( 17.46219108331874600, -19.15511113435949000, 20.00000000000000000 ) ) ;
#2300 = DIRECTION ( 'NONE',  ( -1.000000000000000000, 0.0000000000000000000, 0.0000000000000000000 ) ) ;
#2301 = DIRECTION ( 'NONE',  ( -0.0000000000000000000, -0.0000000000000000000, -1.000000000000000000 ) ) ;
#2302 = CARTESIAN_POINT ( 'NONE',  ( 24.45035706489593600, 6.925079360610451900, 20.00000000000000000 ) ) ;
#2303 = CARTESIAN_POINT ( 'NONE',  ( 27.72315035287906700, 2.547959688900719700, 18.80937500000001700 ) ) ;
#2304 = CARTESIAN_POINT ( 'NONE',  ( 24.93063861226510300, 12.39065867697267400, 18.80937500000001700 ) ) ;
#2305 = CARTESIAN_POINT ( 'NONE',  ( 24.59254228953745500, 11.84705916901193800, 19.08585754283063800 ) ) ;
#2306 = CARTESIAN_POINT ( 'NONE',  ( 24.22674893233654500, 11.30771647779228700, 19.31432902424978700 ) ) ;
#2307 = CARTESIAN_POINT ( 'NONE',  ( 23.43557034881585800, 10.24169005347907900, 19.67825456982062000 ) ) ;
#2308 = CARTESIAN_POINT ( 'NONE',  ( 27.21151432140953100, 2.163202867397497000, 19.08585743889666700 ) ) ;
#2309 = CARTESIAN_POINT ( 'NONE',  ( 23.01023830303514500, 9.714980898797728400, 19.81375022391706900 ) ) ;
#2310 = CARTESIAN_POINT ( 'NONE',  ( 22.55150661318522500, 9.195942408491298200, 19.89880021403522600 ) ) ;
#2311 = CARTESIAN_POINT ( 'NONE',  ( 26.67558923715131100, 1.792420649469963000, 19.31432890355076300 ) ) ;
#2312 = CARTESIAN_POINT ( 'NONE',  ( 25.55274404057298900, 1.084187272253323900, 19.67825448362549800 ) ) ;
#2313 = DIRECTION ( 'NONE',  ( -1.000000000000000000, 0.0000000000000000000, 0.0000000000000000000 ) ) ;
#2314 = DIRECTION ( 'NONE',  ( -0.0000000000000000000, -0.0000000000000000000, -1.000000000000000000 ) ) ;
#2315 = CARTESIAN_POINT ( 'NONE',  ( 0.0000000000000000000, 0.0000000000000000000, 20.00000000000000000 ) ) ;
#2316 = CARTESIAN_POINT ( 'NONE',  ( 24.96586433517920200, 0.7466931968858320200, 19.81375019091127500 ) ) ;
#2317 = DIRECTION ( 'NONE',  ( -1.000000000000000000, 0.0000000000000000000, 0.0000000000000000000 ) ) ;
#2318 = DIRECTION ( 'NONE',  ( -0.0000000000000000000, -0.0000000000000000000, -1.000000000000000000 ) ) ;
#2319 = CARTESIAN_POINT ( 'NONE',  ( 0.03043891266725842800, -25.41211833405974500, 20.00000000000000000 ) ) ;
#2320 = CARTESIAN_POINT ( 'NONE',  ( 24.35061120582243900, 0.4284170951392275400, 19.89880021403604700 ) ) ;
#2321 = DIRECTION ( 'NONE',  ( -1.000000000000000000, 0.0000000000000000000, 0.0000000000000000000 ) ) ;
#2322 = DIRECTION ( 'NONE',  ( -0.0000000000000000000, -0.0000000000000000000, -1.000000000000000000 ) ) ;
#2323 = CARTESIAN_POINT ( 'NONE',  ( 23.20263251192320200, -11.55353818172788400, 20.00000000000000000 ) ) ;
#2324 = VECTOR ( 'NONE', #576, 1000.000000000000000 ) ;
#2325 = CIRCLE ( 'NONE', #2327, 27.83999217069936100 ) ;
#2326 = VECTOR ( 'NONE', #559, 1000.000000000000000 ) ;
#2327 = AXIS2_PLACEMENT_3D ( 'NONE', #558, #557, #556 ) ;
#2328 = CIRCLE ( 'NONE', #2333, 3.174999999999993600 ) ;
#2329 = AXIS2_PLACEMENT_3D ( 'NONE', #555, #554, #553 ) ;
#2330 = CIRCLE ( 'NONE', #2346, 3.174999999999998900 ) ;
#2331 = VECTOR ( 'NONE', #549, 1000.000000000000000 ) ;
#2332 = CIRCLE ( 'NONE', #2336, 3.174999999999993600 ) ;
#2333 = AXIS2_PLACEMENT_3D ( 'NONE', #533, #532, #531 ) ;
#2334 = CIRCLE ( 'NONE', #2354, 27.83999217069936100 ) ;
#2335 = VECTOR ( 'NONE', #512, 1000.000000000000000 ) ;
#2336 = AXIS2_PLACEMENT_3D ( 'NONE', #503, #502, #501 ) ;
#2337 = CIRCLE ( 'NONE', #2342, 27.83999217069936100 ) ;
#2338 = VECTOR ( 'NONE', #492, 1000.000000000000000 ) ;
#2339 = CIRCLE ( 'NONE', #2341, 27.83999217069936100 ) ;
#2340 = VECTOR ( 'NONE', #476, 1000.000000000000000 ) ;
#2341 = AXIS2_PLACEMENT_3D ( 'NONE', #474, #472, #471 ) ;
#2342 = AXIS2_PLACEMENT_3D ( 'NONE', #470, #469, #467 ) ;
#2343 = VECTOR ( 'NONE', #465, 1000.000000000000000 ) ;
#2344 = CIRCLE ( 'NONE', #2357, 3.174999999999997200 ) ;
#2345 = VECTOR ( 'NONE', #448, 1000.000000000000000 ) ;
#2346 = AXIS2_PLACEMENT_3D ( 'NONE', #434, #433, #432 ) ;
#2347 = CIRCLE ( 'NONE', #2348, 3.174999999999998900 ) ;
#2348 = AXIS2_PLACEMENT_3D ( 'NONE', #416, #414, #413 ) ;
#2349 = VECTOR ( 'NONE', #4810, 1000.000000000000000 ) ;
#2350 = CIRCLE ( 'NONE', #2352, 27.83999217069936100 ) ;
#2351 = VECTOR ( 'NONE', #4737, 1000.000000000000000 ) ;
#2352 = AXIS2_PLACEMENT_3D ( 'NONE', #4731, #4724, #4720 ) ;
#2353 = CIRCLE ( 'NONE', #2360, 3.174999999999997200 ) ;
#2354 = AXIS2_PLACEMENT_3D ( 'NONE', #4716, #4711, #4708 ) ;
#2355 = AXIS2_PLACEMENT_3D ( 'NONE', #4809, #4808, #4807 ) ;
#2356 = VECTOR ( 'NONE', #4692, 1000.000000000000000 ) ;
#2357 = AXIS2_PLACEMENT_3D ( 'NONE', #4628, #4626, #4619 ) ;
#2358 = CIRCLE ( 'NONE', #2370, 3.174999999999997200 ) ;
#2359 = VECTOR ( 'NONE', #4536, 1000.000000000000000 ) ;
#2360 = AXIS2_PLACEMENT_3D ( 'NONE', #4499, #4492, #4489 ) ;
#2361 = CIRCLE ( 'NONE', #2367, 27.83999217069936100 ) ;
#2362 = VECTOR ( 'NONE', #4435, 1000.000000000000000 ) ;
#2363 = CIRCLE ( 'NONE', #2365, 27.83999217069936100 ) ;
#2364 = VECTOR ( 'NONE', #4361, 1000.000000000000000 ) ;
#2365 = AXIS2_PLACEMENT_3D ( 'NONE', #4349, #4346, #4345 ) ;
#2366 = TOROIDAL_SURFACE ( 'NONE', #2372, 22.86121657245304900, 10.99999999999998600 ) ;
#2367 = AXIS2_PLACEMENT_3D ( 'NONE', #4333, #4327, #4320 ) ;
#2368 = AXIS2_PLACEMENT_3D ( 'NONE', #4818, #4817, #4816 ) ;
#2369 = VECTOR ( 'NONE', #4308, 1000.000000000000000 ) ;
#2370 = AXIS2_PLACEMENT_3D ( 'NONE', #4821, #4820, #4819 ) ;
#2371 = AXIS2_PLACEMENT_3D ( 'NONE', #4814, #4813, #4812 ) ;
#2372 = AXIS2_PLACEMENT_3D ( 'NONE', #4633, #4632, #4631 ) ;
#2373 = AXIS2_PLACEMENT_3D ( 'NONE', #4804, #4802, #4801 ) ;
#2374 = AXIS2_PLACEMENT_3D ( 'NONE', #2221, #2220, #2218 ) ;
#2375 = CIRCLE ( 'NONE', #2377, 3.174999999999991400 ) ;
#2376 = AXIS2_PLACEMENT_3D ( 'NONE', #2216, #2215, #2213 ) ;
#2377 = AXIS2_PLACEMENT_3D ( 'NONE', #2212, #2211, #2208 ) ;
#2378 = AXIS2_PLACEMENT_3D ( 'NONE', #85, #91, #96 ) ;
#2379 = CC_DESIGN_PERSON_AND_ORGANIZATION_ASSIGNMENT ( #2730, #109, ( #2400 ) ) ;
#2380 = PRODUCT_DEFINITION ( '未知', '', #2385, #2585 ) ;
#2381 = APPROVAL ( #112, '未指定' ) ;
#2382 = CC_DESIGN_APPROVAL ( #2381, ( #2380 ) ) ;
#2383 = CC_DESIGN_PERSON_AND_ORGANIZATION_ASSIGNMENT ( #2737, #63, ( #2380 ) ) ;
#2384 = CC_DESIGN_DATE_AND_TIME_ASSIGNMENT ( #2740, #8, ( #2380 ) ) ;
#2385 = PRODUCT_DEFINITION_FORMATION_WITH_SPECIFIED_SOURCE ( '任何', '', #2400, .NOT_KNOWN. ) ;
#2386 = APPROVAL ( #84, '未指定' ) ;
#2387 = CC_DESIGN_APPROVAL ( #2386, ( #2385 ) ) ;
#2388 = CC_DESIGN_PERSON_AND_ORGANIZATION_ASSIGNMENT ( #2747, #78, ( #2385 ) ) ;
#2389 = CC_DESIGN_PERSON_AND_ORGANIZATION_ASSIGNMENT ( #2748, #79, ( #2385 ) ) ;
#2390 = SECURITY_CLASSIFICATION ( '', '', #77 ) ;
#2391 = CC_DESIGN_PERSON_AND_ORGANIZATION_ASSIGNMENT ( #2749, #82, ( #2390 ) ) ;
#2392 = CC_DESIGN_DATE_AND_TIME_ASSIGNMENT ( #2752, #83, ( #2390 ) ) ;
#2393 = APPROVAL ( #89, '未指定' ) ;
#2394 = CC_DESIGN_APPROVAL ( #2393, ( #2390 ) ) ;
#2395 = CC_DESIGN_SECURITY_CLASSIFICATION ( #2390, ( #2385 ) ) ;
#2396 = PRODUCT_RELATED_PRODUCT_CATEGORY ( 'detail', '', ( #2400 ) ) ;
#2397 = B_SPLINE_CURVE_WITH_KNOTS ( 'NONE', 3,
 ( #725, #724, #723, #751, #752, #754 ),
 .UNSPECIFIED., .F., .F.,
 ( 4, 2, 4 ),
 ( 2.074085719818144800E-007, 0.001012655230590220400, 0.002025103052608458700 ),
 .UNSPECIFIED. ) ;
#2398 = B_SPLINE_CURVE_WITH_KNOTS ( 'NONE', 3,
 ( #936, #935, #934, #933, #932, #931, #930, #929, #928, #927, #926, #925, #924, #923, #922, #921, #920, #919, #918, #917, #916, #915, #914, #913, #912, #911, #910, #909, #908, #907, #906, #905 ),
 .UNSPECIFIED., .F., .F.,
 ( 4, 2, 2, 2, 2, 2, 2, 2, 2, 2, 2, 2, 2, 2, 2, 4 ),
 ( 0.007906926515426101000, 0.008400715013947221400, 0.008894503512468340100, 0.009388292010989460500, 0.009882080509510581000, 0.01037586900803170000, 0.01086965750655282000, 0.01136344600507394100, 0.01185723450359505900, 0.01284481150063729800, 0.01333859999915841700, 0.01383238849767953400, 0.01432617699620065300, 0.01481996549472177100, 0.01531375399324289000, 0.01580754249176400900 ),
 .UNSPECIFIED. ) ;
#2399 = B_SPLINE_CURVE_WITH_KNOTS ( 'NONE', 3,
 ( #3710, #3709, #3708, #3706, #3705, #3704 ),
 .UNSPECIFIED., .F., .F.,
 ( 4, 2, 4 ),
 ( 2.026411691634412500E-007, 0.001012650396292276500, 0.002025098151415389300 ),
 .UNSPECIFIED. ) ;
#2400 = PRODUCT ( 'ST6B-17-N12', 'ST6B-17-N12', '', ( #15 ) ) ;
#2401 = B_SPLINE_CURVE_WITH_KNOTS ( 'NONE', 3,
 ( #732, #722, #721, #720, #719, #716, #892, #897, #896, #895, #894, #893, #954, #953, #952, #951, #950, #949, #948, #947, #946, #945, #944, #943, #942, #941, #940, #939, #938, #937 ),
 .UNSPECIFIED., .F., .F.,
 ( 4, 2, 2, 2, 2, 2, 2, 2, 2, 2, 2, 2, 2, 2, 4 ),
 ( 0.007827404823500912900, 0.008805589791456760300, 0.009294682275434684000, 0.009783774759412607700, 0.01027286724339053100, 0.01076195972736845500, 0.01125105221134637900, 0.01174014469532430300, 0.01222923717930222600, 0.01271832966328015000, 0.01320742214725807400, 0.01369651463123599700, 0.01467469959919184100, 0.01516379208316976500, 0.01565288456714768900 ),
 .UNSPECIFIED. ) ;
#2402 = B_SPLINE_CURVE_WITH_KNOTS ( 'NONE', 3,
 ( #900, #899, #898, #955, #960, #959, #958, #957, #956, #824, #825, #964, #963, #962, #961, #891, #883, #882, #885, #884, #887, #886, #889, #888, #744, #738, #736, #730, #734, #729 ),
 .UNSPECIFIED., .F., .F.,
 ( 4, 2, 2, 2, 2, 2, 2, 2, 2, 2, 2, 2, 2, 2, 4 ),
 ( 0.007827413182353058100, 0.008805599527798290200, 0.009294692700520905400, 0.009783785873243522300, 0.01027287904596613800, 0.01076197221868875300, 0.01125106539141136400, 0.01174015856413397600, 0.01222925173685658600, 0.01271834490957919800, 0.01320743808230181000, 0.01369653125502442000, 0.01467471760046964000, 0.01516381077319224800, 0.01565290394591485600 ),
 .UNSPECIFIED. ) ;
#2403 = PERSON ( '未指定', '未指定', '未指定', ('未指定'), ('未指定'), ('未指定') ) ;
#2404 = LINE ( 'NONE', #550, #2331 ) ;
#2405 = LINE ( 'NONE', #513, #2335 ) ;
#2406 = LINE ( 'NONE', #493, #2338 ) ;
#2407 = LINE ( 'NONE', #477, #2340 ) ;
#2408 = LINE ( 'NONE', #466, #2343 ) ;
#2409 = LINE ( 'NONE', #449, #2345 ) ;
#2410 = LINE ( 'NONE', #4815, #2349 ) ;
#2411 = LINE ( 'NONE', #4741, #2351 ) ;
#2412 = LINE ( 'NONE', #4698, #2356 ) ;
#2413 = LINE ( 'NONE', #4543, #2359 ) ;
#2414 = LINE ( 'NONE', #4443, #2362 ) ;
#2415 = LINE ( 'NONE', #4364, #2364 ) ;
#2416 = LINE ( 'NONE', #4311, #2369 ) ;
#2417 = FACE_OUTER_BOUND ( 'NONE', #2872, .T. ) ;
#2418 = FACE_OUTER_BOUND ( 'NONE', #2871, .T. ) ;
#2419 = CYLINDRICAL_SURFACE ( 'NONE', #2371, 2.500000000000000400 ) ;
#2420 = FACE_OUTER_BOUND ( 'NONE', #2870, .T. ) ;
#2421 = FACE_OUTER_BOUND ( 'NONE', #2869, .T. ) ;
#2422 = FACE_OUTER_BOUND ( 'NONE', #2868, .T. ) ;
#2423 = FACE_OUTER_BOUND ( 'NONE', #2867, .T. ) ;
#2424 = FACE_OUTER_BOUND ( 'NONE', #2866, .T. ) ;
#2425 = CYLINDRICAL_SURFACE ( 'NONE', #155, 6.000000000000000000 ) ;
#2426 = FACE_OUTER_BOUND ( 'NONE', #2865, .T. ) ;
#2427 = FACE_OUTER_BOUND ( 'NONE', #2864, .T. ) ;
#2428 = FACE_OUTER_BOUND ( 'NONE', #2863, .T. ) ;
#2429 = FACE_OUTER_BOUND ( 'NONE', #2862, .T. ) ;
#2430 = FACE_OUTER_BOUND ( 'NONE', #2861, .T. ) ;
#2431 = FACE_OUTER_BOUND ( 'NONE', #2859, .T. ) ;
#2432 = LINE ( 'NONE', #4677, #194 ) ;
#2433 = LINE ( 'NONE', #4670, #198 ) ;
#2434 = LINE ( 'NONE', #4656, #204 ) ;
#2435 = LINE ( 'NONE', #4654, #205 ) ;
#2436 = FACE_OUTER_BOUND ( 'NONE', #2860, .T. ) ;
#2437 = FACE_OUTER_BOUND ( 'NONE', #2858, .T. ) ;
#2438 = FACE_OUTER_BOUND ( 'NONE', #2857, .T. ) ;
#2439 = FACE_OUTER_BOUND ( 'NONE', #2856, .T. ) ;
#2440 = FACE_OUTER_BOUND ( 'NONE', #2855, .T. ) ;
#2441 = FACE_OUTER_BOUND ( 'NONE', #2854, .T. ) ;
#2442 = FACE_OUTER_BOUND ( 'NONE', #2853, .T. ) ;
#2443 = FACE_OUTER_BOUND ( 'NONE', #2852, .T. ) ;
#2444 = FACE_OUTER_BOUND ( 'NONE', #2851, .T. ) ;
#2445 = FACE_OUTER_BOUND ( 'NONE', #2850, .T. ) ;
#2446 = FACE_OUTER_BOUND ( 'NONE', #2849, .T. ) ;
#2447 = FACE_OUTER_BOUND ( 'NONE', #2848, .T. ) ;
#2448 = FACE_OUTER_BOUND ( 'NONE', #2847, .T. ) ;
#2449 = FACE_OUTER_BOUND ( 'NONE', #2846, .T. ) ;
#2450 = FACE_OUTER_BOUND ( 'NONE', #2845, .T. ) ;
#2451 = FACE_OUTER_BOUND ( 'NONE', #2844, .T. ) ;
#2452 = FACE_OUTER_BOUND ( 'NONE', #2843, .T. ) ;
#2453 = FACE_OUTER_BOUND ( 'NONE', #2842, .T. ) ;
#2454 = FACE_OUTER_BOUND ( 'NONE', #2841, .T. ) ;
#2455 = FACE_OUTER_BOUND ( 'NONE', #2840, .T. ) ;
#2456 = FACE_OUTER_BOUND ( 'NONE', #2839, .T. ) ;
#2457 = FACE_OUTER_BOUND ( 'NONE', #2838, .T. ) ;
#2458 = FACE_OUTER_BOUND ( 'NONE', #2837, .T. ) ;
#2459 = FACE_OUTER_BOUND ( 'NONE', #2836, .T. ) ;
#2460 = FACE_OUTER_BOUND ( 'NONE', #2835, .T. ) ;
#2461 = FACE_OUTER_BOUND ( 'NONE', #2834, .T. ) ;
#2462 = FACE_OUTER_BOUND ( 'NONE', #2833, .T. ) ;
#2463 = FACE_OUTER_BOUND ( 'NONE', #2832, .T. ) ;
#2464 = FACE_OUTER_BOUND ( 'NONE', #2831, .T. ) ;
#2465 = FACE_OUTER_BOUND ( 'NONE', #2830, .T. ) ;
#2466 = FACE_BOUND ( 'NONE', #2828, .T. ) ;
#2467 = FACE_OUTER_BOUND ( 'NONE', #2829, .T. ) ;
#2468 = FACE_OUTER_BOUND ( 'NONE', #3305, .T. ) ;
#2469 = FACE_BOUND ( 'NONE', #3306, .T. ) ;
#2470 = CYLINDRICAL_SURFACE ( 'NONE', #1546, 16.50000000000000000 ) ;
#2471 = FACE_BOUND ( 'NONE', #3303, .T. ) ;
#2472 = FACE_OUTER_BOUND ( 'NONE', #3304, .T. ) ;
#2473 = FACE_BOUND ( 'NONE', #3301, .T. ) ;
#2474 = FACE_OUTER_BOUND ( 'NONE', #3302, .T. ) ;
#2475 = FACE_OUTER_BOUND ( 'NONE', #3300, .T. ) ;
#2476 = CYLINDRICAL_SURFACE ( 'NONE', #1543, 23.82520000000000200 ) ;
#2477 = FACE_OUTER_BOUND ( 'NONE', #3299, .T. ) ;
#2478 = CYLINDRICAL_SURFACE ( 'NONE', #1544, 27.83999999999999600 ) ;
#2479 = FACE_OUTER_BOUND ( 'NONE', #3298, .T. ) ;
#2480 = CYLINDRICAL_SURFACE ( 'NONE', #1549, 23.82519999999999200 ) ;
#2481 = FACE_OUTER_BOUND ( 'NONE', #3297, .T. ) ;
#2482 = CYLINDRICAL_SURFACE ( 'NONE', #1550, 3.174999999999995400 ) ;
#2483 = FACE_OUTER_BOUND ( 'NONE', #3296, .T. ) ;
#2484 = CYLINDRICAL_SURFACE ( 'NONE', #1551, 23.82520000000000600 ) ;
#2485 = FACE_OUTER_BOUND ( 'NONE', #3295, .T. ) ;
#2486 = CYLINDRICAL_SURFACE ( 'NONE', #1552, 27.83999999999999600 ) ;
#2487 = FACE_OUTER_BOUND ( 'NONE', #3294, .T. ) ;
#2488 = CYLINDRICAL_SURFACE ( 'NONE', #1553, 23.82519999999997800 ) ;
#2489 = FACE_OUTER_BOUND ( 'NONE', #3293, .T. ) ;
#2490 = CYLINDRICAL_SURFACE ( 'NONE', #1554, 3.174999999999993600 ) ;
#2491 = FACE_OUTER_BOUND ( 'NONE', #3292, .T. ) ;
#2492 = CYLINDRICAL_SURFACE ( 'NONE', #358, 23.82520000000002000 ) ;
#2493 = FACE_OUTER_BOUND ( 'NONE', #3291, .T. ) ;
#2494 = CYLINDRICAL_SURFACE ( 'NONE', #361, 27.83999999999999600 ) ;
#2495 = FACE_OUTER_BOUND ( 'NONE', #3290, .T. ) ;
#2496 = CYLINDRICAL_SURFACE ( 'NONE', #359, 23.82519999999996300 ) ;
#2497 = FACE_OUTER_BOUND ( 'NONE', #3289, .T. ) ;
#2498 = CYLINDRICAL_SURFACE ( 'NONE', #362, 3.174999999999997200 ) ;
#2499 = FACE_OUTER_BOUND ( 'NONE', #3288, .T. ) ;
#2500 = CYLINDRICAL_SURFACE ( 'NONE', #363, 23.82520000000003100 ) ;
#2501 = FACE_OUTER_BOUND ( 'NONE', #3287, .T. ) ;
#2502 = CYLINDRICAL_SURFACE ( 'NONE', #364, 27.84000000000000000 ) ;
#2503 = FACE_OUTER_BOUND ( 'NONE', #3286, .T. ) ;
#2504 = CYLINDRICAL_SURFACE ( 'NONE', #365, 23.82519999999996300 ) ;
#2505 = FACE_OUTER_BOUND ( 'NONE', #3285, .T. ) ;
#2506 = CYLINDRICAL_SURFACE ( 'NONE', #366, 3.174999999999990500 ) ;
#2507 = FACE_OUTER_BOUND ( 'NONE', #3284, .T. ) ;
#2508 = CYLINDRICAL_SURFACE ( 'NONE', #367, 23.82520000000004500 ) ;
#2509 = CYLINDRICAL_SURFACE ( 'NONE', #1941, 2.499999999999997800 ) ;
#2510 = LINE ( 'NONE', #4445, #370 ) ;
#2511 = LINE ( 'NONE', #4426, #373 ) ;
#2512 = LINE ( 'NONE', #4409, #375 ) ;
#2513 = LINE ( 'NONE', #4399, #379 ) ;
#2514 = LINE ( 'NONE', #4383, #381 ) ;
#2515 = LINE ( 'NONE', #4341, #385 ) ;
#2516 = LINE ( 'NONE', #4325, #387 ) ;
#2517 = LINE ( 'NONE', #4316, #390 ) ;
#2518 = LINE ( 'NONE', #4282, #392 ) ;
#2519 = LINE ( 'NONE', #4146, #396 ) ;
#2520 = LINE ( 'NONE', #4062, #398 ) ;
#2521 = LINE ( 'NONE', #4013, #403 ) ;
#2522 = LINE ( 'NONE', #3887, #406 ) ;
#2523 = LINE ( 'NONE', #3795, #1924 ) ;
#2524 = LINE ( 'NONE', #4293, #1923 ) ;
#2525 = LINE ( 'NONE', #4285, #1930 ) ;
#2526 = LINE ( 'NONE', #4246, #1934 ) ;
#2527 = LINE ( 'NONE', #4225, #1937 ) ;
#2528 = LINE ( 'NONE', #4207, #1939 ) ;
#2529 = LINE ( 'NONE', #4197, #1944 ) ;
#2530 = FACE_OUTER_BOUND ( 'NONE', #214, .T. ) ;
#2531 = FACE_BOUND ( 'NONE', #213, .T. ) ;
#2532 = FACE_OUTER_BOUND ( 'NONE', #135, .T. ) ;
#2533 = CYLINDRICAL_SURFACE ( 'NONE', #1945, 6.000000000000000000 ) ;
#2534 = FACE_OUTER_BOUND ( 'NONE', #215, .T. ) ;
#2535 = CYLINDRICAL_SURFACE ( 'NONE', #1929, 2.500000000000000400 ) ;
#2536 = FACE_OUTER_BOUND ( 'NONE', #136, .T. ) ;
#2537 = CYLINDRICAL_SURFACE ( 'NONE', #1933, 6.000000000000000000 ) ;
#2538 = FACE_OUTER_BOUND ( 'NONE', #138, .T. ) ;
#2539 = FACE_OUTER_BOUND ( 'NONE', #140, .T. ) ;
#2540 = FACE_OUTER_BOUND ( 'NONE', #137, .T. ) ;
#2541 = FACE_BOUND ( 'NONE', #141, .T. ) ;
#2542 = FACE_OUTER_BOUND ( 'NONE', #139, .T. ) ;
#2543 = CYLINDRICAL_SURFACE ( 'NONE', #1953, 16.50000000000000000 ) ;
#2544 = FACE_OUTER_BOUND ( 'NONE', #142, .T. ) ;
#2545 = CYLINDRICAL_SURFACE ( 'NONE', #1952, 3.174999999999993600 ) ;
#2546 = FACE_OUTER_BOUND ( 'NONE', #143, .T. ) ;
#2547 = CYLINDRICAL_SURFACE ( 'NONE', #1947, 3.174999999999997200 ) ;
#2548 = FACE_OUTER_BOUND ( 'NONE', #144, .T. ) ;
#2549 = EDGE_CURVE ( 'NONE', #4876, #4877, #2653, .T. ) ;
#2550 = EDGE_CURVE ( 'NONE', #4879, #3131, #1575, .T. ) ;
#2551 = EDGE_CURVE ( 'NONE', #4879, #4877, #1889, .T. ) ;
#2552 = EDGE_CURVE ( 'NONE', #3162, #3157, #2672, .T. ) ;
#2553 = EDGE_CURVE ( 'NONE', #4853, #3162, #2673, .T. ) ;
#2554 = EDGE_CURVE ( 'NONE', #4851, #4850, #2674, .T. ) ;
#2555 = ADVANCED_FACE ( 'NONE', ( #2675 ), #2671, .T. ) ;
#2556 = EDGE_CURVE ( 'NONE', #4878, #4879, #2676, .T. ) ;
#2557 = ADVANCED_FACE ( 'NONE', ( #2678 ), #2677, .T. ) ;
#2558 = ADVANCED_FACE ( 'NONE', ( #2679 ), #2680, .F. ) ;
#2559 = ADVANCED_FACE ( 'NONE', ( #2681 ), #2682, .T. ) ;
#2560 = ADVANCED_FACE ( 'NONE', ( #2683 ), #2684, .T. ) ;
#2561 = EDGE_CURVE ( 'NONE', #3130, #4878, #1576, .T. ) ;
#2562 = ADVANCED_FACE ( 'NONE', ( #2686 ), #2685, .T. ) ;
#2563 = ADVANCED_FACE ( 'NONE', ( #2687 ), #2688, .F. ) ;
#2564 = ADVANCED_FACE ( 'NONE', ( #2689 ), #2690, .T. ) ;
#2565 = ADVANCED_FACE ( 'NONE', ( #2691 ), #2692, .T. ) ;
#2566 = ADVANCED_FACE ( 'NONE', ( #2693 ), #2694, .T. ) ;
#2567 = ADVANCED_FACE ( 'NONE', ( #2695 ), #2696, .F. ) ;
#2568 = ADVANCED_FACE ( 'NONE', ( #2697 ), #2698, .T. ) ;
#2569 = ADVANCED_FACE ( 'NONE', ( #2699 ), #2700, .T. ) ;
#2570 = ADVANCED_FACE ( 'NONE', ( #2701 ), #2702, .T. ) ;
#2571 = ADVANCED_FACE ( 'NONE', ( #2703 ), #2704, .F. ) ;
#2572 = ADVANCED_FACE ( 'NONE', ( #2705 ), #2706, .T. ) ;
#2573 = ADVANCED_FACE ( 'NONE', ( #2707 ), #2708, .T. ) ;
#2574 = ADVANCED_FACE ( 'NONE', ( #2709 ), #2710, .T. ) ;
#2575 = ADVANCED_FACE ( 'NONE', ( #2711 ), #2712, .F. ) ;
#2576 = ADVANCED_FACE ( 'NONE', ( #2713 ), #2714, .T. ) ;
#2577 = ADVANCED_FACE ( 'NONE', ( #2715 ), #2716, .T. ) ;
#2578 = ADVANCED_FACE ( 'NONE', ( #2717 ), #2718, .T. ) ;
#2579 = ADVANCED_FACE ( 'NONE', ( #2719 ), #2720, .F. ) ;
#2580 = ADVANCED_FACE ( 'NONE', ( #2721 ), #2722, .T. ) ;
#2581 = ADVANCED_FACE ( 'NONE', ( #2723 ), #2724, .T. ) ;
#2582 = ADVANCED_FACE ( 'NONE', ( #2725 ), #2726, .T. ) ;
#2583 = ADVANCED_FACE ( 'NONE', ( #2727 ), #2217, .F. ) ;
#2584 = EDGE_CURVE ( 'NONE', #4925, #4924, #2375, .T. ) ;
#2585 = DESIGN_CONTEXT ( 'detailed design', #110, 'design' ) ;
#2586 = PRODUCT_DEFINITION_SHAPE ( 'NONE', 'NONE',  #2380 ) ;
#2587 = CIRCLE ( 'NONE', #3195, 16.50000000000000000 ) ;
#2588 = CYLINDRICAL_SURFACE ( 'NONE', #1954, 3.174999999999990500 ) ;
#2589 = FACE_OUTER_BOUND ( 'NONE', #145, .T. ) ;
#2590 = CYLINDRICAL_SURFACE ( 'NONE', #1955, 3.174999999999993600 ) ;
#2591 = FACE_OUTER_BOUND ( 'NONE', #146, .T. ) ;
#2592 = CYLINDRICAL_SURFACE ( 'NONE', #1956, 3.174999999999990500 ) ;
#2593 = CYLINDRICAL_SURFACE ( 'NONE', #2033, 3.174999999999997200 ) ;
#2594 = LINE ( 'NONE', #4126, #1961 ) ;
#2595 = LINE ( 'NONE', #4077, #1966 ) ;
#2596 = LINE ( 'NONE', #4060, #1968 ) ;
#2597 = LINE ( 'NONE', #4050, #1973 ) ;
#2598 = LINE ( 'NONE', #4016, #1976 ) ;
#2599 = LINE ( 'NONE', #3994, #1979 ) ;
#2600 = LINE ( 'NONE', #3977, #1981 ) ;
#2601 = LINE ( 'NONE', #3880, #2021 ) ;
#2602 = LINE ( 'NONE', #3878, #2022 ) ;
#2603 = LINE ( 'NONE', #3876, #2024 ) ;
#2604 = FACE_OUTER_BOUND ( 'NONE', #3257, .T. ) ;
#2605 = FACE_OUTER_BOUND ( 'NONE', #3256, .T. ) ;
#2606 = CYLINDRICAL_SURFACE ( 'NONE', #1819, 23.82520000000011600 ) ;
#2607 = FACE_OUTER_BOUND ( 'NONE', #3255, .T. ) ;
#2608 = CYLINDRICAL_SURFACE ( 'NONE', #1821, 27.84000000000000000 ) ;
#2609 = FACE_OUTER_BOUND ( 'NONE', #3254, .T. ) ;
#2610 = CYLINDRICAL_SURFACE ( 'NONE', #1820, 23.82519999999987100 ) ;
#2611 = FACE_OUTER_BOUND ( 'NONE', #3253, .T. ) ;
#2612 = CYLINDRICAL_SURFACE ( 'NONE', #1822, 3.175000000000000700 ) ;
#2613 = FACE_OUTER_BOUND ( 'NONE', #3252, .T. ) ;
#2614 = CYLINDRICAL_SURFACE ( 'NONE', #1823, 23.82520000000013400 ) ;
#2615 = FACE_OUTER_BOUND ( 'NONE', #3251, .T. ) ;
#2616 = CYLINDRICAL_SURFACE ( 'NONE', #1824, 27.84000000000000000 ) ;
#2617 = FACE_OUTER_BOUND ( 'NONE', #3250, .T. ) ;
#2618 = CYLINDRICAL_SURFACE ( 'NONE', #1825, 23.82519999999985300 ) ;
#2619 = FACE_OUTER_BOUND ( 'NONE', #3249, .T. ) ;
#2620 = CYLINDRICAL_SURFACE ( 'NONE', #1826, 3.174999999999997200 ) ;
#2621 = FACE_OUTER_BOUND ( 'NONE', #3248, .T. ) ;
#2622 = CYLINDRICAL_SURFACE ( 'NONE', #1827, 23.82520000000014400 ) ;
#2623 = FACE_OUTER_BOUND ( 'NONE', #3247, .T. ) ;
#2624 = CYLINDRICAL_SURFACE ( 'NONE', #1828, 27.84000000000000300 ) ;
#2625 = FACE_OUTER_BOUND ( 'NONE', #3246, .T. ) ;
#2626 = CYLINDRICAL_SURFACE ( 'NONE', #1829, 23.82519999999983900 ) ;
#2627 = FACE_OUTER_BOUND ( 'NONE', #3245, .T. ) ;
#2628 = CYLINDRICAL_SURFACE ( 'NONE', #1830, 3.174999999999997200 ) ;
#2629 = FACE_OUTER_BOUND ( 'NONE', #3244, .T. ) ;
#2630 = CYLINDRICAL_SURFACE ( 'NONE', #1831, 23.82520000000015200 ) ;
#2631 = FACE_OUTER_BOUND ( 'NONE', #3243, .T. ) ;
#2632 = CYLINDRICAL_SURFACE ( 'NONE', #1832, 27.84000000000000000 ) ;
#2633 = FACE_OUTER_BOUND ( 'NONE', #3242, .T. ) ;
#2634 = CYLINDRICAL_SURFACE ( 'NONE', #1833, 23.82519999999983500 ) ;
#2635 = FACE_OUTER_BOUND ( 'NONE', #3241, .T. ) ;
#2636 = CYLINDRICAL_SURFACE ( 'NONE', #1834, 3.175000000000000700 ) ;
#2637 = FACE_OUTER_BOUND ( 'NONE', #3240, .T. ) ;
#2638 = CYLINDRICAL_SURFACE ( 'NONE', #1835, 23.82520000000016600 ) ;
#2639 = FACE_OUTER_BOUND ( 'NONE', #154, .T. ) ;
#2640 = CYLINDRICAL_SURFACE ( 'NONE', #1836, 27.84000000000000300 ) ;
#2641 = FACE_OUTER_BOUND ( 'NONE', #153, .T. ) ;
#2642 = CYLINDRICAL_SURFACE ( 'NONE', #1837, 23.82519999999983900 ) ;
#2643 = FACE_OUTER_BOUND ( 'NONE', #152, .T. ) ;
#2644 = CYLINDRICAL_SURFACE ( 'NONE', #1838, 3.174999999999992700 ) ;
#2645 = FACE_OUTER_BOUND ( 'NONE', #151, .T. ) ;
#2646 = CYLINDRICAL_SURFACE ( 'NONE', #1839, 23.82520000000015900 ) ;
#2647 = FACE_OUTER_BOUND ( 'NONE', #150, .T. ) ;
#2648 = CYLINDRICAL_SURFACE ( 'NONE', #1840, 27.83999999999999600 ) ;
#2649 = FACE_OUTER_BOUND ( 'NONE', #149, .T. ) ;
#2650 = CYLINDRICAL_SURFACE ( 'NONE', #1841, 23.82519999999999500 ) ;
#2651 = FACE_OUTER_BOUND ( 'NONE', #148, .T. ) ;
#2652 = CYLINDRICAL_SURFACE ( 'NONE', #1842, 3.174999999999996300 ) ;
#2653 = LINE ( 'NONE', #2199, #1895 ) ;
#2654 = LINE ( 'NONE', #3645, #1845 ) ;
#2655 = LINE ( 'NONE', #3561, #1848 ) ;
#2656 = LINE ( 'NONE', #3772, #1850 ) ;
#2657 = LINE ( 'NONE', #3762, #1855 ) ;
#2658 = LINE ( 'NONE', #3724, #1857 ) ;
#2659 = LINE ( 'NONE', #3702, #1860 ) ;
#2660 = LINE ( 'NONE', #3684, #1862 ) ;
#2661 = LINE ( 'NONE', #3673, #1866 ) ;
#2662 = LINE ( 'NONE', #3644, #1867 ) ;
#2663 = LINE ( 'NONE', #3626, #1869 ) ;
#2664 = LINE ( 'NONE', #3616, #1874 ) ;
#2665 = LINE ( 'NONE', #3579, #1875 ) ;
#2666 = LINE ( 'NONE', #3562, #1877 ) ;
#2667 = LINE ( 'NONE', #3551, #1881 ) ;
#2668 = LINE ( 'NONE', #3512, #1885 ) ;
#2669 = LINE ( 'NONE', #2296, #1887 ) ;
#2670 = LINE ( 'NONE', #2264, #1892 ) ;
#2671 = CYLINDRICAL_SURFACE ( 'NONE', #1879, 27.83999999999999600 ) ;
#2672 = LINE ( 'NONE', #2109, #1898 ) ;
#2673 = LINE ( 'NONE', #2096, #1899 ) ;
#2674 = LINE ( 'NONE', #2089, #1901 ) ;
#2675 = FACE_OUTER_BOUND ( 'NONE', #3283, .T. ) ;
#2676 = LINE ( 'NONE', #2056, #1903 ) ;
#2677 = CYLINDRICAL_SURFACE ( 'NONE', #1900, 23.82519999999994900 ) ;
#2678 = FACE_OUTER_BOUND ( 'NONE', #3282, .T. ) ;
#2679 = FACE_OUTER_BOUND ( 'NONE', #3281, .T. ) ;
#2680 = CYLINDRICAL_SURFACE ( 'NONE', #1897, 3.174999999999993600 ) ;
#2681 = FACE_OUTER_BOUND ( 'NONE', #3280, .T. ) ;
#2682 = CYLINDRICAL_SURFACE ( 'NONE', #1902, 23.82520000000005900 ) ;
#2683 = FACE_OUTER_BOUND ( 'NONE', #3279, .T. ) ;
#2684 = CYLINDRICAL_SURFACE ( 'NONE', #1904, 27.83999999999999600 ) ;
#2685 = CYLINDRICAL_SURFACE ( 'NONE', #1907, 23.82519999999993500 ) ;
#2686 = FACE_OUTER_BOUND ( 'NONE', #3278, .T. ) ;
#2687 = FACE_OUTER_BOUND ( 'NONE', #3277, .T. ) ;
#2688 = CYLINDRICAL_SURFACE ( 'NONE', #1894, 3.174999999999990500 ) ;
#2689 = FACE_OUTER_BOUND ( 'NONE', #3276, .T. ) ;
#2690 = CYLINDRICAL_SURFACE ( 'NONE', #1905, 23.82520000000006600 ) ;
#2691 = FACE_OUTER_BOUND ( 'NONE', #3275, .T. ) ;
#2692 = CYLINDRICAL_SURFACE ( 'NONE', #1906, 27.84000000000000000 ) ;
#2693 = FACE_OUTER_BOUND ( 'NONE', #3274, .T. ) ;
#2694 = CYLINDRICAL_SURFACE ( 'NONE', #1909, 23.82519999999992800 ) ;
#2695 = FACE_OUTER_BOUND ( 'NONE', #3273, .T. ) ;
#2696 = CYLINDRICAL_SURFACE ( 'NONE', #1910, 3.174999999999987800 ) ;
#2697 = FACE_OUTER_BOUND ( 'NONE', #3272, .T. ) ;
#2698 = CYLINDRICAL_SURFACE ( 'NONE', #1911, 23.82520000000008100 ) ;
#2699 = FACE_OUTER_BOUND ( 'NONE', #3271, .T. ) ;
#2700 = CYLINDRICAL_SURFACE ( 'NONE', #1912, 27.84000000000000000 ) ;
#2701 = FACE_OUTER_BOUND ( 'NONE', #3270, .T. ) ;
#2702 = CYLINDRICAL_SURFACE ( 'NONE', #1913, 23.82519999999991400 ) ;
#2703 = FACE_OUTER_BOUND ( 'NONE', #3269, .T. ) ;
#2704 = CYLINDRICAL_SURFACE ( 'NONE', #1914, 3.174999999999991400 ) ;
#2705 = FACE_OUTER_BOUND ( 'NONE', #3268, .T. ) ;
#2706 = CYLINDRICAL_SURFACE ( 'NONE', #1915, 23.82520000000008800 ) ;
#2707 = FACE_OUTER_BOUND ( 'NONE', #3267, .T. ) ;
#2708 = CYLINDRICAL_SURFACE ( 'NONE', #1916, 27.84000000000000000 ) ;
#2709 = FACE_OUTER_BOUND ( 'NONE', #3266, .T. ) ;
#2710 = CYLINDRICAL_SURFACE ( 'NONE', #1917, 23.82519999999989900 ) ;
#2711 = FACE_OUTER_BOUND ( 'NONE', #3265, .T. ) ;
#2712 = CYLINDRICAL_SURFACE ( 'NONE', #1918, 3.174999999999992300 ) ;
#2713 = FACE_OUTER_BOUND ( 'NONE', #3264, .T. ) ;
#2714 = CYLINDRICAL_SURFACE ( 'NONE', #1919, 23.82520000000009100 ) ;
#2715 = FACE_OUTER_BOUND ( 'NONE', #3263, .T. ) ;
#2716 = CYLINDRICAL_SURFACE ( 'NONE', #1920, 27.84000000000000000 ) ;
#2717 = FACE_OUTER_BOUND ( 'NONE', #3262, .T. ) ;
#2718 = CYLINDRICAL_SURFACE ( 'NONE', #1921, 23.82519999999989900 ) ;
#2719 = FACE_OUTER_BOUND ( 'NONE', #3261, .T. ) ;
#2720 = CYLINDRICAL_SURFACE ( 'NONE', #1922, 3.174999999999990500 ) ;
#2721 = FACE_OUTER_BOUND ( 'NONE', #3260, .T. ) ;
#2722 = CYLINDRICAL_SURFACE ( 'NONE', #1908, 23.82520000000010500 ) ;
#2723 = FACE_OUTER_BOUND ( 'NONE', #3259, .T. ) ;
#2724 = CYLINDRICAL_SURFACE ( 'NONE', #2031, 27.83999999999999600 ) ;
#2725 = FACE_OUTER_BOUND ( 'NONE', #3258, .T. ) ;
#2726 = CYLINDRICAL_SURFACE ( 'NONE', #2374, 23.82519999999988500 ) ;
#2727 = FACE_OUTER_BOUND ( 'NONE', #147, .T. ) ;
#2728 = ORGANIZATION ( '未指定', '未指定', '' ) ;
#2729 = SHAPE_DEFINITION_REPRESENTATION ( #2586, #3776 ) ;
#2730 = PERSON_AND_ORGANIZATION ( #2403, #2728 ) ;
#2731 = PERSON_AND_ORGANIZATION ( #2403, #2728 ) ;
#2732 = APPROVAL_PERSON_ORGANIZATION ( #2731, #2381, #64 ) ;
#2733 = COORDINATED_UNIVERSAL_TIME_OFFSET ( 8, 0, .AHEAD. ) ;
#2734 = CALENDAR_DATE ( 2015, 25, 7 ) ;
#2735 = DATE_AND_TIME ( #2734, #1018 ) ;
#2736 = APPROVAL_DATE_TIME ( #2735, #2381 ) ;
#2737 = PERSON_AND_ORGANIZATION ( #2403, #2728 ) ;
#2738 = COORDINATED_UNIVERSAL_TIME_OFFSET ( 8, 0, .AHEAD. ) ;
#2739 = CALENDAR_DATE ( 2015, 25, 7 ) ;
#2740 = DATE_AND_TIME ( #2739, #1019 ) ;
#2741 = PERSON_AND_ORGANIZATION ( #2403, #2728 ) ;
#2742 = APPROVAL_PERSON_ORGANIZATION ( #2741, #2386, #81 ) ;
#2743 = COORDINATED_UNIVERSAL_TIME_OFFSET ( 8, 0, .AHEAD. ) ;
#2744 = CALENDAR_DATE ( 2015, 25, 7 ) ;
#2745 = DATE_AND_TIME ( #2744, #1015 ) ;
#2746 = APPROVAL_DATE_TIME ( #2745, #2386 ) ;
#2747 = PERSON_AND_ORGANIZATION ( #2403, #2728 ) ;
#2748 = PERSON_AND_ORGANIZATION ( #2403, #2728 ) ;
#2749 = PERSON_AND_ORGANIZATION ( #2403, #2728 ) ;
#2750 = COORDINATED_UNIVERSAL_TIME_OFFSET ( 8, 0, .AHEAD. ) ;
#2751 = CALENDAR_DATE ( 2015, 25, 7 ) ;
#2752 = DATE_AND_TIME ( #2751, #1014 ) ;
#2753 = PERSON_AND_ORGANIZATION ( #2403, #2728 ) ;
#2754 = APPROVAL_PERSON_ORGANIZATION ( #2753, #2393, #87 ) ;
#2755 = COORDINATED_UNIVERSAL_TIME_OFFSET ( 8, 0, .AHEAD. ) ;
#2756 = CALENDAR_DATE ( 2015, 25, 7 ) ;
#2757 = DATE_AND_TIME ( #2756, #1013 ) ;
#2758 = APPROVAL_DATE_TIME ( #2757, #2393 ) ;
#2759 = CIRCLE ( 'NONE', #130, 6.000000000000000000 ) ;
#2760 = CIRCLE ( 'NONE', #2768, 11.00000000000000000 ) ;
#2761 = VECTOR ( 'NONE', #875, 1000.000000000000000 ) ;
#2762 = AXIS2_PLACEMENT_3D ( 'NONE', #870, #869, #868 ) ;
#2763 = VECTOR ( 'NONE', #880, 1000.000000000000000 ) ;
#2764 = AXIS2_PLACEMENT_3D ( 'NONE', #867, #874, #873 ) ;
#2765 = VECTOR ( 'NONE', #748, 999.9999999999998900 ) ;
#2766 = AXIS2_PLACEMENT_3D ( 'NONE', #872, #871, #877 ) ;
#2767 = CIRCLE ( 'NONE', #127, 6.000000000000000000 ) ;
#2768 = AXIS2_PLACEMENT_3D ( 'NONE', #745, #742, #741 ) ;
#2769 = CIRCLE ( 'NONE', #2766, 2.500000000000000400 ) ;
#2770 = ORIENTED_EDGE ( 'NONE', *, *, #1281, .F. ) ;
#2771 = ORIENTED_EDGE ( 'NONE', *, *, #1282, .F. ) ;
#2772 = ORIENTED_EDGE ( 'NONE', *, *, #1275, .T. ) ;
#2773 = ORIENTED_EDGE ( 'NONE', *, *, #1283, .F. ) ;
#2774 = ORIENTED_EDGE ( 'NONE', *, *, #1286, .F. ) ;
#2775 = ORIENTED_EDGE ( 'NONE', *, *, #1284, .T. ) ;
#2776 = ORIENTED_EDGE ( 'NONE', *, *, #1287, .F. ) ;
#2777 = ORIENTED_EDGE ( 'NONE', *, *, #1285, .F. ) ;
#2778 = ORIENTED_EDGE ( 'NONE', *, *, #1278, .T. ) ;
#2779 = ORIENTED_EDGE ( 'NONE', *, *, #1289, .T. ) ;
#2780 = ORIENTED_EDGE ( 'NONE', *, *, #1290, .F. ) ;
#2781 = ORIENTED_EDGE ( 'NONE', *, *, #1288, .F. ) ;
#2782 = ORIENTED_EDGE ( 'NONE', *, *, #1285, .T. ) ;
#2783 = ORIENTED_EDGE ( 'NONE', *, *, #1292, .F. ) ;
#2784 = ORIENTED_EDGE ( 'NONE', *, *, #1293, .F. ) ;
#2785 = ORIENTED_EDGE ( 'NONE', *, *, #1291, .F. ) ;
#2786 = ORIENTED_EDGE ( 'NONE', *, *, #1288, .T. ) ;
#2787 = ORIENTED_EDGE ( 'NONE', *, *, #1295, .F. ) ;
#2788 = ORIENTED_EDGE ( 'NONE', *, *, #1296, .F. ) ;
#2789 = ORIENTED_EDGE ( 'NONE', *, *, #1294, .T. ) ;
#2790 = ORIENTED_EDGE ( 'NONE', *, *, #1297, .F. ) ;
#2791 = ORIENTED_EDGE ( 'NONE', *, *, #1298, .F. ) ;
#2792 = ORIENTED_EDGE ( 'NONE', *, *, #1299, .F. ) ;
#2793 = ORIENTED_EDGE ( 'NONE', *, *, #1300, .F. ) ;
#2794 = ORIENTED_EDGE ( 'NONE', *, *, #1291, .T. ) ;
#2795 = ORIENTED_EDGE ( 'NONE', *, *, #1302, .F. ) ;
#2796 = ORIENTED_EDGE ( 'NONE', *, *, #1303, .F. ) ;
#2797 = ORIENTED_EDGE ( 'NONE', *, *, #1301, .F. ) ;
#2798 = ORIENTED_EDGE ( 'NONE', *, *, #1297, .T. ) ;
#2799 = ORIENTED_EDGE ( 'NONE', *, *, #1305, .T. ) ;
#2800 = ORIENTED_EDGE ( 'NONE', *, *, #1306, .F. ) ;
#2801 = ORIENTED_EDGE ( 'NONE', *, *, #1304, .F. ) ;
#2802 = ORIENTED_EDGE ( 'NONE', *, *, #1301, .T. ) ;
#2803 = ORIENTED_EDGE ( 'NONE', *, *, #1308, .F. ) ;
#2804 = ORIENTED_EDGE ( 'NONE', *, *, #1309, .F. ) ;
#2805 = ORIENTED_EDGE ( 'NONE', *, *, #1307, .F. ) ;
#2806 = ORIENTED_EDGE ( 'NONE', *, *, #1304, .T. ) ;
#2807 = ORIENTED_EDGE ( 'NONE', *, *, #1311, .F. ) ;
#2808 = ORIENTED_EDGE ( 'NONE', *, *, #1312, .F. ) ;
#2809 = ORIENTED_EDGE ( 'NONE', *, *, #1310, .T. ) ;
#2810 = ORIENTED_EDGE ( 'NONE', *, *, #1313, .F. ) ;
#2811 = ORIENTED_EDGE ( 'NONE', *, *, #1314, .F. ) ;
#2812 = ORIENTED_EDGE ( 'NONE', *, *, #1315, .F. ) ;
#2813 = ORIENTED_EDGE ( 'NONE', *, *, #1316, .F. ) ;
#2814 = ORIENTED_EDGE ( 'NONE', *, *, #1307, .T. ) ;
#2815 = ORIENTED_EDGE ( 'NONE', *, *, #1318, .F. ) ;
#2816 = ORIENTED_EDGE ( 'NONE', *, *, #1319, .F. ) ;
#2817 = ORIENTED_EDGE ( 'NONE', *, *, #1317, .F. ) ;
#2818 = ORIENTED_EDGE ( 'NONE', *, *, #1313, .T. ) ;
#2819 = ORIENTED_EDGE ( 'NONE', *, *, #1321, .T. ) ;
#2820 = ORIENTED_EDGE ( 'NONE', *, *, #1322, .F. ) ;
#2821 = ORIENTED_EDGE ( 'NONE', *, *, #1320, .F. ) ;
#2822 = ORIENTED_EDGE ( 'NONE', *, *, #1317, .T. ) ;
#2823 = ORIENTED_EDGE ( 'NONE', *, *, #1324, .F. ) ;
#2824 = ORIENTED_EDGE ( 'NONE', *, *, #1325, .F. ) ;
#2825 = ORIENTED_EDGE ( 'NONE', *, *, #1323, .F. ) ;
#2826 = ORIENTED_EDGE ( 'NONE', *, *, #1320, .T. ) ;
#2827 = ORIENTED_EDGE ( 'NONE', *, *, #1188, .T. ) ;
#2828 = EDGE_LOOP ( 'NONE', ( #3338, #3342, #3340, #3344, #3343, #3346 ) ) ;
#2829 = EDGE_LOOP ( 'NONE', ( #3347, #3349 ) ) ;
#2830 = EDGE_LOOP ( 'NONE', ( #3345, #3350, #3351, #3348 ) ) ;
#2831 = EDGE_LOOP ( 'NONE', ( #3353, #3354, #3355, #3352, #3356, #3357, #3358 ) ) ;
#2832 = EDGE_LOOP ( 'NONE', ( #1617, #1618, #1619, #3359, #1620, #1621 ) ) ;
#2833 = EDGE_LOOP ( 'NONE', ( #1623, #1624, #1625, #1622, #1626, #1627, #1628 ) ) ;
#2834 = EDGE_LOOP ( 'NONE', ( #1630, #1631, #1632, #1629, #1633, #1634, #1635 ) ) ;
#2835 = EDGE_LOOP ( 'NONE', ( #1637, #1638, #1639, #1636, #1640, #1641 ) ) ;
#2836 = EDGE_LOOP ( 'NONE', ( #1643, #1644, #1645, #1642, #1646, #1647 ) ) ;
#2837 = EDGE_LOOP ( 'NONE', ( #1649, #1650, #1651, #1648, #1652, #1653 ) ) ;
#2838 = EDGE_LOOP ( 'NONE', ( #1655, #1656, #1657, #1654, #1658, #1659 ) ) ;
#2839 = EDGE_LOOP ( 'NONE', ( #1661, #1662, #1663, #1660, #3006, #3007 ) ) ;
#2840 = EDGE_LOOP ( 'NONE', ( #3009, #3010, #3011, #3008, #3012, #3013 ) ) ;
#2841 = EDGE_LOOP ( 'NONE', ( #3015, #3016, #3017, #3014, #3018, #3019 ) ) ;
#2842 = EDGE_LOOP ( 'NONE', ( #3021, #3022, #3023, #3020, #3024, #3025 ) ) ;
#2843 = EDGE_LOOP ( 'NONE', ( #3027, #3028, #3029, #3026, #3030, #3031 ) ) ;
#2844 = EDGE_LOOP ( 'NONE', ( #3033, #3034, #3035, #3032, #3036, #3037 ) ) ;
#2845 = EDGE_LOOP ( 'NONE', ( #3039, #3040, #3041, #3038, #3042, #3043 ) ) ;
#2846 = EDGE_LOOP ( 'NONE', ( #3045, #3046, #3047, #3044, #3048, #3049, #1578 ) ) ;
#2847 = EDGE_LOOP ( 'NONE', ( #1580, #1581, #1582, #1579, #1583, #1584 ) ) ;
#2848 = EDGE_LOOP ( 'NONE', ( #1586, #1587, #1588, #1585, #1589, #1590, #1591 ) ) ;
#2849 = EDGE_LOOP ( 'NONE', ( #1593, #1594, #1595, #1592, #1596, #1597 ) ) ;
#2850 = EDGE_LOOP ( 'NONE', ( #1599, #1600, #1601, #1598, #1602, #1603, #1604 ) ) ;
#2851 = EDGE_LOOP ( 'NONE', ( #1606, #1607, #1608, #1605, #1609, #1610, #1611 ) ) ;
#2852 = EDGE_LOOP ( 'NONE', ( #1613, #1614, #1615, #1612, #1616, #1766 ) ) ;
#2853 = EDGE_LOOP ( 'NONE', ( #1768, #1769, #1770, #1767, #1771, #1772 ) ) ;
#2854 = EDGE_LOOP ( 'NONE', ( #1774, #1775, #1776, #1773, #1777, #1778 ) ) ;
#2855 = EDGE_LOOP ( 'NONE', ( #1780, #1781, #1782, #1779, #1783, #1784 ) ) ;
#2856 = EDGE_LOOP ( 'NONE', ( #1786, #1787, #1788, #1785, #1789, #1790 ) ) ;
#2857 = EDGE_LOOP ( 'NONE', ( #1792, #1793, #1794, #1791, #1795, #1796 ) ) ;
#2858 = EDGE_LOOP ( 'NONE', ( #1798, #1799, #1800, #1797, #1801, #1802 ) ) ;
#2859 = EDGE_LOOP ( 'NONE', ( #2977, #2978, #2979, #2976, #2980, #2981 ) ) ;
#2860 = EDGE_LOOP ( 'NONE', ( #2983, #2984, #2985, #2982, #2986, #2987 ) ) ;
#2861 = EDGE_LOOP ( 'NONE', ( #2989, #2990, #2991, #2988, #2992, #2993 ) ) ;
#2862 = EDGE_LOOP ( 'NONE', ( #2995, #2996, #2997, #2994, #2998, #2999 ) ) ;
#2863 = EDGE_LOOP ( 'NONE', ( #3001, #3002, #3003, #3000, #3004, #3005, #1803 ) ) ;
#2864 = EDGE_LOOP ( 'NONE', ( #1805, #1806, #1807, #1804, #1808, #1809 ) ) ;
#2865 = EDGE_LOOP ( 'NONE', ( #1811, #1812, #1813, #1810, #1814, #1816 ) ) ;
#2866 = EDGE_LOOP ( 'NONE', ( #1818, #1817, #349, #2827 ) ) ;
#2867 = EDGE_LOOP ( 'NONE', ( #1765, #3382, #1815, #3381, #3379, #3380 ) ) ;
#2868 = EDGE_LOOP ( 'NONE', ( #3378, #3377, #3376, #3374, #3373 ) ) ;
#2869 = EDGE_LOOP ( 'NONE', ( #3372, #3371 ) ) ;
#2870 = EDGE_LOOP ( 'NONE', ( #3370, #3368 ) ) ;
#2871 = EDGE_LOOP ( 'NONE', ( #3375, #3367, #3366, #3369, #3365, #3364 ) ) ;
#2872 = EDGE_LOOP ( 'NONE', ( #3362, #3361, #3360, #3363 ) ) ;
#2873 = CLOSED_SHELL ( 'NONE', ( #1326, #1328, #1327, #1329, #1330, #1331, #1332, #1333, #1334, #1335, #1336, #1337, #1338, #2583, #1424, #1423, #1422, #1421, #1420, #1419, #1418, #1417, #1416, #1415, #1414, #1413, #1412, #1411, #1410, #1409, #1408, #1407, #1406, #1405, #1404, #1403, #1402, #1401, #1400, #2582, #2581, #2580, #2579, #2578, #2577, #2576, #2575, #2574, #2573, #2572, #2571, #2570, #2569, #2568, #2567, #2566, #2565, #2564, #2563, #2562, #2560, #2559, #2558, #2557, #2555, #1246, #1245, #1244, #1243, #1242, #1241, #1240, #1239, #1238, #1237, #1236, #1235, #1234, #1233, #1232, #1231, #1230, #1229, #1228, #1227, #1226, #1225, #1224, #1223, #1222, #1221, #1220, #1219, #1218, #1217, #1216, #1215, #1214, #1213, #1212, #1211, #1210, #1209, #1208, #1207, #1206, #1205, #1204, #1203, #1202, #1201, #1200, #1199, #1198, #1197, #1196, #1195, #1172, #1171, #1170, #1169, #1168, #1167, #1166, #1165, #1164, #1163, #1162, #1161 ) ) ;
#2874 = ORIENTED_EDGE ( 'NONE', *, *, #1339, .F. ) ;
#2875 = ORIENTED_EDGE ( 'NONE', *, *, #2549, .F. ) ;
#2876 = ORIENTED_EDGE ( 'NONE', *, *, #2556, .T. ) ;
#2877 = ORIENTED_EDGE ( 'NONE', *, *, #1341, .F. ) ;
#2878 = ORIENTED_EDGE ( 'NONE', *, *, #1342, .F. ) ;
#2879 = ORIENTED_EDGE ( 'NONE', *, *, #1340, .F. ) ;
#2880 = ORIENTED_EDGE ( 'NONE', *, *, #2549, .T. ) ;
#2881 = ORIENTED_EDGE ( 'NONE', *, *, #1344, .F. ) ;
#2882 = ORIENTED_EDGE ( 'NONE', *, *, #1059, .F. ) ;
#2883 = ORIENTED_EDGE ( 'NONE', *, *, #1343, .F. ) ;
#2884 = ORIENTED_EDGE ( 'NONE', *, *, #1345, .F. ) ;
#2885 = ORIENTED_EDGE ( 'NONE', *, *, #1340, .T. ) ;
#2886 = ORIENTED_EDGE ( 'NONE', *, *, #1346, .F. ) ;
#2887 = ORIENTED_EDGE ( 'NONE', *, *, #1348, .F. ) ;
#2888 = ORIENTED_EDGE ( 'NONE', *, *, #1347, .T. ) ;
#2889 = ORIENTED_EDGE ( 'NONE', *, *, #1350, .F. ) ;
#2890 = ORIENTED_EDGE ( 'NONE', *, *, #1351, .F. ) ;
#2891 = ORIENTED_EDGE ( 'NONE', *, *, #1349, .F. ) ;
#2892 = ORIENTED_EDGE ( 'NONE', *, *, #1062, .T. ) ;
#2893 = ORIENTED_EDGE ( 'NONE', *, *, #1353, .T. ) ;
#2894 = ORIENTED_EDGE ( 'NONE', *, *, #1354, .F. ) ;
#2895 = ORIENTED_EDGE ( 'NONE', *, *, #1352, .F. ) ;
#2896 = ORIENTED_EDGE ( 'NONE', *, *, #1349, .T. ) ;
#2897 = ORIENTED_EDGE ( 'NONE', *, *, #1356, .F. ) ;
#2898 = ORIENTED_EDGE ( 'NONE', *, *, #1357, .F. ) ;
#2899 = ORIENTED_EDGE ( 'NONE', *, *, #1355, .F. ) ;
#2900 = ORIENTED_EDGE ( 'NONE', *, *, #1352, .T. ) ;
#2901 = ORIENTED_EDGE ( 'NONE', *, *, #1359, .F. ) ;
#2902 = ORIENTED_EDGE ( 'NONE', *, *, #1360, .F. ) ;
#2903 = ORIENTED_EDGE ( 'NONE', *, *, #1358, .T. ) ;
#2904 = ORIENTED_EDGE ( 'NONE', *, *, #1361, .F. ) ;
#2905 = ORIENTED_EDGE ( 'NONE', *, *, #1362, .F. ) ;
#2906 = ORIENTED_EDGE ( 'NONE', *, *, #1363, .F. ) ;
#2907 = ORIENTED_EDGE ( 'NONE', *, *, #1364, .F. ) ;
#2908 = ORIENTED_EDGE ( 'NONE', *, *, #1355, .T. ) ;
#2909 = ORIENTED_EDGE ( 'NONE', *, *, #1366, .F. ) ;
#2910 = ORIENTED_EDGE ( 'NONE', *, *, #1367, .F. ) ;
#2911 = ORIENTED_EDGE ( 'NONE', *, *, #1365, .F. ) ;
#2912 = ORIENTED_EDGE ( 'NONE', *, *, #1361, .T. ) ;
#2913 = ORIENTED_EDGE ( 'NONE', *, *, #1369, .T. ) ;
#2914 = ORIENTED_EDGE ( 'NONE', *, *, #1370, .F. ) ;
#2915 = ORIENTED_EDGE ( 'NONE', *, *, #1368, .F. ) ;
#2916 = ORIENTED_EDGE ( 'NONE', *, *, #1365, .T. ) ;
#2917 = ORIENTED_EDGE ( 'NONE', *, *, #1372, .F. ) ;
#2918 = ORIENTED_EDGE ( 'NONE', *, *, #1371, .F. ) ;
#2919 = ORIENTED_EDGE ( 'NONE', *, *, #1102, .F. ) ;
#2920 = ORIENTED_EDGE ( 'NONE', *, *, #1374, .F. ) ;
#2921 = ORIENTED_EDGE ( 'NONE', *, *, #1368, .T. ) ;
#2922 = ORIENTED_EDGE ( 'NONE', *, *, #1373, .T. ) ;
#2923 = ORIENTED_EDGE ( 'NONE', *, *, #1375, .F. ) ;
#2924 = ORIENTED_EDGE ( 'NONE', *, *, #1057, .T. ) ;
#2925 = ORIENTED_EDGE ( 'NONE', *, *, #1347, .F. ) ;
#2926 = ORIENTED_EDGE ( 'NONE', *, *, #1376, .F. ) ;
#2927 = ORIENTED_EDGE ( 'NONE', *, *, #1065, .F. ) ;
#2928 = ORIENTED_EDGE ( 'NONE', *, *, #1031, .F. ) ;
#2929 = ORIENTED_EDGE ( 'NONE', *, *, #1481, .F. ) ;
#2930 = ORIENTED_EDGE ( 'NONE', *, *, #1045, .F. ) ;
#2931 = ORIENTED_EDGE ( 'NONE', *, *, #1071, .F. ) ;
#2932 = ORIENTED_EDGE ( 'NONE', *, *, #1377, .F. ) ;
#2933 = ORIENTED_EDGE ( 'NONE', *, *, #1078, .F. ) ;
#2934 = ORIENTED_EDGE ( 'NONE', *, *, #1378, .F. ) ;
#2935 = ORIENTED_EDGE ( 'NONE', *, *, #1086, .F. ) ;
#2936 = ORIENTED_EDGE ( 'NONE', *, *, #1379, .F. ) ;
#2937 = ORIENTED_EDGE ( 'NONE', *, *, #1440, .F. ) ;
#2938 = ORIENTED_EDGE ( 'NONE', *, *, #1380, .F. ) ;
#2939 = ORIENTED_EDGE ( 'NONE', *, *, #2584, .F. ) ;
#2940 = ORIENTED_EDGE ( 'NONE', *, *, #1381, .F. ) ;
#2941 = ORIENTED_EDGE ( 'NONE', *, *, #1310, .F. ) ;
#2942 = ORIENTED_EDGE ( 'NONE', *, *, #1382, .F. ) ;
#2943 = ORIENTED_EDGE ( 'NONE', *, *, #1294, .F. ) ;
#2944 = ORIENTED_EDGE ( 'NONE', *, *, #1383, .F. ) ;
#2945 = ORIENTED_EDGE ( 'NONE', *, *, #1284, .F. ) ;
#2946 = ORIENTED_EDGE ( 'NONE', *, *, #1384, .F. ) ;
#2947 = ORIENTED_EDGE ( 'NONE', *, *, #1268, .F. ) ;
#2948 = ORIENTED_EDGE ( 'NONE', *, *, #1385, .F. ) ;
#2949 = ORIENTED_EDGE ( 'NONE', *, *, #1160, .F. ) ;
#2950 = ORIENTED_EDGE ( 'NONE', *, *, #1386, .F. ) ;
#2951 = ORIENTED_EDGE ( 'NONE', *, *, #1144, .F. ) ;
#2952 = ORIENTED_EDGE ( 'NONE', *, *, #1387, .F. ) ;
#2953 = ORIENTED_EDGE ( 'NONE', *, *, #1134, .F. ) ;
#2954 = ORIENTED_EDGE ( 'NONE', *, *, #1388, .F. ) ;
#2955 = ORIENTED_EDGE ( 'NONE', *, *, #1112, .F. ) ;
#2956 = ORIENTED_EDGE ( 'NONE', *, *, #1389, .F. ) ;
#2957 = ORIENTED_EDGE ( 'NONE', *, *, #1095, .F. ) ;
#2958 = ORIENTED_EDGE ( 'NONE', *, *, #1390, .F. ) ;
#2959 = ORIENTED_EDGE ( 'NONE', *, *, #1358, .F. ) ;
#2960 = ORIENTED_EDGE ( 'NONE', *, *, #1392, .F. ) ;
#2961 = ORIENTED_EDGE ( 'NONE', *, *, #1393, .F. ) ;
#2962 = ORIENTED_EDGE ( 'NONE', *, *, #1391, .F. ) ;
#2963 = ORIENTED_EDGE ( 'NONE', *, *, #1394, .F. ) ;
#2964 = ORIENTED_EDGE ( 'NONE', *, *, #1036, .F. ) ;
#2965 = ORIENTED_EDGE ( 'NONE', *, *, #1040, .F. ) ;
#2966 = ORIENTED_EDGE ( 'NONE', *, *, #1491, .T. ) ;
#2967 = ORIENTED_EDGE ( 'NONE', *, *, #1064, .T. ) ;
#2968 = ORIENTED_EDGE ( 'NONE', *, *, #1395, .T. ) ;
#2969 = ORIENTED_EDGE ( 'NONE', *, *, #1344, .T. ) ;
#2970 = ORIENTED_EDGE ( 'NONE', *, *, #1396, .T. ) ;
#2971 = ORIENTED_EDGE ( 'NONE', *, *, #1363, .T. ) ;
#2972 = ORIENTED_EDGE ( 'NONE', *, *, #1397, .T. ) ;
#2973 = ORIENTED_EDGE ( 'NONE', *, *, #1100, .T. ) ;
#2974 = ORIENTED_EDGE ( 'NONE', *, *, #1398, .T. ) ;
#2975 = ORIENTED_EDGE ( 'NONE', *, *, #1117, .T. ) ;
#2976 = ORIENTED_EDGE ( 'NONE', *, *, #1145, .T. ) ;
#2977 = ORIENTED_EDGE ( 'NONE', *, *, #1136, .T. ) ;
#2978 = ORIENTED_EDGE ( 'NONE', *, *, #1129, .T. ) ;
#2979 = ORIENTED_EDGE ( 'NONE', *, *, #1387, .T. ) ;
#2980 = ORIENTED_EDGE ( 'NONE', *, *, #1142, .T. ) ;
#2981 = ORIENTED_EDGE ( 'NONE', *, *, #1139, .F. ) ;
#2982 = ORIENTED_EDGE ( 'NONE', *, *, #1133, .T. ) ;
#2983 = ORIENTED_EDGE ( 'NONE', *, *, #1120, .T. ) ;
#2984 = ORIENTED_EDGE ( 'NONE', *, *, #1114, .T. ) ;
#2985 = ORIENTED_EDGE ( 'NONE', *, *, #1388, .T. ) ;
#2986 = ORIENTED_EDGE ( 'NONE', *, *, #1126, .T. ) ;
#2987 = ORIENTED_EDGE ( 'NONE', *, *, #1123, .F. ) ;
#2988 = ORIENTED_EDGE ( 'NONE', *, *, #1113, .T. ) ;
#2989 = ORIENTED_EDGE ( 'NONE', *, *, #1104, .T. ) ;
#2990 = ORIENTED_EDGE ( 'NONE', *, *, #1097, .T. ) ;
#2991 = ORIENTED_EDGE ( 'NONE', *, *, #1389, .T. ) ;
#2992 = ORIENTED_EDGE ( 'NONE', *, *, #1110, .T. ) ;
#2993 = ORIENTED_EDGE ( 'NONE', *, *, #1107, .F. ) ;
#2994 = ORIENTED_EDGE ( 'NONE', *, *, #1096, .T. ) ;
#2995 = ORIENTED_EDGE ( 'NONE', *, *, #1366, .T. ) ;
#2996 = ORIENTED_EDGE ( 'NONE', *, *, #1360, .T. ) ;
#2997 = ORIENTED_EDGE ( 'NONE', *, *, #1390, .T. ) ;
#2998 = ORIENTED_EDGE ( 'NONE', *, *, #1371, .T. ) ;
#2999 = ORIENTED_EDGE ( 'NONE', *, *, #1369, .F. ) ;
#3000 = ORIENTED_EDGE ( 'NONE', *, *, #1374, .T. ) ;
#3001 = ORIENTED_EDGE ( 'NONE', *, *, #1350, .T. ) ;
#3002 = ORIENTED_EDGE ( 'NONE', *, *, #1061, .T. ) ;
#3003 = ORIENTED_EDGE ( 'NONE', *, *, #1348, .T. ) ;
#3004 = ORIENTED_EDGE ( 'NONE', *, *, #1359, .T. ) ;
#3005 = ORIENTED_EDGE ( 'NONE', *, *, #1356, .T. ) ;
#3006 = ORIENTED_EDGE ( 'NONE', *, *, #1176, .F. ) ;
#3007 = ORIENTED_EDGE ( 'NONE', *, *, #1264, .T. ) ;
#3008 = ORIENTED_EDGE ( 'NONE', *, *, #1266, .T. ) ;
#3009 = ORIENTED_EDGE ( 'NONE', *, *, #1255, .T. ) ;
#3010 = ORIENTED_EDGE ( 'NONE', *, *, #1258, .T. ) ;
#3011 = ORIENTED_EDGE ( 'NONE', *, *, #1261, .T. ) ;
#3012 = ORIENTED_EDGE ( 'NONE', *, *, #1175, .F. ) ;
#3013 = ORIENTED_EDGE ( 'NONE', *, *, #1250, .T. ) ;
#3014 = ORIENTED_EDGE ( 'NONE', *, *, #1252, .T. ) ;
#3015 = ORIENTED_EDGE ( 'NONE', *, *, #1153, .T. ) ;
#3016 = ORIENTED_EDGE ( 'NONE', *, *, #1156, .T. ) ;
#3017 = ORIENTED_EDGE ( 'NONE', *, *, #1159, .T. ) ;
#3018 = ORIENTED_EDGE ( 'NONE', *, *, #1174, .F. ) ;
#3019 = ORIENTED_EDGE ( 'NONE', *, *, #1148, .T. ) ;
#3020 = ORIENTED_EDGE ( 'NONE', *, *, #1150, .T. ) ;
#3021 = ORIENTED_EDGE ( 'NONE', *, *, #1137, .T. ) ;
#3022 = ORIENTED_EDGE ( 'NONE', *, *, #1140, .T. ) ;
#3023 = ORIENTED_EDGE ( 'NONE', *, *, #1143, .T. ) ;
#3024 = ORIENTED_EDGE ( 'NONE', *, *, #1173, .F. ) ;
#3025 = ORIENTED_EDGE ( 'NONE', *, *, #1130, .T. ) ;
#3026 = ORIENTED_EDGE ( 'NONE', *, *, #1132, .T. ) ;
#3027 = ORIENTED_EDGE ( 'NONE', *, *, #1121, .T. ) ;
#3028 = ORIENTED_EDGE ( 'NONE', *, *, #1124, .T. ) ;
#3029 = ORIENTED_EDGE ( 'NONE', *, *, #1127, .T. ) ;
#3030 = ORIENTED_EDGE ( 'NONE', *, *, #1399, .F. ) ;
#3031 = ORIENTED_EDGE ( 'NONE', *, *, #1116, .T. ) ;
#3032 = ORIENTED_EDGE ( 'NONE', *, *, #1118, .T. ) ;
#3033 = ORIENTED_EDGE ( 'NONE', *, *, #1105, .T. ) ;
#3034 = ORIENTED_EDGE ( 'NONE', *, *, #1108, .T. ) ;
#3035 = ORIENTED_EDGE ( 'NONE', *, *, #1111, .T. ) ;
#3036 = ORIENTED_EDGE ( 'NONE', *, *, #1398, .F. ) ;
#3037 = ORIENTED_EDGE ( 'NONE', *, *, #1099, .T. ) ;
#3038 = ORIENTED_EDGE ( 'NONE', *, *, #1101, .T. ) ;
#3039 = ORIENTED_EDGE ( 'NONE', *, *, #1367, .T. ) ;
#3040 = ORIENTED_EDGE ( 'NONE', *, *, #1370, .T. ) ;
#3041 = ORIENTED_EDGE ( 'NONE', *, *, #1372, .T. ) ;
#3042 = ORIENTED_EDGE ( 'NONE', *, *, #1397, .F. ) ;
#3043 = ORIENTED_EDGE ( 'NONE', *, *, #1362, .T. ) ;
#3044 = ORIENTED_EDGE ( 'NONE', *, *, #1364, .T. ) ;
#3045 = ORIENTED_EDGE ( 'NONE', *, *, #1351, .T. ) ;
#3046 = ORIENTED_EDGE ( 'NONE', *, *, #1354, .T. ) ;
#3047 = ORIENTED_EDGE ( 'NONE', *, *, #1357, .T. ) ;
#3048 = ORIENTED_EDGE ( 'NONE', *, *, #1396, .F. ) ;
#3049 = ORIENTED_EDGE ( 'NONE', *, *, #1343, .T. ) ;
#3050 = VERTEX_POINT ( 'NONE', #2207 ) ;
#3051 = VERTEX_POINT ( 'NONE', #2206 ) ;
#3052 = VERTEX_POINT ( 'NONE', #2205 ) ;
#3053 = VERTEX_POINT ( 'NONE', #2204 ) ;
#3054 = VERTEX_POINT ( 'NONE', #2203 ) ;
#3055 = VERTEX_POINT ( 'NONE', #2202 ) ;
#3056 = VERTEX_POINT ( 'NONE', #2201 ) ;
#3057 = VERTEX_POINT ( 'NONE', #2200 ) ;
#3058 = VERTEX_POINT ( 'NONE', #2198 ) ;
#3059 = VERTEX_POINT ( 'NONE', #2197 ) ;
#3060 = VERTEX_POINT ( 'NONE', #2196 ) ;
#3061 = VERTEX_POINT ( 'NONE', #2194 ) ;
#3062 = VERTEX_POINT ( 'NONE', #2193 ) ;
#3063 = VERTEX_POINT ( 'NONE', #2192 ) ;
#3064 = VERTEX_POINT ( 'NONE', #2191 ) ;
#3065 = VERTEX_POINT ( 'NONE', #2190 ) ;
#3066 = VERTEX_POINT ( 'NONE', #2189 ) ;
#3067 = VERTEX_POINT ( 'NONE', #2187 ) ;
#3068 = VERTEX_POINT ( 'NONE', #2186 ) ;
#3069 = VERTEX_POINT ( 'NONE', #2185 ) ;
#3070 = VERTEX_POINT ( 'NONE', #2184 ) ;
#3071 = VERTEX_POINT ( 'NONE', #2183 ) ;
#3072 = VERTEX_POINT ( 'NONE', #2182 ) ;
#3073 = VERTEX_POINT ( 'NONE', #2181 ) ;
#3074 = VERTEX_POINT ( 'NONE', #2180 ) ;
#3075 = VERTEX_POINT ( 'NONE', #2179 ) ;
#3076 = VERTEX_POINT ( 'NONE', #2178 ) ;
#3077 = VERTEX_POINT ( 'NONE', #2177 ) ;
#3078 = VERTEX_POINT ( 'NONE', #2176 ) ;
#3079 = VERTEX_POINT ( 'NONE', #2175 ) ;
#3080 = VERTEX_POINT ( 'NONE', #2174 ) ;
#3081 = VERTEX_POINT ( 'NONE', #2173 ) ;
#3082 = VERTEX_POINT ( 'NONE', #2172 ) ;
#3083 = VERTEX_POINT ( 'NONE', #2171 ) ;
#3084 = VERTEX_POINT ( 'NONE', #2170 ) ;
#3085 = VERTEX_POINT ( 'NONE', #2169 ) ;
#3086 = VERTEX_POINT ( 'NONE', #2168 ) ;
#3087 = VERTEX_POINT ( 'NONE', #2167 ) ;
#3088 = VERTEX_POINT ( 'NONE', #2166 ) ;
#3089 = VERTEX_POINT ( 'NONE', #2165 ) ;
#3090 = VERTEX_POINT ( 'NONE', #2164 ) ;
#3091 = VERTEX_POINT ( 'NONE', #2163 ) ;
#3092 = VERTEX_POINT ( 'NONE', #2162 ) ;
#3093 = VERTEX_POINT ( 'NONE', #2161 ) ;
#3094 = VERTEX_POINT ( 'NONE', #2160 ) ;
#3095 = VERTEX_POINT ( 'NONE', #2159 ) ;
#3096 = VERTEX_POINT ( 'NONE', #2158 ) ;
#3097 = VERTEX_POINT ( 'NONE', #2157 ) ;
#3098 = VERTEX_POINT ( 'NONE', #2156 ) ;
#3099 = VERTEX_POINT ( 'NONE', #2155 ) ;
#3100 = VERTEX_POINT ( 'NONE', #2154 ) ;
#3101 = VERTEX_POINT ( 'NONE', #2153 ) ;
#3102 = VERTEX_POINT ( 'NONE', #2152 ) ;
#3103 = VERTEX_POINT ( 'NONE', #2151 ) ;
#3104 = VERTEX_POINT ( 'NONE', #2149 ) ;
#3105 = VERTEX_POINT ( 'NONE', #2147 ) ;
#3106 = VERTEX_POINT ( 'NONE', #2146 ) ;
#3107 = VERTEX_POINT ( 'NONE', #2144 ) ;
#3108 = VERTEX_POINT ( 'NONE', #2143 ) ;
#3109 = VERTEX_POINT ( 'NONE', #2142 ) ;
#3110 = VERTEX_POINT ( 'NONE', #2141 ) ;
#3111 = VERTEX_POINT ( 'NONE', #2139 ) ;
#3112 = VERTEX_POINT ( 'NONE', #2138 ) ;
#3113 = VERTEX_POINT ( 'NONE', #2137 ) ;
#3114 = VERTEX_POINT ( 'NONE', #2135 ) ;
#3115 = VERTEX_POINT ( 'NONE', #2134 ) ;
#3116 = VERTEX_POINT ( 'NONE', #2133 ) ;
#3117 = VERTEX_POINT ( 'NONE', #2132 ) ;
#3118 = VERTEX_POINT ( 'NONE', #2131 ) ;
#3119 = VERTEX_POINT ( 'NONE', #2130 ) ;
#3120 = VERTEX_POINT ( 'NONE', #2129 ) ;
#3121 = VERTEX_POINT ( 'NONE', #2127 ) ;
#3122 = VERTEX_POINT ( 'NONE', #2126 ) ;
#3123 = VERTEX_POINT ( 'NONE', #2125 ) ;
#3124 = VERTEX_POINT ( 'NONE', #2124 ) ;
#3125 = VERTEX_POINT ( 'NONE', #2122 ) ;
#3126 = VERTEX_POINT ( 'NONE', #2121 ) ;
#3127 = VERTEX_POINT ( 'NONE', #2120 ) ;
#3128 = VERTEX_POINT ( 'NONE', #2118 ) ;
#3129 = VERTEX_POINT ( 'NONE', #2117 ) ;
#3130 = VERTEX_POINT ( 'NONE', #2116 ) ;
#3131 = VERTEX_POINT ( 'NONE', #2115 ) ;
#3132 = VERTEX_POINT ( 'NONE', #2114 ) ;
#3133 = VERTEX_POINT ( 'NONE', #2113 ) ;
#3134 = VERTEX_POINT ( 'NONE', #2112 ) ;
#3135 = VERTEX_POINT ( 'NONE', #2111 ) ;
#3136 = VERTEX_POINT ( 'NONE', #2110 ) ;
#3137 = VERTEX_POINT ( 'NONE', #2108 ) ;
#3138 = VERTEX_POINT ( 'NONE', #2107 ) ;
#3139 = VERTEX_POINT ( 'NONE', #2105 ) ;
#3140 = VERTEX_POINT ( 'NONE', #2104 ) ;
#3141 = VERTEX_POINT ( 'NONE', #2103 ) ;
#3142 = VERTEX_POINT ( 'NONE', #2102 ) ;
#3143 = VERTEX_POINT ( 'NONE', #2101 ) ;
#3144 = VERTEX_POINT ( 'NONE', #2100 ) ;
#3145 = VERTEX_POINT ( 'NONE', #2099 ) ;
#3146 = VERTEX_POINT ( 'NONE', #2098 ) ;
#3147 = VERTEX_POINT ( 'NONE', #2097 ) ;
#3148 = VERTEX_POINT ( 'NONE', #2095 ) ;
#3149 = VERTEX_POINT ( 'NONE', #2094 ) ;
#3150 = VERTEX_POINT ( 'NONE', #2092 ) ;
#3151 = VERTEX_POINT ( 'NONE', #2091 ) ;
#3152 = VERTEX_POINT ( 'NONE', #2090 ) ;
#3153 = VERTEX_POINT ( 'NONE', #2088 ) ;
#3154 = VERTEX_POINT ( 'NONE', #2087 ) ;
#3155 = VERTEX_POINT ( 'NONE', #2086 ) ;
#3156 = VERTEX_POINT ( 'NONE', #2085 ) ;
#3157 = VERTEX_POINT ( 'NONE', #2084 ) ;
#3158 = VERTEX_POINT ( 'NONE', #2083 ) ;
#3159 = VERTEX_POINT ( 'NONE', #2081 ) ;
#3160 = VERTEX_POINT ( 'NONE', #2080 ) ;
#3161 = VERTEX_POINT ( 'NONE', #2079 ) ;
#3162 = VERTEX_POINT ( 'NONE', #2078 ) ;
#3163 = VERTEX_POINT ( 'NONE', #2077 ) ;
#3164 = VERTEX_POINT ( 'NONE', #2076 ) ;
#3165 = VERTEX_POINT ( 'NONE', #2074 ) ;
#3166 = VERTEX_POINT ( 'NONE', #2073 ) ;
#3167 = VERTEX_POINT ( 'NONE', #2072 ) ;
#3168 = CYLINDRICAL_SURFACE ( 'NONE', #2368, 2.499999999999997800 ) ;
#3169 = LINE ( 'NONE', #904, #999 ) ;
#3170 = LINE ( 'NONE', #902, #1002 ) ;
#3171 = LINE ( 'NONE', #749, #2765 ) ;
#3172 = LINE ( 'NONE', #876, #2761 ) ;
#3173 = LINE ( 'NONE', #881, #2763 ) ;
#3174 = LINE ( 'NONE', #835, #134 ) ;
#3175 = LINE ( 'NONE', #753, #126 ) ;
#3176 = LINE ( 'NONE', #808, #3198 ) ;
#3177 = LINE ( 'NONE', #815, #3200 ) ;
#3178 = LINE ( 'NONE', #812, #3201 ) ;
#3179 = LINE ( 'NONE', #781, #3203 ) ;
#3180 = LINE ( 'NONE', #705, #3205 ) ;
#3181 = LINE ( 'NONE', #710, #3208 ) ;
#3182 = LINE ( 'NONE', #664, #3210 ) ;
#3183 = LINE ( 'NONE', #587, #3214 ) ;
#3184 = LINE ( 'NONE', #552, #3216 ) ;
#3185 = LINE ( 'NONE', #451, #3220 ) ;
#3186 = LINE ( 'NONE', #670, #3222 ) ;
#3187 = LINE ( 'NONE', #643, #3226 ) ;
#3188 = LINE ( 'NONE', #627, #3230 ) ;
#3189 = LINE ( 'NONE', #625, #3231 ) ;
#3190 = LINE ( 'NONE', #623, #3232 ) ;
#3191 = LINE ( 'NONE', #601, #3236 ) ;
#3192 = LINE ( 'NONE', #580, #3239 ) ;
#3193 = LINE ( 'NONE', #578, #2324 ) ;
#3194 = LINE ( 'NONE', #560, #2326 ) ;
#3195 = AXIS2_PLACEMENT_3D ( 'NONE', #701, #700, #726 ) ;
#3196 = CIRCLE ( 'NONE', #3197, 0.2000000000000000100 ) ;
#3197 = AXIS2_PLACEMENT_3D ( 'NONE', #704, #699, #728 ) ;
#3198 = VECTOR ( 'NONE', #806, 1000.000000000000000 ) ;
#3199 = CIRCLE ( 'NONE', #3207, 3.174999999999997200 ) ;
#3200 = VECTOR ( 'NONE', #814, 1000.000000000000000 ) ;
#3201 = VECTOR ( 'NONE', #686, 1000.000000000000000 ) ;
#3202 = CIRCLE ( 'NONE', #3212, 3.174999999999990500 ) ;
#3203 = VECTOR ( 'NONE', #782, 1000.000000000000000 ) ;
#3204 = CIRCLE ( 'NONE', #3206, 3.174999999999997200 ) ;
#3205 = VECTOR ( 'NONE', #706, 1000.000000000000000 ) ;
#3206 = AXIS2_PLACEMENT_3D ( 'NONE', #707, #761, #760 ) ;
#3207 = AXIS2_PLACEMENT_3D ( 'NONE', #759, #757, #756 ) ;
#3208 = VECTOR ( 'NONE', #709, 1000.000000000000000 ) ;
#3209 = CIRCLE ( 'NONE', #3211, 3.174999999999990500 ) ;
#3210 = VECTOR ( 'NONE', #651, 1000.000000000000000 ) ;
#3211 = AXIS2_PLACEMENT_3D ( 'NONE', #644, #641, #634 ) ;
#3212 = AXIS2_PLACEMENT_3D ( 'NONE', #622, #621, #611 ) ;
#3213 = CIRCLE ( 'NONE', #3217, 3.174999999999993600 ) ;
#3214 = VECTOR ( 'NONE', #584, 1000.000000000000000 ) ;
#3215 = CIRCLE ( 'NONE', #3223, 3.174999999999990500 ) ;
#3216 = VECTOR ( 'NONE', #551, 1000.000000000000000 ) ;
#3217 = AXIS2_PLACEMENT_3D ( 'NONE', #509, #505, #494 ) ;
#3218 = CIRCLE ( 'NONE', #3221, 3.174999999999993600 ) ;
#3219 = CIRCLE ( 'NONE', #3227, 3.174999999999990500 ) ;
#3220 = VECTOR ( 'NONE', #450, 1000.000000000000000 ) ;
#3221 = AXIS2_PLACEMENT_3D ( 'NONE', #674, #672, #671 ) ;
#3222 = VECTOR ( 'NONE', #668, 1000.000000000000000 ) ;
#3223 = AXIS2_PLACEMENT_3D ( 'NONE', #654, #653, #652 ) ;
#3224 = CIRCLE ( 'NONE', #3237, 3.174999999999996300 ) ;
#3225 = CIRCLE ( 'NONE', #3228, 2.500000000000000400 ) ;
#3226 = VECTOR ( 'NONE', #642, 1000.000000000000000 ) ;
#3227 = AXIS2_PLACEMENT_3D ( 'NONE', #633, #632, #631 ) ;
#3228 = AXIS2_PLACEMENT_3D ( 'NONE', #630, #629, #628 ) ;
#3229 = CIRCLE ( 'NONE', #3233, 3.174999999999996300 ) ;
#3230 = VECTOR ( 'NONE', #626, 1000.000000000000000 ) ;
#3231 = VECTOR ( 'NONE', #624, 1000.000000000000000 ) ;
#3232 = VECTOR ( 'NONE', #620, 1000.000000000000000 ) ;
#3233 = AXIS2_PLACEMENT_3D ( 'NONE', #619, #618, #617 ) ;
#3234 = CIRCLE ( 'NONE', #2329, 27.83999217069936100 ) ;
#3235 = AXIS2_PLACEMENT_3D ( 'NONE', #4797, #4796, #4795 ) ;
#3236 = VECTOR ( 'NONE', #600, 1000.000000000000000 ) ;
#3237 = AXIS2_PLACEMENT_3D ( 'NONE', #591, #590, #589 ) ;
#3238 = AXIS2_PLACEMENT_3D ( 'NONE', #4793, #4792, #4791 ) ;
#3239 = VECTOR ( 'NONE', #579, 1000.000000000000000 ) ;
#3240 = EDGE_LOOP ( 'NONE', ( #260, #258, #259, #257 ) ) ;
#3241 = EDGE_LOOP ( 'NONE', ( #256, #254, #255, #253, #252, #251, #250, #248 ) ) ;
#3242 = EDGE_LOOP ( 'NONE', ( #249, #246, #247, #245 ) ) ;
#3243 = EDGE_LOOP ( 'NONE', ( #244, #242, #243, #241 ) ) ;
#3244 = EDGE_LOOP ( 'NONE', ( #240, #238, #239, #237 ) ) ;
#3245 = EDGE_LOOP ( 'NONE', ( #236, #234, #235, #233, #232, #231, #230, #229 ) ) ;
#3246 = EDGE_LOOP ( 'NONE', ( #228, #226, #227, #225 ) ) ;
#3247 = EDGE_LOOP ( 'NONE', ( #224, #222, #223, #221 ) ) ;
#3248 = EDGE_LOOP ( 'NONE', ( #220, #218, #219, #217 ) ) ;
#3249 = EDGE_LOOP ( 'NONE', ( #216, #3384, #3383, #3385, #3386, #3387, #3388, #3389 ) ) ;
#3250 = EDGE_LOOP ( 'NONE', ( #3390, #3392, #3391, #3393 ) ) ;
#3251 = EDGE_LOOP ( 'NONE', ( #3394, #3396, #3395, #3397 ) ) ;
#3252 = EDGE_LOOP ( 'NONE', ( #3398, #3400, #3399, #3401 ) ) ;
#3253 = EDGE_LOOP ( 'NONE', ( #3402, #3404, #3403, #3405, #3406, #3407, #3408, #3410 ) ) ;
#3254 = EDGE_LOOP ( 'NONE', ( #3409, #3412, #3411, #3413 ) ) ;
#3255 = EDGE_LOOP ( 'NONE', ( #3414, #3416, #3415, #3417 ) ) ;
#3256 = EDGE_LOOP ( 'NONE', ( #3418, #3420, #3419, #3421 ) ) ;
#3257 = EDGE_LOOP ( 'NONE', ( #3422, #3424, #3423, #2770, #2771, #2772, #2773, #2775 ) ) ;
#3258 = EDGE_LOOP ( 'NONE', ( #2774, #2777, #2776, #2778 ) ) ;
#3259 = EDGE_LOOP ( 'NONE', ( #2779, #2781, #2780, #2782 ) ) ;
#3260 = EDGE_LOOP ( 'NONE', ( #2783, #2785, #2784, #2786 ) ) ;
#3261 = EDGE_LOOP ( 'NONE', ( #2787, #2789, #2788, #2790, #2791, #2792, #2793, #2794 ) ) ;
#3262 = EDGE_LOOP ( 'NONE', ( #2795, #2797, #2796, #2798 ) ) ;
#3263 = EDGE_LOOP ( 'NONE', ( #2799, #2801, #2800, #2802 ) ) ;
#3264 = EDGE_LOOP ( 'NONE', ( #2803, #2805, #2804, #2806 ) ) ;
#3265 = EDGE_LOOP ( 'NONE', ( #2807, #2809, #2808, #2810, #2811, #2812, #2813, #2814 ) ) ;
#3266 = EDGE_LOOP ( 'NONE', ( #2815, #2817, #2816, #2818 ) ) ;
#3267 = EDGE_LOOP ( 'NONE', ( #2819, #2821, #2820, #2822 ) ) ;
#3268 = EDGE_LOOP ( 'NONE', ( #2823, #2825, #2824, #2826 ) ) ;
#3269 = EDGE_LOOP ( 'NONE', ( #1664, #1666, #1665, #1667, #1668, #1669, #1670, #1671 ) ) ;
#3270 = EDGE_LOOP ( 'NONE', ( #1672, #1674, #1673, #1675 ) ) ;
#3271 = EDGE_LOOP ( 'NONE', ( #1676, #1678, #1677, #1679 ) ) ;
#3272 = EDGE_LOOP ( 'NONE', ( #1680, #1682, #1681, #1683 ) ) ;
#3273 = EDGE_LOOP ( 'NONE', ( #1684, #1686, #1685, #1687, #1688, #1689, #1690, #1691 ) ) ;
#3274 = EDGE_LOOP ( 'NONE', ( #1692, #1694, #1693, #1695 ) ) ;
#3275 = EDGE_LOOP ( 'NONE', ( #1696, #1698, #1697, #1699 ) ) ;
#3276 = EDGE_LOOP ( 'NONE', ( #1700, #1702, #1701, #1703 ) ) ;
#3277 = EDGE_LOOP ( 'NONE', ( #1705, #1706, #1704, #1707 ) ) ;
#3278 = EDGE_LOOP ( 'NONE', ( #1708, #1710, #1709, #1711 ) ) ;
#3279 = EDGE_LOOP ( 'NONE', ( #1712, #1714, #1713, #1715 ) ) ;
#3280 = EDGE_LOOP ( 'NONE', ( #1716, #1718, #1717, #1719 ) ) ;
#3281 = EDGE_LOOP ( 'NONE', ( #1721, #1722, #1720, #1723 ) ) ;
#3282 = EDGE_LOOP ( 'NONE', ( #1724, #1726, #1725, #1727 ) ) ;
#3283 = EDGE_LOOP ( 'NONE', ( #1728, #1730, #1729, #1731 ) ) ;
#3284 = EDGE_LOOP ( 'NONE', ( #1732, #1734, #1733, #1735 ) ) ;
#3285 = EDGE_LOOP ( 'NONE', ( #1737, #1738, #1736, #1739, #1740, #1742 ) ) ;
#3286 = EDGE_LOOP ( 'NONE', ( #1741, #1744, #1743, #1745 ) ) ;
#3287 = EDGE_LOOP ( 'NONE', ( #1746, #1748, #1747, #1749 ) ) ;
#3288 = EDGE_LOOP ( 'NONE', ( #1750, #1752, #1751, #1753 ) ) ;
#3289 = EDGE_LOOP ( 'NONE', ( #1755, #1756, #1754, #1757, #1758, #1760 ) ) ;
#3290 = EDGE_LOOP ( 'NONE', ( #1759, #1762, #1761, #1763 ) ) ;
#3291 = EDGE_LOOP ( 'NONE', ( #1764, #2875, #2874, #2876 ) ) ;
#3292 = EDGE_LOOP ( 'NONE', ( #2877, #2879, #2878, #2880 ) ) ;
#3293 = EDGE_LOOP ( 'NONE', ( #2882, #2883, #2881, #2884, #2885, #2886, #2888, #2887 ) ) ;
#3294 = EDGE_LOOP ( 'NONE', ( #2889, #2891, #2890, #2892 ) ) ;
#3295 = EDGE_LOOP ( 'NONE', ( #2893, #2895, #2894, #2896 ) ) ;
#3296 = EDGE_LOOP ( 'NONE', ( #2897, #2899, #2898, #2900 ) ) ;
#3297 = EDGE_LOOP ( 'NONE', ( #2901, #2903, #2902, #2904, #2905, #2906, #2907, #2908 ) ) ;
#3298 = EDGE_LOOP ( 'NONE', ( #2909, #2911, #2910, #2912 ) ) ;
#3299 = EDGE_LOOP ( 'NONE', ( #2913, #2915, #2914, #2916 ) ) ;
#3300 = EDGE_LOOP ( 'NONE', ( #2918, #2919, #2917, #2921 ) ) ;
#3301 = EDGE_LOOP ( 'NONE', ( #2922, #2924 ) ) ;
#3302 = EDGE_LOOP ( 'NONE', ( #2920, #2925, #2923, #2927, #2928, #2926, #2930, #2931, #2929, #2932, #2933, #2934, #2935, #2936, #2937, #2938, #2939, #2940, #2941, #2942, #2943, #2944, #2945, #2946, #2947, #2948, #2949, #2950, #2951, #2952, #2953, #2954, #2955, #2956, #2957, #2958, #2959 ) ) ;
#3303 = EDGE_LOOP ( 'NONE', ( #2960, #2962, #2961, #2963, #2964, #2965 ) ) ;
#3304 = EDGE_LOOP ( 'NONE', ( #2966, #2967, #2968, #2969, #2970, #2971, #2972, #2973, #2974, #2975, #3307, #3308, #3309, #3310, #3311, #3312, #3313, #3314, #3315, #3316, #3317, #3318, #3319, #3320, #3321, #3322, #3323, #3324, #3325, #3326, #3327, #3328, #3329, #3331, #3332, #3330, #3333 ) ) ;
#3305 = EDGE_LOOP ( 'NONE', ( #3335, #3336, #3337, #3334 ) ) ;
#3306 = EDGE_LOOP ( 'NONE', ( #3339, #3341 ) ) ;
#3307 = ORIENTED_EDGE ( 'NONE', *, *, #1399, .T. ) ;
#3308 = ORIENTED_EDGE ( 'NONE', *, *, #1131, .T. ) ;
#3309 = ORIENTED_EDGE ( 'NONE', *, *, #1173, .T. ) ;
#3310 = ORIENTED_EDGE ( 'NONE', *, *, #1149, .T. ) ;
#3311 = ORIENTED_EDGE ( 'NONE', *, *, #1174, .T. ) ;
#3312 = ORIENTED_EDGE ( 'NONE', *, *, #1251, .T. ) ;
#3313 = ORIENTED_EDGE ( 'NONE', *, *, #1175, .T. ) ;
#3314 = ORIENTED_EDGE ( 'NONE', *, *, #1265, .T. ) ;
#3315 = ORIENTED_EDGE ( 'NONE', *, *, #1176, .T. ) ;
#3316 = ORIENTED_EDGE ( 'NONE', *, *, #1281, .T. ) ;
#3317 = ORIENTED_EDGE ( 'NONE', *, *, #1177, .T. ) ;
#3318 = ORIENTED_EDGE ( 'NONE', *, *, #1299, .T. ) ;
#3319 = ORIENTED_EDGE ( 'NONE', *, *, #1178, .T. ) ;
#3320 = ORIENTED_EDGE ( 'NONE', *, *, #1315, .T. ) ;
#3321 = ORIENTED_EDGE ( 'NONE', *, *, #1179, .T. ) ;
#3322 = ORIENTED_EDGE ( 'NONE', *, *, #1429, .T. ) ;
#3323 = ORIENTED_EDGE ( 'NONE', *, *, #1180, .T. ) ;
#3324 = ORIENTED_EDGE ( 'NONE', *, *, #1445, .T. ) ;
#3325 = ORIENTED_EDGE ( 'NONE', *, *, #1181, .T. ) ;
#3326 = ORIENTED_EDGE ( 'NONE', *, *, #1090, .T. ) ;
#3327 = ORIENTED_EDGE ( 'NONE', *, *, #1182, .T. ) ;
#3328 = ORIENTED_EDGE ( 'NONE', *, *, #1082, .T. ) ;
#3329 = ORIENTED_EDGE ( 'NONE', *, *, #1183, .T. ) ;
#3330 = ORIENTED_EDGE ( 'NONE', *, *, #1049, .T. ) ;
#3331 = ORIENTED_EDGE ( 'NONE', *, *, #1478, .T. ) ;
#3332 = ORIENTED_EDGE ( 'NONE', *, *, #1070, .T. ) ;
#3333 = ORIENTED_EDGE ( 'NONE', *, *, #1184, .T. ) ;
#3334 = ORIENTED_EDGE ( 'NONE', *, *, #1185, .T. ) ;
#3335 = ORIENTED_EDGE ( 'NONE', *, *, #1056, .F. ) ;
#3336 = ORIENTED_EDGE ( 'NONE', *, *, #1373, .F. ) ;
#3337 = ORIENTED_EDGE ( 'NONE', *, *, #1058, .T. ) ;
#3338 = ORIENTED_EDGE ( 'NONE', *, *, #1094, .F. ) ;
#3339 = ORIENTED_EDGE ( 'NONE', *, *, #1186, .T. ) ;
#3340 = ORIENTED_EDGE ( 'NONE', *, *, #1041, .F. ) ;
#3341 = ORIENTED_EDGE ( 'NONE', *, *, #1020, .T. ) ;
#3342 = ORIENTED_EDGE ( 'NONE', *, *, #1187, .F. ) ;
#3343 = ORIENTED_EDGE ( 'NONE', *, *, #1188, .F. ) ;
#3344 = ORIENTED_EDGE ( 'NONE', *, *, #1038, .F. ) ;
#3345 = ORIENTED_EDGE ( 'NONE', *, *, #1050, .F. ) ;
#3346 = ORIENTED_EDGE ( 'NONE', *, *, #1189, .F. ) ;
#3347 = ORIENTED_EDGE ( 'NONE', *, *, #1190, .T. ) ;
#3348 = ORIENTED_EDGE ( 'NONE', *, *, #1185, .F. ) ;
#3349 = ORIENTED_EDGE ( 'NONE', *, *, #1051, .T. ) ;
#3350 = ORIENTED_EDGE ( 'NONE', *, *, #1190, .F. ) ;
#3351 = ORIENTED_EDGE ( 'NONE', *, *, #1054, .T. ) ;
#3352 = ORIENTED_EDGE ( 'NONE', *, *, #1487, .T. ) ;
#3353 = ORIENTED_EDGE ( 'NONE', *, *, #1047, .F. ) ;
#3354 = ORIENTED_EDGE ( 'NONE', *, *, #1074, .T. ) ;
#3355 = ORIENTED_EDGE ( 'NONE', *, *, #1484, .T. ) ;
#3356 = ORIENTED_EDGE ( 'NONE', *, *, #1490, .T. ) ;
#3357 = ORIENTED_EDGE ( 'NONE', *, *, #1027, .T. ) ;
#3358 = ORIENTED_EDGE ( 'NONE', *, *, #1184, .F. ) ;
#3359 = ORIENTED_EDGE ( 'NONE', *, *, #1479, .T. ) ;
#3360 = ORIENTED_EDGE ( 'NONE', *, *, #1022, .T. ) ;
#3361 = ORIENTED_EDGE ( 'NONE', *, *, #1186, .F. ) ;
#3362 = ORIENTED_EDGE ( 'NONE', *, *, #1028, .F. ) ;
#3363 = ORIENTED_EDGE ( 'NONE', *, *, #1035, .F. ) ;
#3364 = ORIENTED_EDGE ( 'NONE', *, *, #1192, .F. ) ;
#3365 = ORIENTED_EDGE ( 'NONE', *, *, #1191, .T. ) ;
#3366 = ORIENTED_EDGE ( 'NONE', *, *, #1033, .T. ) ;
#3367 = ORIENTED_EDGE ( 'NONE', *, *, #1055, .F. ) ;
#3368 = ORIENTED_EDGE ( 'NONE', *, *, #1193, .F. ) ;
#3369 = ORIENTED_EDGE ( 'NONE', *, *, #1091, .F. ) ;
#3370 = ORIENTED_EDGE ( 'NONE', *, *, #1191, .F. ) ;
#3371 = ORIENTED_EDGE ( 'NONE', *, *, #2552, .T. ) ;
#3372 = ORIENTED_EDGE ( 'NONE', *, *, #1030, .F. ) ;
#3373 = ORIENTED_EDGE ( 'NONE', *, *, #1391, .T. ) ;
#3374 = ORIENTED_EDGE ( 'NONE', *, *, #1194, .F. ) ;
#3375 = ORIENTED_EDGE ( 'NONE', *, *, #1023, .F. ) ;
#3376 = ORIENTED_EDGE ( 'NONE', *, *, #1192, .T. ) ;
#3377 = ORIENTED_EDGE ( 'NONE', *, *, #1025, .T. ) ;
#3378 = ORIENTED_EDGE ( 'NONE', *, *, #2553, .T. ) ;
#3379 = ORIENTED_EDGE ( 'NONE', *, *, #1189, .T. ) ;
#3380 = ORIENTED_EDGE ( 'NONE', *, *, #2554, .F. ) ;
#3381 = ORIENTED_EDGE ( 'NONE', *, *, #1092, .T. ) ;
#3382 = ORIENTED_EDGE ( 'NONE', *, *, #1194, .T. ) ;
#3383 = ORIENTED_EDGE ( 'NONE', *, *, #1248, .F. ) ;
#3384 = ORIENTED_EDGE ( 'NONE', *, *, #1160, .T. ) ;
#3385 = ORIENTED_EDGE ( 'NONE', *, *, #1249, .F. ) ;
#3386 = ORIENTED_EDGE ( 'NONE', *, *, #1250, .F. ) ;
#3387 = ORIENTED_EDGE ( 'NONE', *, *, #1251, .F. ) ;
#3388 = ORIENTED_EDGE ( 'NONE', *, *, #1252, .F. ) ;
#3389 = ORIENTED_EDGE ( 'NONE', *, *, #1157, .T. ) ;
#3390 = ORIENTED_EDGE ( 'NONE', *, *, #1254, .F. ) ;
#3391 = ORIENTED_EDGE ( 'NONE', *, *, #1255, .F. ) ;
#3392 = ORIENTED_EDGE ( 'NONE', *, *, #1253, .F. ) ;
#3393 = ORIENTED_EDGE ( 'NONE', *, *, #1249, .T. ) ;
#3394 = ORIENTED_EDGE ( 'NONE', *, *, #1257, .T. ) ;
#3395 = ORIENTED_EDGE ( 'NONE', *, *, #1258, .F. ) ;
#3396 = ORIENTED_EDGE ( 'NONE', *, *, #1256, .F. ) ;
#3397 = ORIENTED_EDGE ( 'NONE', *, *, #1253, .T. ) ;
#3398 = ORIENTED_EDGE ( 'NONE', *, *, #1260, .F. ) ;
#3399 = ORIENTED_EDGE ( 'NONE', *, *, #1261, .F. ) ;
#3400 = ORIENTED_EDGE ( 'NONE', *, *, #1259, .F. ) ;
#3401 = ORIENTED_EDGE ( 'NONE', *, *, #1256, .T. ) ;
#3402 = ORIENTED_EDGE ( 'NONE', *, *, #1263, .F. ) ;
#3403 = ORIENTED_EDGE ( 'NONE', *, *, #1264, .F. ) ;
#3404 = ORIENTED_EDGE ( 'NONE', *, *, #1262, .F. ) ;
#3405 = ORIENTED_EDGE ( 'NONE', *, *, #1265, .F. ) ;
#3406 = ORIENTED_EDGE ( 'NONE', *, *, #1266, .F. ) ;
#3407 = ORIENTED_EDGE ( 'NONE', *, *, #1259, .T. ) ;
#3408 = ORIENTED_EDGE ( 'NONE', *, *, #1267, .F. ) ;
#3409 = ORIENTED_EDGE ( 'NONE', *, *, #1270, .F. ) ;
#3410 = ORIENTED_EDGE ( 'NONE', *, *, #1268, .T. ) ;
#3411 = ORIENTED_EDGE ( 'NONE', *, *, #1271, .F. ) ;
#3412 = ORIENTED_EDGE ( 'NONE', *, *, #1269, .F. ) ;
#3413 = ORIENTED_EDGE ( 'NONE', *, *, #1262, .T. ) ;
#3414 = ORIENTED_EDGE ( 'NONE', *, *, #1273, .T. ) ;
#3415 = ORIENTED_EDGE ( 'NONE', *, *, #1274, .F. ) ;
#3416 = ORIENTED_EDGE ( 'NONE', *, *, #1272, .F. ) ;
#3417 = ORIENTED_EDGE ( 'NONE', *, *, #1269, .T. ) ;
#3418 = ORIENTED_EDGE ( 'NONE', *, *, #1276, .F. ) ;
#3419 = ORIENTED_EDGE ( 'NONE', *, *, #1277, .F. ) ;
#3420 = ORIENTED_EDGE ( 'NONE', *, *, #1275, .F. ) ;
#3421 = ORIENTED_EDGE ( 'NONE', *, *, #1272, .T. ) ;
#3422 = ORIENTED_EDGE ( 'NONE', *, *, #1279, .F. ) ;
#3423 = ORIENTED_EDGE ( 'NONE', *, *, #1280, .F. ) ;
#3424 = ORIENTED_EDGE ( 'NONE', *, *, #1278, .F. ) ;
#3425 = B_SPLINE_CURVE_WITH_KNOTS ( 'NONE', 3,
 ( #3700, #3699, #3697, #3696, #3695, #3694 ),
 .UNSPECIFIED., .F., .F.,
 ( 4, 2, 4 ),
 ( 4.978490132646648100E-007, 0.002065280584530976200, 0.004130063320048687900 ),
 .UNSPECIFIED. ) ;
#3426 = B_SPLINE_CURVE_WITH_KNOTS ( 'NONE', 3,
 ( #4001, #3997, #3996, #3988, #3986, #3984 ),
 .UNSPECIFIED., .F., .F.,
 ( 4, 2, 4 ),
 ( 2.314430757377955800E-007, 0.002065014178557967000, 0.004129796914040195800 ),
 .UNSPECIFIED. ) ;
#3427 = B_SPLINE_CURVE_WITH_KNOTS ( 'NONE', 3,
 ( #3693, #3692, #3689, #3688, #3687, #3685 ),
 .UNSPECIFIED., .F., .F.,
 ( 4, 2, 4 ),
 ( 2.461810158899125900E-007, 0.002065028916605702400, 0.004129811652195514300 ),
 .UNSPECIFIED. ) ;
#3428 = B_SPLINE_CURVE_WITH_KNOTS ( 'NONE', 3,
 ( #3974, #3973, #3972, #3971, #3965, #3963 ),
 .UNSPECIFIED., .F., .F.,
 ( 4, 2, 4 ),
 ( 2.258825115802422500E-007, 0.002065008618101096900, 0.004129791353690613100 ),
 .UNSPECIFIED. ) ;
#3429 = B_SPLINE_CURVE_WITH_KNOTS ( 'NONE', 3,
 ( #548, #547, #546, #545, #544, #543 ),
 .UNSPECIFIED., .F., .F.,
 ( 4, 2, 4 ),
 ( 2.412135565168964700E-007, 0.002065023949146017500, 0.004129806684735518000 ),
 .UNSPECIFIED. ) ;
#3430 = B_SPLINE_CURVE_WITH_KNOTS ( 'NONE', 3,
 ( #4137, #4108, #4105, #4102, #4098, #4095 ),
 .UNSPECIFIED., .F., .F.,
 ( 4, 2, 4 ),
 ( 4.978490675141197000E-007, 0.002065280584573236200, 0.004130063320078957900 ),
 .UNSPECIFIED. ) ;
#3431 = B_SPLINE_CURVE_WITH_KNOTS ( 'NONE', 3,
 ( #708, #713, #712, #676, #673, #669 ),
 .UNSPECIFIED., .F., .F.,
 ( 4, 2, 4 ),
 ( 5.261891880556071100E-005, 0.001065224341564570700, 0.002077829764323580800 ),
 .UNSPECIFIED. ) ;
#3432 = B_SPLINE_CURVE_WITH_KNOTS ( 'NONE', 3,
 ( #4089, #4086, #4083, #4078, #4074, #4069 ),
 .UNSPECIFIED., .F., .F.,
 ( 4, 2, 4 ),
 ( 2.315457004543894700E-007, 0.002065014281290307900, 0.004129797016880161500 ),
 .UNSPECIFIED. ) ;
#3433 = B_SPLINE_CURVE_WITH_KNOTS ( 'NONE', 3,
 ( #4209, #4204, #4200, #4196, #4194, #4192 ),
 .UNSPECIFIED., .F., .F.,
 ( 4, 2, 4 ),
 ( 1.997539202316535600E-007, 0.001012647468530113600, 0.002025095183139995500 ),
 .UNSPECIFIED. ) ;
#3434 = B_SPLINE_CURVE_WITH_KNOTS ( 'NONE', 3,
 ( #4253, #4252, #4239, #4237, #4236, #4232 ),
 .UNSPECIFIED., .F., .F.,
 ( 4, 2, 4 ),
 ( 5.261891880561479200E-005, 0.001065223871474113500, 0.002077828824142612100 ),
 .UNSPECIFIED. ) ;
#3435 = B_SPLINE_CURVE_WITH_KNOTS ( 'NONE', 3,
 ( #769, #767, #765, #764, #770, #776 ),
 .UNSPECIFIED., .F., .F.,
 ( 4, 2, 4 ),
 ( 0.0009560607674029690800, 0.001516944520998630600, 0.002077828274594292100 ),
 .UNSPECIFIED. ) ;
#3436 = B_SPLINE_CURVE_WITH_KNOTS ( 'NONE', 3,
 ( #4271, #4267, #4266, #4260, #4256, #4255 ),
 .UNSPECIFIED., .F., .F.,
 ( 4, 2, 4 ),
 ( 2.314079690943390900E-007, 0.001012679566739862800, 0.002025127725510631400 ),
 .UNSPECIFIED. ) ;
#3437 = B_SPLINE_CURVE_WITH_KNOTS ( 'NONE', 3,
 ( #4314, #4313, #4312, #4310, #4309, #4307 ),
 .UNSPECIFIED., .F., .F.,
 ( 4, 2, 4 ),
 ( 2.248617134830515400E-007, 0.002065007597190004700, 0.004129790332666525800 ),
 .UNSPECIFIED. ) ;
#3438 = B_SPLINE_CURVE_WITH_KNOTS ( 'NONE', 3,
 ( #4183, #4179, #4178, #4174, #4169, #4164 ),
 .UNSPECIFIED., .F., .F.,
 ( 4, 2, 4 ),
 ( 5.261891880519795700E-005, 0.001065223429203705300, 0.002077827939602212800 ),
 .UNSPECIFIED. ) ;
#3439 = B_SPLINE_CURVE_WITH_KNOTS ( 'NONE', 3,
 ( #4306, #4305, #4304, #4303, #4297, #4295 ),
 .UNSPECIFIED., .F., .F.,
 ( 4, 2, 4 ),
 ( 2.333275117685929900E-007, 0.002065016063100403200, 0.004129798798689037300 ),
 .UNSPECIFIED. ) ;
#3440 = B_SPLINE_CURVE_WITH_KNOTS ( 'NONE', 3,
 ( #530, #528, #525, #524, #523, #522 ),
 .UNSPECIFIED., .F., .F.,
 ( 4, 2, 4 ),
 ( 5.261891880531061300E-005, 0.001065223632135466300, 0.002077828345465621700 ),
 .UNSPECIFIED. ) ;
#3441 = B_SPLINE_CURVE_WITH_KNOTS ( 'NONE', 3,
 ( #4339, #4338, #4337, #4336, #4335, #4334 ),
 .UNSPECIFIED., .F., .F.,
 ( 4, 2, 4 ),
 ( 4.978489918033662500E-007, 0.002065280584514029300, 0.004130063320036255100 ),
 .UNSPECIFIED. ) ;
#3442 = B_SPLINE_CURVE_WITH_KNOTS ( 'NONE', 3,
 ( #774, #773, #772, #780, #778, #777 ),
 .UNSPECIFIED., .F., .F.,
 ( 4, 2, 4 ),
 ( 2.117415774412534900E-007, 0.0005612991751567658500, 0.001122386608736090600 ),
 .UNSPECIFIED. ) ;
#3443 = B_SPLINE_CURVE_WITH_KNOTS ( 'NONE', 3,
 ( #697, #691, #690, #689, #688, #695, #694, #693, #692, #696, #687, #805, #804, #803, #800, #799, #797, #796, #795, #793, #791, #788, #787, #786, #784, #678, #830, #681, #679, #683, #682, #685, #684, #811 ),
 .UNSPECIFIED., .F., .F.,
 ( 4, 2, 2, 2, 2, 2, 2, 2, 2, 2, 2, 2, 2, 2, 2, 2, 4 ),
 ( 8.779339300965579800E-021, 0.0004892133238970661300, 0.0009784266477941322600, 0.001467639971691198400, 0.001956853295588264500, 0.002446066619485330400, 0.002935279943382396800, 0.003424493267279463100, 0.003913706591176529000, 0.004402919915073595000, 0.004892133238970660900, 0.005381346562867727600, 0.005870559886764793600, 0.006359773210661859500, 0.006848986534558926300, 0.007338199858455992200, 0.007827413182353058100 ),
 .UNSPECIFIED. ) ;
#3444 = B_SPLINE_CURVE_WITH_KNOTS ( 'NONE', 3,
 ( #4332, #4331, #4330, #4329, #4328, #4326 ),
 .UNSPECIFIED., .F., .F.,
 ( 4, 2, 4 ),
 ( 2.519726876178713100E-007, 0.002065034708274719600, 0.004129817443861821500 ),
 .UNSPECIFIED. ) ;
#3445 = B_SPLINE_CURVE_WITH_KNOTS ( 'NONE', 3,
 ( #737, #733, #743, #740, #739, #755 ),
 .UNSPECIFIED., .F., .F.,
 ( 4, 2, 4 ),
 ( 5.261891880519615500E-005, 0.001065223536156194700, 0.002077828153507193400 ),
 .UNSPECIFIED. ) ;
#3446 = B_SPLINE_CURVE_WITH_KNOTS ( 'NONE', 3,
 ( #4359, #4358, #4357, #4356, #4355, #4354 ),
 .UNSPECIFIED., .F., .F.,
 ( 4, 2, 4 ),
 ( 2.235905718107124500E-007, 0.001012671639652291800, 0.002025119688732772800 ),
 .UNSPECIFIED. ) ;
#3447 = B_SPLINE_CURVE_WITH_KNOTS ( 'NONE', 3,
 ( #4372, #4370, #4369, #4368, #4366, #4365 ),
 .UNSPECIFIED., .F., .F.,
 ( 4, 2, 4 ),
 ( 5.261891880564024400E-005, 0.001065225151471565300, 0.002077831384137490500 ),
 .UNSPECIFIED. ) ;
#3448 = B_SPLINE_CURVE_WITH_KNOTS ( 'NONE', 3,
 ( #4379, #4378, #4377, #4376, #4375, #4374 ),
 .UNSPECIFIED., .F., .F.,
 ( 4, 2, 4 ),
 ( 3.230190692649901800E-007, 0.001012772463306343100, 0.002025221907543421700 ),
 .UNSPECIFIED. ) ;
#3449 = B_SPLINE_CURVE_WITH_KNOTS ( 'NONE', 3,
 ( #588, #586, #585, #583, #582, #581 ),
 .UNSPECIFIED., .F., .F.,
 ( 4, 2, 4 ),
 ( 2.899365760287319200E-007, 0.001012738916608782200, 0.002025187896641535700 ),
 .UNSPECIFIED. ) ;
#3450 = B_SPLINE_CURVE_WITH_KNOTS ( 'NONE', 3,
 ( #4396, #4395, #4394, #4393, #4392, #4391 ),
 .UNSPECIFIED., .F., .F.,
 ( 4, 2, 4 ),
 ( 2.516974345330799400E-007, 0.002065034432933414300, 0.004129817168432295900 ),
 .UNSPECIFIED. ) ;
#3451 = B_SPLINE_CURVE_WITH_KNOTS ( 'NONE', 3,
 ( #4353, #4352, #4351, #4350, #4348, #4347 ),
 .UNSPECIFIED., .F., .F.,
 ( 4, 2, 4 ),
 ( 5.261891880170109400E-005, 0.001065223762242682700, 0.002077828605683664100 ),
 .UNSPECIFIED. ) ;
#3452 = B_SPLINE_CURVE_WITH_KNOTS ( 'NONE', 3,
 ( #599, #597, #596, #595, #594, #592 ),
 .UNSPECIFIED., .F., .F.,
 ( 4, 2, 4 ),
 ( 5.261891880569418300E-005, 0.001065223632137370400, 0.002077828345469046500 ),
 .UNSPECIFIED. ) ;
#3453 = B_SPLINE_CURVE_WITH_KNOTS ( 'NONE', 3,
 ( #4390, #4389, #4387, #4386, #4385, #4384 ),
 .UNSPECIFIED., .F., .F.,
 ( 4, 2, 4 ),
 ( 2.789374866696383300E-007, 0.002065061673072770200, 0.004129844408658870300 ),
 .UNSPECIFIED. ) ;
#3454 = B_SPLINE_CURVE_WITH_KNOTS ( 'NONE', 3,
 ( #4416, #4415, #4414, #4413, #4412, #4411 ),
 .UNSPECIFIED., .F., .F.,
 ( 4, 2, 4 ),
 ( 2.075379307944970800E-007, 0.002064990273518625800, 0.004129773009106457600 ),
 .UNSPECIFIED. ) ;
#3455 = B_SPLINE_CURVE_WITH_KNOTS ( 'NONE', 3,
 ( #4432, #4431, #4430, #4429, #4428, #4427 ),
 .UNSPECIFIED., .F., .F.,
 ( 4, 2, 4 ),
 ( 2.650527417802942100E-007, 0.001012713683610172300, 0.002025162314478564300 ),
 .UNSPECIFIED. ) ;
#3456 = B_SPLINE_CURVE_WITH_KNOTS ( 'NONE', 3,
 ( #4442, #4441, #4440, #4439, #4438, #4437 ),
 .UNSPECIFIED., .F., .F.,
 ( 4, 2, 4 ),
 ( 5.261891880555837300E-005, 0.001065223536158275000, 0.002077828153510991600 ),
 .UNSPECIFIED. ) ;
#3457 = B_SPLINE_CURVE_WITH_KNOTS ( 'NONE', 3,
 ( #511, #510, #508, #507, #506, #504 ),
 .UNSPECIFIED., .F., .F.,
 ( 4, 2, 4 ),
 ( 5.261891880553019100E-005, 0.001065224689245764400, 0.002077830459685998600 ),
 .UNSPECIFIED. ) ;
#3458 = B_SPLINE_CURVE_WITH_KNOTS ( 'NONE', 3,
 ( #4452, #4451, #4450, #4448, #4447, #4446 ),
 .UNSPECIFIED., .F., .F.,
 ( 4, 2, 4 ),
 ( 2.074085719390059600E-007, 0.001012655230588526500, 0.002025103052605114200 ),
 .UNSPECIFIED. ) ;
#3459 = B_SPLINE_CURVE_WITH_KNOTS ( 'NONE', 3,
 ( #4423, #4422, #4421, #4420, #4419, #4418 ),
 .UNSPECIFIED., .F., .F.,
 ( 4, 2, 4 ),
 ( 4.978491564988434700E-007, 0.002065280584640527500, 0.004130063320124556000 ),
 .UNSPECIFIED. ) ;
#3460 = B_SPLINE_CURVE_WITH_KNOTS ( 'NONE', 3,
 ( #4459, #4458, #4457, #4456, #4455, #4454 ),
 .UNSPECIFIED., .F., .F.,
 ( 4, 2, 4 ),
 ( 5.261891880534982000E-005, 0.001065224341562746700, 0.002077829764320143400 ),
 .UNSPECIFIED. ) ;
#3461 = B_SPLINE_CURVE_WITH_KNOTS ( 'NONE', 3,
 ( #567, #566, #564, #563, #562, #561 ),
 .UNSPECIFIED., .F., .F.,
 ( 4, 2, 4 ),
 ( 2.144121265512507400E-007, 0.002064997147713661000, 0.004129779883300770300 ),
 .UNSPECIFIED. ) ;
#3462 = B_SPLINE_CURVE_WITH_KNOTS ( 'NONE', 3,
 ( #491, #490, #489, #488, #487, #486 ),
 .UNSPECIFIED., .F., .F.,
 ( 4, 2, 4 ),
 ( 4.978489147647721800E-007, 0.002065280584451927900, 0.004130063319989090600 ),
 .UNSPECIFIED. ) ;
#3463 = B_SPLINE_CURVE_WITH_KNOTS ( 'NONE', 3,
 ( #616, #615, #614, #613, #612, #610 ),
 .UNSPECIFIED., .F., .F.,
 ( 4, 2, 4 ),
 ( 5.261891880520659000E-005, 0.001065224689243931500, 0.002077830459682656700 ),
 .UNSPECIFIED. ) ;
#3464 = B_SPLINE_CURVE_WITH_KNOTS ( 'NONE', 3,
 ( #4719, #4718, #4717, #4715, #4714, #4713, #4712, #4710, #4709, #4707, #4706, #4705, #4704, #4703, #4702, #4701, #4700, #4699, #4697, #4696, #4695, #4694, #4693, #4691, #4690, #4689, #4688, #4687, #4686, #4684, #4683, #4682, #4680, #4679 ),
 .UNSPECIFIED., .F., .F.,
 ( 4, 2, 2, 2, 2, 2, 2, 2, 2, 2, 2, 2, 2, 2, 2, 2, 4 ),
 ( 2.602085213965210600E-018, 0.0004892128014688134500, 0.0009784256029376243000, 0.001467638404406430300, 0.001956851205875236500, 0.002446064007344042400, 0.002935276808812848400, 0.003424489610281654800, 0.003913702411750460800, 0.004402915213219268100, 0.004892128014688073600, 0.005381340816156880900, 0.005870553617625686400, 0.006359766419094493700, 0.006848979220563300100, 0.007338192022032106500, 0.007827404823500912900 ),
 .UNSPECIFIED. ) ;
#3465 = B_SPLINE_CURVE_WITH_KNOTS ( 'NONE', 3,
 ( #879, #878, #890, #866, #851, #854, #853, #852, #855, #861, #860, #859, #858, #857, #856, #864, #863, #862, #865, #850, #840, #839, #838, #837, #842, #841, #844, #843, #846, #845, #848, #847 ),
 .UNSPECIFIED., .F., .F.,
 ( 4, 2, 2, 2, 2, 2, 2, 2, 2, 2, 2, 2, 2, 2, 2, 4 ),
 ( 0.0000000000000000000, 0.0004941829072141367300, 0.0009883658144282734700, 0.001482548721642405100, 0.001976731628856537400, 0.002965097443284800200, 0.003459280350498930600, 0.003953463257713060000, 0.004447646164927190400, 0.004941829072141319800, 0.005436011979355449300, 0.005930194886569579600, 0.006424377793783710000, 0.006918560700997840300, 0.007412743608211970700, 0.007906926515426101000 ),
 .UNSPECIFIED. ) ;
#3466 = B_SPLINE_CURVE_WITH_KNOTS ( 'NONE', 3,
 ( #735, #807, #802, #810, #809, #813 ),
 .UNSPECIFIED., .F., .F.,
 ( 4, 2, 4 ),
 ( 5.261891880191651800E-005, 0.0006835274508938685400, 0.001314435982985820400 ),
 .UNSPECIFIED. ) ;
#3467 = B_SPLINE_CURVE_WITH_KNOTS ( 'NONE', 3,
 ( #609, #608, #607, #605, #604, #603 ),
 .UNSPECIFIED., .F., .F.,
 ( 4, 2, 4 ),
 ( 2.142778409953494300E-007, 0.001012662196245654800, 0.002025110114650314500 ),
 .UNSPECIFIED. ) ;
#3468 = B_SPLINE_CURVE_WITH_KNOTS ( 'NONE', 3,
 ( #667, #666, #665, #663, #662, #661 ),
 .UNSPECIFIED., .F., .F.,
 ( 4, 2, 4 ),
 ( 0.0005381697834193355000, 0.001281633370604337100, 0.002025096957789338800 ),
 .UNSPECIFIED. ) ;
#3469 = B_SPLINE_CURVE_WITH_KNOTS ( 'NONE', 3,
 ( #775, #794, #790, #789, #785, #783 ),
 .UNSPECIFIED., .F., .F.,
 ( 4, 2, 4 ),
 ( 0.0007638730388014710200, 0.001394496363765430400, 0.002025119688729390100 ),
 .UNSPECIFIED. ) ;
#3470 = B_SPLINE_CURVE_WITH_KNOTS ( 'NONE', 3,
 ( #650, #649, #648, #647, #646, #645 ),
 .UNSPECIFIED., .F., .F.,
 ( 4, 2, 4 ),
 ( 2.056025890353825300E-007, 0.001012653399264454500, 0.002025101195939873300 ),
 .UNSPECIFIED. ) ;
#3471 = B_SPLINE_CURVE_WITH_KNOTS ( 'NONE', 3,
 ( #541, #540, #539, #536, #535, #534 ),
 .UNSPECIFIED., .F., .F.,
 ( 4, 2, 4 ),
 ( 2.624881097812602400E-007, 0.002065045223696848500, 0.004129827959283915300 ),
 .UNSPECIFIED. ) ;
#3472 = B_SPLINE_CURVE_WITH_KNOTS ( 'NONE', 3,
 ( #4833, #4832, #4831, #4830, #4829, #4828 ),
 .UNSPECIFIED., .F., .F.,
 ( 4, 2, 4 ),
 ( 2.983571186581133700E-007, 0.002065081092650547700, 0.004129863828182436800 ),
 .UNSPECIFIED. ) ;
#3473 = B_SPLINE_CURVE_WITH_KNOTS ( 'NONE', 3,
 ( #574, #573, #572, #571, #570, #569 ),
 .UNSPECIFIED., .F., .F.,
 ( 4, 2, 4 ),
 ( 2.624880632957279300E-007, 0.002065045223652835600, 0.004129827959242375600 ),
 .UNSPECIFIED. ) ;
#3474 = B_SPLINE_CURVE_WITH_KNOTS ( 'NONE', 3,
 ( #4827, #4826, #4825, #4824, #4823, #4822 ),
 .UNSPECIFIED., .F., .F.,
 ( 4, 2, 4 ),
 ( 2.631180275633715500E-007, 0.002065045853617160600, 0.004129828589206758400 ),
 .UNSPECIFIED. ) ;
#3475 = B_SPLINE_CURVE_WITH_KNOTS ( 'NONE', 3,
 ( #640, #639, #638, #637, #636, #635 ),
 .UNSPECIFIED., .F., .F.,
 ( 4, 2, 4 ),
 ( 5.261891880553337600E-005, 0.001065223510924556700, 0.002077828103043580100 ),
 .UNSPECIFIED. ) ;
#3476 = B_SPLINE_CURVE_WITH_KNOTS ( 'NONE', 3,
 ( #482, #481, #475, #473, #468, #460 ),
 .UNSPECIFIED., .F., .F.,
 ( 4, 2, 4 ),
 ( 1.997539202317898800E-007, 0.001012647468528417000, 0.002025095183136602400 ),
 .UNSPECIFIED. ) ;
#3477 = B_SPLINE_CURVE_WITH_KNOTS ( 'NONE', 3,
 ( #4388, #4382, #4381, #4373, #4371, #4367 ),
 .UNSPECIFIED., .F., .F.,
 ( 4, 2, 4 ),
 ( 1.993079407103585100E-007, 0.002064982043529936500, 0.004129764779119162600 ),
 .UNSPECIFIED. ) ;
#3478 = B_SPLINE_CURVE_WITH_KNOTS ( 'NONE', 3,
 ( #660, #659, #658, #657, #656, #655 ),
 .UNSPECIFIED., .F., .F.,
 ( 4, 2, 4 ),
 ( 5.261891880528789900E-005, 0.0007962906294818965700, 0.001539962340158505300 ),
 .UNSPECIFIED. ) ;
#3479 = B_SPLINE_CURVE_WITH_KNOTS ( 'NONE', 3,
 ( #4480, #4473, #4469, #4462, #4453, #4449 ),
 .UNSPECIFIED., .F., .F.,
 ( 4, 2, 4 ),
 ( 2.117415774453003500E-007, 0.001012659624395445000, 0.002025107507213444800 ),
 .UNSPECIFIED. ) ;
#3480 = B_SPLINE_CURVE_WITH_KNOTS ( 'NONE', 3,
 ( #4577, #4569, #4567, #4561, #4557, #4551 ),
 .UNSPECIFIED., .F., .F.,
 ( 4, 2, 4 ),
 ( 1.991857477522904900E-007, 0.001012646892383487500, 0.002025094599019223000 ),
 .UNSPECIFIED. ) ;
#3481 = B_SPLINE_CURVE_WITH_KNOTS ( 'NONE', 3,
 ( #4531, #4527, #4524, #4516, #4513, #4509 ),
 .UNSPECIFIED., .F., .F.,
 ( 4, 2, 4 ),
 ( 5.261891880552699200E-005, 0.001065223421267001900, 0.002077827923728476500 ),
 .UNSPECIFIED. ) ;
#3482 = B_SPLINE_CURVE_WITH_KNOTS ( 'NONE', 3,
 ( #4609, #4605, #4601, #4599, #4592, #4586 ),
 .UNSPECIFIED., .F., .F.,
 ( 4, 2, 4 ),
 ( 5.261891880534873600E-005, 0.001065223596698173400, 0.002077828274590992600 ),
 .UNSPECIFIED. ) ;
#3483 = B_SPLINE_CURVE_WITH_KNOTS ( 'NONE', 3,
 ( #4685, #4681, #4678, #4674, #4671, #4665 ),
 .UNSPECIFIED., .F., .F.,
 ( 4, 2, 4 ),
 ( 2.383528191138410100E-007, 0.002065021088307174700, 0.004129803823795235600 ),
 .UNSPECIFIED. ) ;
#3484 = B_SPLINE_CURVE_WITH_KNOTS ( 'NONE', 3,
 ( #4424, #4417, #4410, #4407, #4400, #4397 ),
 .UNSPECIFIED., .F., .F.,
 ( 4, 2, 4 ),
 ( 4.978491870104507400E-007, 0.002065280584663023400, 0.004130063320139035700 ),
 .UNSPECIFIED. ) ;
#3485 = B_SPLINE_CURVE_WITH_KNOTS ( 'NONE', 3,
 ( #4660, #4657, #4651, #4648, #4640, #4637 ),
 .UNSPECIFIED., .F., .F.,
 ( 4, 2, 4 ),
 ( 2.287280346211582200E-007, 0.002065011463624264300, 0.004129794199213907500 ),
 .UNSPECIFIED. ) ;
#3486 = B_SPLINE_CURVE_WITH_KNOTS ( 'NONE', 3,
 ( #527, #526, #521, #520 ),
 .UNSPECIFIED., .F., .F.,
 ( 4, 4 ),
 ( 5.261891880527735500E-005, 0.0003705475462451631900 ),
 .UNSPECIFIED. ) ;
#3487 = B_SPLINE_CURVE_WITH_KNOTS ( 'NONE', 3,
 ( #542, #538, #537, #529 ),
 .UNSPECIFIED., .F., .F.,
 ( 4, 4 ),
 ( 0.001707336137375016600, 0.002025127725514107400 ),
 .UNSPECIFIED. ) ;
#3488 = B_SPLINE_CURVE_WITH_KNOTS ( 'NONE', 3,
 ( #446, #431, #424, #420, #415, #675 ),
 .UNSPECIFIED., .F., .F.,
 ( 4, 2, 4 ),
 ( 5.261891880559434800E-005, 0.001065223429205653300, 0.002077827939605712700 ),
 .UNSPECIFIED. ) ;
#3489 = B_SPLINE_CURVE_WITH_KNOTS ( 'NONE', 3,
 ( #4805, #4803, #4800, #4798, #4774, #4768 ),
 .UNSPECIFIED., .F., .F.,
 ( 4, 2, 4 ),
 ( 4.978491091034016200E-007, 0.002065280584605001200, 0.004130063320100899600 ),
 .UNSPECIFIED. ) ;
#3490 = B_SPLINE_CURVE_WITH_KNOTS ( 'NONE', 3,
 ( #4761, #4758, #4757, #4754, #4750, #4748 ),
 .UNSPECIFIED., .F., .F.,
 ( 4, 2, 4 ),
 ( 2.203271516139889600E-007, 0.002065003062741421600, 0.004129785798331229600 ),
 .UNSPECIFIED. ) ;
#3491 = B_SPLINE_CURVE_WITH_KNOTS ( 'NONE', 3,
 ( #606, #602, #598, #593 ),
 .UNSPECIFIED., .F., .F.,
 ( 4, 4 ),
 ( 2.235905718275917300E-007, 0.0007638730388014710200 ),
 .UNSPECIFIED. ) ;
#3492 = B_SPLINE_CURVE_WITH_KNOTS ( 'NONE', 3,
 ( #430, #429, #428, #427, #426, #425 ),
 .UNSPECIFIED., .F., .F.,
 ( 4, 2, 4 ),
 ( 1.986185234358886600E-007, 0.001012646317201634400, 0.002025094015879832900 ),
 .UNSPECIFIED. ) ;
#3493 = B_SPLINE_CURVE_WITH_KNOTS ( 'NONE', 3,
 ( #440, #439, #438, #437, #436, #435 ),
 .UNSPECIFIED., .F., .F.,
 ( 4, 2, 4 ),
 ( 5.261891880559413800E-005, 0.001065223714804641400, 0.002077828510803688700 ),
 .UNSPECIFIED. ) ;
#3494 = B_SPLINE_CURVE_WITH_KNOTS ( 'NONE', 3,
 ( #447, #445, #444, #443, #442, #441 ),
 .UNSPECIFIED., .F., .F.,
 ( 4, 2, 4 ),
 ( 2.201949897582065700E-007, 0.001012668196422539200, 0.002025116197855320200 ),
 .UNSPECIFIED. ) ;
#3495 = B_SPLINE_CURVE_WITH_KNOTS ( 'NONE', 3,
 ( #464, #463, #462, #461, #459, #458 ),
 .UNSPECIFIED., .F., .F.,
 ( 4, 2, 4 ),
 ( 2.235830551850868000E-007, 0.002065006318530570300, 0.004129789054005956000 ),
 .UNSPECIFIED. ) ;
#3496 = B_SPLINE_CURVE_WITH_KNOTS ( 'NONE', 3,
 ( #423, #422, #421, #419, #418, #417 ),
 .UNSPECIFIED., .F., .F.,
 ( 4, 2, 4 ),
 ( 5.261891880535030100E-005, 0.001065223413339768800, 0.002077827907874187300 ),
 .UNSPECIFIED. ) ;
#3497 = B_SPLINE_CURVE_WITH_KNOTS ( 'NONE', 3,
 ( #577, #575, #568, #565 ),
 .UNSPECIFIED., .F., .F.,
 ( 4, 4 ),
 ( 0.001314435982985820400, 0.002077828605687065900 ),
 .UNSPECIFIED. ) ;
#3498 = B_SPLINE_CURVE_WITH_KNOTS ( 'NONE', 3,
 ( #457, #456, #455, #454, #453, #452 ),
 .UNSPECIFIED., .F., .F.,
 ( 4, 2, 4 ),
 ( 2.285634855666005500E-007, 0.002065011299074483300, 0.004129794034663400600 ),
 .UNSPECIFIED. ) ;
#3499 = B_SPLINE_CURVE_WITH_KNOTS ( 'NONE', 3,
 ( #718, #758, #717, #715, #714, #711 ),
 .UNSPECIFIED., .F., .F.,
 ( 4, 2, 4 ),
 ( 2.650527417536246900E-007, 0.001012713683608500000, 0.002025162314475246700 ),
 .UNSPECIFIED. ) ;
#3500 = B_SPLINE_CURVE_WITH_KNOTS ( 'NONE', 3,
 ( #485, #484, #483, #480, #479, #478 ),
 .UNSPECIFIED., .F., .F.,
 ( 4, 2, 4 ),
 ( 2.727568135968831000E-007, 0.002065055492403429800, 0.004129838227993262500 ),
 .UNSPECIFIED. ) ;
#3501 = B_SPLINE_CURVE_WITH_KNOTS ( 'NONE', 3,
 ( #500, #499, #498, #497, #496, #495 ),
 .UNSPECIFIED., .F., .F.,
 ( 4, 2, 4 ),
 ( 2.142778409953494300E-007, 0.001012662196247370000, 0.002025110114653744900 ),
 .UNSPECIFIED. ) ;
#3502 = B_SPLINE_CURVE_WITH_KNOTS ( 'NONE', 3,
 ( #519, #518, #517, #516, #515, #514 ),
 .UNSPECIFIED., .F., .F.,
 ( 4, 2, 4 ),
 ( 2.899365758888813300E-007, 0.001012738916606933600, 0.002025187896637978600 ),
 .UNSPECIFIED. ) ;
#3503 = CARTESIAN_POINT ( 'NONE',  ( 4.246087390442025500, -26.39641220622169700, 19.31432888558750300 ) ) ;
#3504 = CARTESIAN_POINT ( 'NONE',  ( 24.35061120580784400, 0.4284170951316763600, 14.80119978596192000 ) ) ;
#3505 = CARTESIAN_POINT ( 'NONE',  ( 24.96586510888703700, 0.7466935971320073400, 14.88624991604285700 ) ) ;
#3506 = CARTESIAN_POINT ( 'NONE',  ( 25.55274511187998200, 1.084187907691157100, 15.02174579571735100 ) ) ;
#3507 = CARTESIAN_POINT ( 'NONE',  ( 26.67559023485840100, 1.792421319060580000, 15.38567148769505100 ) ) ;
#3508 = CARTESIAN_POINT ( 'NONE',  ( 27.21151494503829900, 2.163203336368012800, 15.61414289810510600 ) ) ;
#3509 = CARTESIAN_POINT ( 'NONE',  ( 27.72315035287906700, 2.547959688900719700, 15.89062500000004600 ) ) ;
#3510 = CARTESIAN_POINT ( 'NONE',  ( 3.437272126475258400, -25.34370440462838700, 19.67825447080403800 ) ) ;
#3511 = DIRECTION ( 'NONE',  ( -0.0000000000000000000, -0.0000000000000000000, -1.000000000000000000 ) ) ;
#3512 = CARTESIAN_POINT ( 'NONE',  ( 27.72315814932087000, 2.547960405450576900, 20.00000000000000000 ) ) ;
#3513 = DIRECTION ( 'NONE',  ( 1.000000000000000000, 0.0000000000000000000, 0.0000000000000000000 ) ) ;
#3514 = CARTESIAN_POINT ( 'NONE',  ( 3.047067301702054200, -24.79046823664430500, 19.81375018600302300 ) ) ;
#3515 = DIRECTION ( 'NONE',  ( -0.0000000000000000000, -0.0000000000000000000, -1.000000000000000000 ) ) ;
#3516 = CARTESIAN_POINT ( 'NONE',  ( 25.80942984956729100, -2.391595877288803500, 14.69999999999999900 ) ) ;
#3517 = CARTESIAN_POINT ( 'NONE',  ( 23.85727434152831700, -4.895535547575018900, 14.80119978596389000 ) ) ;
#3518 = CARTESIAN_POINT ( 'NONE',  ( 23.58924313448322600, -4.686569411781654500, 14.75947124381860800 ) ) ;
#3519 = CARTESIAN_POINT ( 'NONE',  ( 23.35969050595941700, -4.440078590554847400, 14.73496837469645700 ) ) ;
#3520 = CARTESIAN_POINT ( 'NONE',  ( 22.97975137633995500, -3.871603990889516600, 14.70566515809957200 ) ) ;
#3521 = CARTESIAN_POINT ( 'NONE',  ( 22.83925069611422400, -3.564293531834941600, 14.70143848145454900 ) ) ;
#3522 = CARTESIAN_POINT ( 'NONE',  ( 2.673380491230062700, -24.20720644877720000, 19.89880021403583000 ) ) ;
#3523 = CARTESIAN_POINT ( 'NONE',  ( 22.74854270140259200, -3.235156702718800000, 14.69999999999999900 ) ) ;
#3524 = CARTESIAN_POINT ( 'NONE',  ( 22.74854270140173900, -3.235156702715702000, 20.00000000000000000 ) ) ;
#3525 = CARTESIAN_POINT ( 'NONE',  ( 22.83925748745485900, -3.564318174430618900, 19.99856141084582700 ) ) ;
#3526 = CARTESIAN_POINT ( 'NONE',  ( 22.98031639433358500, -3.872578136007681000, 19.99430016746922700 ) ) ;
#3527 = CARTESIAN_POINT ( 'NONE',  ( 23.35986570565268700, -4.440211726605694400, 19.96500919226356900 ) ) ;
#3528 = CARTESIAN_POINT ( 'NONE',  ( 23.58924102875538900, -4.686567770083311900, 19.94052908401208100 ) ) ;
#3529 = CARTESIAN_POINT ( 'NONE',  ( 23.85727434151572300, -4.895535547565200000, 19.89880021403805400 ) ) ;
#3530 = DIRECTION ( 'NONE',  ( 1.000000000000000000, 0.0000000000000000000, 0.0000000000000000000 ) ) ;
#3531 = DIRECTION ( 'NONE',  ( -0.0000000000000000000, -0.0000000000000000000, -1.000000000000000000 ) ) ;
#3532 = CARTESIAN_POINT ( 'NONE',  ( 2.673380491220231000, -24.20720644876185500, 14.80119978596191600 ) ) ;
#3533 = CARTESIAN_POINT ( 'NONE',  ( 3.047067714814913200, -24.79046888144347300, 14.88624990802024500 ) ) ;
#3534 = CARTESIAN_POINT ( 'NONE',  ( 25.80942984956729100, -2.391595877288803500, 20.00000000000000000 ) ) ;
#3535 = CARTESIAN_POINT ( 'NONE',  ( 23.85727434151572300, -4.895535547565200000, 19.89880021403805400 ) ) ;
#3536 = CARTESIAN_POINT ( 'NONE',  ( 24.40356851272582300, -5.321444840829713000, 19.81375019468326900 ) ) ;
#3537 = CARTESIAN_POINT ( 'NONE',  ( 24.91844109349359100, -5.761031291038274400, 19.67825449347166600 ) ) ;
#3538 = CARTESIAN_POINT ( 'NONE',  ( 25.89203017807679100, -6.663527911918916600, 19.31432891732642400 ) ) ;
#3539 = CARTESIAN_POINT ( 'NONE',  ( 26.35069907726346000, -7.126472843193535100, 19.08585745074437400 ) ) ;
#3540 = CARTESIAN_POINT ( 'NONE',  ( 26.78292599051697600, -7.598686692520758800, 18.80937500000001700 ) ) ;
#3541 = CARTESIAN_POINT ( 'NONE',  ( 3.437272769604931900, -25.34370529085771700, 15.02174577476693600 ) ) ;
#3542 = CARTESIAN_POINT ( 'NONE',  ( 26.78292599051697600, -7.598686692520758800, 15.89062500000004600 ) ) ;
#3543 = CARTESIAN_POINT ( 'NONE',  ( 26.35069953174890500, -7.126473339725127000, 15.61414283997617300 ) ) ;
#3544 = CARTESIAN_POINT ( 'NONE',  ( 25.89203091796063600, -6.663528637858129300, 15.38567142018335200 ) ) ;
#3545 = CARTESIAN_POINT ( 'NONE',  ( 4.246088057502226400, -26.39641302526067400, 15.38567145836013200 ) ) ;
#3546 = CARTESIAN_POINT ( 'NONE',  ( 24.91844190119248400, -5.761031999675805300, 15.02174574750183900 ) ) ;
#3547 = CARTESIAN_POINT ( 'NONE',  ( 24.40356910534938700, -5.321445302858961700, 14.88624989757954600 ) ) ;
#3548 = CARTESIAN_POINT ( 'NONE',  ( 4.664737295475247500, -26.89584015320767200, 15.61414287284715900 ) ) ;
#3549 = CARTESIAN_POINT ( 'NONE',  ( 23.85727434152831700, -4.895535547575018900, 14.80119978596389000 ) ) ;
#3550 = DIRECTION ( 'NONE',  ( -0.0000000000000000000, -0.0000000000000000000, -1.000000000000000000 ) ) ;
#3551 = CARTESIAN_POINT ( 'NONE',  ( 23.85727434151572300, -4.895535547565200900, 20.00000000000000000 ) ) ;
#3552 = DIRECTION ( 'NONE',  ( 1.000000000000000000, 0.0000000000000000000, 0.0000000000000000000 ) ) ;
#3553 = DIRECTION ( 'NONE',  ( -0.0000000000000000000, -0.0000000000000000000, 1.000000000000000000 ) ) ;
#3554 = CARTESIAN_POINT ( 'NONE',  ( 0.0000000000000000000, 0.0000000000000000000, 18.80937500000001700 ) ) ;
#3555 = CARTESIAN_POINT ( 'NONE',  ( 5.095060144275116400, -27.36979222045394500, 15.89062500000004600 ) ) ;
#3556 = DIRECTION ( 'NONE',  ( 1.000000000000000000, 0.0000000000000000000, 0.0000000000000000000 ) ) ;
#3557 = DIRECTION ( 'NONE',  ( -0.0000000000000000000, -0.0000000000000000000, 1.000000000000000000 ) ) ;
#3558 = DIRECTION ( 'NONE',  ( -0.0000000000000000000, -0.0000000000000000000, -1.000000000000000000 ) ) ;
#3559 = CARTESIAN_POINT ( 'NONE',  ( 0.0000000000000000000, 0.0000000000000000000, 15.89062500000004600 ) ) ;
#3560 = DIRECTION ( 'NONE',  ( -0.0000000000000000000, -0.0000000000000000000, -1.000000000000000000 ) ) ;
#3561 = CARTESIAN_POINT ( 'NONE',  ( 5.095061577133193100, -27.36979991752261700, 20.00000000000000000 ) ) ;
#3562 = CARTESIAN_POINT ( 'NONE',  ( 26.78293220314765600, -7.598693479907884000, 20.00000000000000000 ) ) ;
#3563 = CARTESIAN_POINT ( 'NONE',  ( 26.77149701905749200, -7.638855373889306600, 18.80937500000001700 ) ) ;
#3564 = CARTESIAN_POINT ( 'NONE',  ( 26.15542034991192800, -7.812806195949153000, 19.08585747612786000 ) ) ;
#3565 = CARTESIAN_POINT ( 'NONE',  ( 25.52174305910219200, -7.964951852662860400, 19.31432894675980400 ) ) ;
#3566 = CARTESIAN_POINT ( 'NONE',  ( 24.21887768395303900, -8.219741332713502000, 19.67825451446845300 ) ) ;
#3567 = CARTESIAN_POINT ( 'NONE',  ( -1.122385379324780000, -22.95000403025896700, 20.00000000000000000 ) ) ;
#3568 = CARTESIAN_POINT ( 'NONE',  ( 23.54971177459476200, -8.322439770608220000, 19.81375020271883300 ) ) ;
#3569 = CARTESIAN_POINT ( 'NONE',  ( 22.86103082373358900, -8.396968320846305300, 19.89880021403475400 ) ) ;
#3570 = CARTESIAN_POINT ( 'NONE',  ( 22.86103082370674100, -8.396968320849211400, 14.80119978596191800 ) ) ;
#3571 = CARTESIAN_POINT ( 'NONE',  ( 23.54971286253075000, -8.322439652872580100, 14.88624993163795400 ) ) ;
#3572 = CARTESIAN_POINT ( 'NONE',  ( 24.21887922720943500, -8.219741074529537200, 15.02174583644274500 ) ) ;
#3573 = CARTESIAN_POINT ( 'NONE',  ( 25.52174453162885500, -7.964951521077580300, 15.38567154471900800 ) ) ;
#3574 = CARTESIAN_POINT ( 'NONE',  ( 26.15542129320589700, -7.812805929614237100, 15.61414294720387000 ) ) ;
#3575 = CARTESIAN_POINT ( 'NONE',  ( -1.441772304359843600, -23.07070291963762500, 19.99856141218529600 ) ) ;
#3576 = CARTESIAN_POINT ( 'NONE',  ( -1.735704756075445900, -23.23960468719736700, 19.99430005784559600 ) ) ;
#3577 = CARTESIAN_POINT ( 'NONE',  ( 26.77149701905749200, -7.638855373889306600, 15.89062500000004600 ) ) ;
#3578 = DIRECTION ( 'NONE',  ( -0.0000000000000000000, -0.0000000000000000000, -1.000000000000000000 ) ) ;
#3579 = CARTESIAN_POINT ( 'NONE',  ( 26.77150454787062000, -7.638857522126089700, 20.00000000000000000 ) ) ;
#3580 = CARTESIAN_POINT ( 'NONE',  ( 20.47777437467262000, -13.18319247999461700, 14.80119978596408700 ) ) ;
#3581 = CARTESIAN_POINT ( 'NONE',  ( 20.33071468206990000, -12.93730180215190900, 14.76602188853723000 ) ) ;
#3582 = CARTESIAN_POINT ( 'NONE',  ( -2.265893291543586300, -23.66990719647056100, 19.96500921014271400 ) ) ;
#3583 = CARTESIAN_POINT ( 'NONE',  ( 20.21904262538000900, -12.67631922145666200, 14.74311860794919000 ) ) ;
#3584 = CARTESIAN_POINT ( 'NONE',  ( 20.10456579423554000, -12.26280740516874500, 14.72041364272032700 ) ) ;
#3585 = CARTESIAN_POINT ( 'NONE',  ( 20.07546450284486600, -12.12082967450142100, 14.71482109954355100 ) ) ;
#3586 = CARTESIAN_POINT ( 'NONE',  ( -2.490034445625755000, -23.92103434058195800, 19.94052923920173400 ) ) ;
#3587 = CARTESIAN_POINT ( 'NONE',  ( -2.673380491220326900, -24.20720644876196200, 19.89880021403805100 ) ) ;
#3588 = CARTESIAN_POINT ( 'NONE',  ( 20.03717520411364800, -11.83793126745828400, 14.70671943230398600 ) ) ;
#3589 = CARTESIAN_POINT ( 'NONE',  ( 20.02763251192226000, -11.69597918706924300, 14.70414182579171800 ) ) ;
#3590 = CARTESIAN_POINT ( 'NONE',  ( 20.02763251192321200, -11.55353818170668300, 14.70245903953917500 ) ) ;
#3591 = CARTESIAN_POINT ( 'NONE',  ( 20.02763251192320800, -11.55353818172810100, 19.99754096046055800 ) ) ;
#3592 = CARTESIAN_POINT ( 'NONE',  ( 20.02763251192322600, -11.69605430123349500, 19.99585728681565300 ) ) ;
#3593 = CARTESIAN_POINT ( 'NONE',  ( 20.03718515851139900, -11.83811878418516300, 19.99327757818169700 ) ) ;
#3594 = CARTESIAN_POINT ( 'NONE',  ( 20.07554580265558300, -12.12131611299902900, 19.98516258351676100 ) ) ;
#3595 = CARTESIAN_POINT ( 'NONE',  ( 20.10470186556650800, -12.26337082083415800, 19.97955972670424200 ) ) ;
#3596 = DIRECTION ( 'NONE',  ( 1.000000000000000000, 0.0000000000000000000, 0.0000000000000000000 ) ) ;
#3597 = CARTESIAN_POINT ( 'NONE',  ( 20.21911230539660700, -12.67642679506092700, 19.95686685559165600 ) ) ;
#3598 = CARTESIAN_POINT ( 'NONE',  ( 20.33070593926806400, -12.93728718377562000, 19.93398020281327000 ) ) ;
#3599 = CARTESIAN_POINT ( 'NONE',  ( 20.47777437466361100, -13.18319247997955100, 19.89880021403805400 ) ) ;
#3600 = CARTESIAN_POINT ( 'NONE',  ( 20.47777437466361100, -13.18319247997955100, 19.89880021403805400 ) ) ;
#3601 = CARTESIAN_POINT ( 'NONE',  ( 20.83332224241452100, -13.77768512892104300, 19.81375021698812600 ) ) ;
#3602 = CARTESIAN_POINT ( 'NONE',  ( 21.15462965700174900, -14.37358064072660300, 19.67825455173031600 ) ) ;
#3603 = CARTESIAN_POINT ( 'NONE',  ( 21.73645507496275200, -15.56683462192982900, 19.31432899893063000 ) ) ;
#3604 = DIRECTION ( 'NONE',  ( -0.0000000000000000000, -0.0000000000000000000, -1.000000000000000000 ) ) ;
#3605 = CARTESIAN_POINT ( 'NONE',  ( 21.99691613192133500, -16.16420830809014600, 19.08585752104370300 ) ) ;
#3606 = CARTESIAN_POINT ( 'NONE',  ( 22.22937246670888100, -16.76067313090160500, 18.80937500000001700 ) ) ;
#3607 = CARTESIAN_POINT ( 'NONE',  ( 22.22937246670888100, -16.76067313090160500, 15.89062500000004600 ) ) ;
#3608 = CARTESIAN_POINT ( 'NONE',  ( 21.99691647080321400, -16.16420917763462100, 15.61414288202087700 ) ) ;
#3609 = CARTESIAN_POINT ( 'NONE',  ( 21.73645566792703600, -15.56683593102098400, 15.38567146901460700 ) ) ;
#3610 = CARTESIAN_POINT ( 'NONE',  ( 21.15463034631610400, -14.37358196143498300, 15.02174578237616000 ) ) ;
#3611 = CARTESIAN_POINT ( 'NONE',  ( -1.350571318375197300E-014, -25.91999999999999100, 20.00000000000000000 ) ) ;
#3612 = CARTESIAN_POINT ( 'NONE',  ( 20.83332277718785600, -13.77768602308704600, 14.88624991093407100 ) ) ;
#3613 = CARTESIAN_POINT ( 'NONE',  ( 20.47777437467262000, -13.18319247999461700, 14.80119978596408700 ) ) ;
#3614 = DIRECTION ( 'NONE',  ( -0.0000000000000000000, -0.0000000000000000000, -1.000000000000000000 ) ) ;
#3615 = CARTESIAN_POINT ( 'NONE',  ( 2.673380491230062700, -24.20720644877720000, 19.89880021403583000 ) ) ;
#3616 = CARTESIAN_POINT ( 'NONE',  ( 20.47777437466361100, -13.18319247997955100, 20.00000000000000000 ) ) ;
#3617 = DIRECTION ( 'NONE',  ( 1.000000000000000000, 0.0000000000000000000, 0.0000000000000000000 ) ) ;
#3618 = DIRECTION ( 'NONE',  ( -0.0000000000000000000, -0.0000000000000000000, 1.000000000000000000 ) ) ;
#3619 = CARTESIAN_POINT ( 'NONE',  ( 0.0000000000000000000, 0.0000000000000000000, 18.80937500000001700 ) ) ;
#3620 = DIRECTION ( 'NONE',  ( 1.000000000000000000, 0.0000000000000000000, 0.0000000000000000000 ) ) ;
#3621 = CARTESIAN_POINT ( 'NONE',  ( 2.490035912731931100, -23.92103663048253300, 19.94052890529360400 ) ) ;
#3622 = DIRECTION ( 'NONE',  ( -0.0000000000000000000, -0.0000000000000000000, 1.000000000000000000 ) ) ;
#3623 = CARTESIAN_POINT ( 'NONE',  ( 0.0000000000000000000, 0.0000000000000000000, 15.89062500000004600 ) ) ;
#3624 = DIRECTION ( 'NONE',  ( -0.0000000000000000000, -0.0000000000000000000, -1.000000000000000000 ) ) ;
#3625 = CARTESIAN_POINT ( 'NONE',  ( 2.265776514978520500, -23.66971983779736600, 19.96503171910994800 ) ) ;
#3626 = CARTESIAN_POINT ( 'NONE',  ( 22.22937580792742600, -16.76068170421266900, 20.00000000000000000 ) ) ;
#3627 = CARTESIAN_POINT ( 'NONE',  ( 22.20420466682613300, -16.79400069007675000, 18.80937500000001700 ) ) ;
#3628 = CARTESIAN_POINT ( 'NONE',  ( 21.56689194176663800, -16.73365243325039100, 19.08585750003253900 ) ) ;
#3629 = CARTESIAN_POINT ( 'NONE',  ( 1.734783697428092800, -23.23894991703462100, 19.99433485380362200 ) ) ;
#3630 = CARTESIAN_POINT ( 'NONE',  ( 20.92104408593545600, -16.64661338524143700, 19.31432897451777500 ) ) ;
#3631 = CARTESIAN_POINT ( 'NONE',  ( 19.61411772641747200, -16.41354823548565600, 19.67825453428998400 ) ) ;
#3632 = CARTESIAN_POINT ( 'NONE',  ( 18.95304017109987900, -16.26758107066518000, 19.81375021030862600 ) ) ;
#3633 = CARTESIAN_POINT ( 'NONE',  ( 18.28394155154693800, -16.08829663589912700, 19.89880021403454400 ) ) ;
#3634 = CARTESIAN_POINT ( 'NONE',  ( 1.441748306784340000, -23.07069385076072600, 19.99856152027556900 ) ) ;
#3635 = CARTESIAN_POINT ( 'NONE',  ( 18.28394155151921700, -16.08829663589169800, 14.80119978596192000 ) ) ;
#3636 = CARTESIAN_POINT ( 'NONE',  ( 1.122385379324755600, -22.95000403025896700, 20.00000000000000000 ) ) ;
#3637 = CARTESIAN_POINT ( 'NONE',  ( 18.95304125772185000, -16.26758136182465400, 14.88624992781331400 ) ) ;
#3638 = CARTESIAN_POINT ( 'NONE',  ( 19.61411930166887200, -16.41354856110096700, 15.02174582645500000 ) ) ;
#3639 = CARTESIAN_POINT ( 'NONE',  ( 20.92104562064393000, -16.64661361422747600, 15.38567153073409300 ) ) ;
#3640 = CARTESIAN_POINT ( 'NONE',  ( 21.56689294491920400, -16.73365252824717000, 15.61414293516258500 ) ) ;
#3641 = CARTESIAN_POINT ( 'NONE',  ( 22.20420466682613600, -16.79400069007675000, 15.89062500000004600 ) ) ;
#3642 = DIRECTION ( 'NONE',  ( -0.0000000000000000000, -0.0000000000000000000, -1.000000000000000000 ) ) ;
#3643 = DIRECTION ( 'NONE',  ( -0.0000000000000000000, -0.0000000000000000000, -1.000000000000000000 ) ) ;
#3644 = CARTESIAN_POINT ( 'NONE',  ( 22.20421091120266500, -16.79400541296889000, 20.00000000000000000 ) ) ;
#3645 = CARTESIAN_POINT ( 'NONE',  ( 2.673380491220175100, -24.20720644876189100, 20.00000000000000000 ) ) ;
#3646 = CARTESIAN_POINT ( 'NONE',  ( 14.33263750725284600, -19.69038621740846300, 14.80119978596530900 ) ) ;
#3647 = CARTESIAN_POINT ( 'NONE',  ( 14.30220241429072200, -19.51244359120779800, 14.77903470531183500 ) ) ;
#3648 = CARTESIAN_POINT ( 'NONE',  ( 14.28719108331875600, -19.33398598726619300, 14.76176675979040800 ) ) ;
#3649 = CARTESIAN_POINT ( 'NONE',  ( 14.28719108331875500, -19.15511113435951500, 14.74821195698163500 ) ) ;
#3650 = CARTESIAN_POINT ( 'NONE',  ( 1.122385379327766900, -22.95000403026010400, 14.69999999999999900 ) ) ;
#3651 = CARTESIAN_POINT ( 'NONE',  ( 14.28719108331875500, -19.15511113435950800, 19.95178804301835000 ) ) ;
#3652 = CARTESIAN_POINT ( 'NONE',  ( 14.28719108331875600, -19.33392362233875500, 19.93823796610748600 ) ) ;
#3653 = CARTESIAN_POINT ( 'NONE',  ( 1.441772304362180400, -23.07070291963888700, 14.70143858781471700 ) ) ;
#3654 = CARTESIAN_POINT ( 'NONE',  ( 14.30219164583077600, -19.51238063203340500, 19.92097313707599300 ) ) ;
#3655 = CARTESIAN_POINT ( 'NONE',  ( 14.33263750724821000, -19.69038621738134500, 19.89880021403805400 ) ) ;
#3656 = CARTESIAN_POINT ( 'NONE',  ( 14.33263750724821000, -19.69038621738134500, 19.89880021403805400 ) ) ;
#3657 = CARTESIAN_POINT ( 'NONE',  ( 1.735704756077230300, -23.23960468719861800, 14.70569994215444600 ) ) ;
#3658 = CARTESIAN_POINT ( 'NONE',  ( 14.44942051682994800, -20.37317287578084900, 19.81375020845294800 ) ) ;
#3659 = CARTESIAN_POINT ( 'NONE',  ( 14.53376846980604300, -21.04489854820055700, 19.67825452944423500 ) ) ;
#3660 = CARTESIAN_POINT ( 'NONE',  ( 14.64525145234658500, -22.36775432862073000, 19.31432896773318900 ) ) ;
#3661 = CARTESIAN_POINT ( 'NONE',  ( 14.67232788386800600, -23.01887805424853200, 19.08585749419144100 ) ) ;
#3662 = CARTESIAN_POINT ( 'NONE',  ( 2.265893291544220000, -23.66990719647131800, 14.73499078985735300 ) ) ;
#3663 = CARTESIAN_POINT ( 'NONE',  ( 14.67361901406668100, -23.65903778885824600, 18.80937500000001700 ) ) ;
#3664 = CARTESIAN_POINT ( 'NONE',  ( 14.67361901406668100, -23.65903778885824600, 15.89062500000004600 ) ) ;
#3665 = CARTESIAN_POINT ( 'NONE',  ( 2.490034445625957100, -23.92103434058232400, 14.75947076079830600 ) ) ;
#3666 = CARTESIAN_POINT ( 'NONE',  ( 2.673380491220231000, -24.20720644876185500, 14.80119978596191600 ) ) ;
#3667 = CARTESIAN_POINT ( 'NONE',  ( 14.67232788591266700, -23.01887906801837900, 15.61414294365179100 ) ) ;
#3668 = CARTESIAN_POINT ( 'NONE',  ( 14.64525153927658600, -22.36775588733925000, 15.38567154059357400 ) ) ;
#3669 = CARTESIAN_POINT ( 'NONE',  ( 14.53376864977522200, -21.04490015650594600, 15.02174583349645000 ) ) ;
#3670 = CARTESIAN_POINT ( 'NONE',  ( 14.44942070764100200, -20.37317399138183300, 14.88624993050972000 ) ) ;
#3671 = CARTESIAN_POINT ( 'NONE',  ( 14.33263750725284600, -19.69038621740846300, 14.80119978596530900 ) ) ;
#3672 = DIRECTION ( 'NONE',  ( -0.0000000000000000000, -0.0000000000000000000, -1.000000000000000000 ) ) ;
#3673 = CARTESIAN_POINT ( 'NONE',  ( 14.33263750724820800, -19.69038621738134500, 20.00000000000000000 ) ) ;
#3674 = CARTESIAN_POINT ( 'NONE',  ( -2.673380491230178600, -24.20720644877734200, 14.80119978596417400 ) ) ;
#3675 = DIRECTION ( 'NONE',  ( 1.000000000000000000, 0.0000000000000000000, 0.0000000000000000000 ) ) ;
#3676 = DIRECTION ( 'NONE',  ( -0.0000000000000000000, -0.0000000000000000000, 1.000000000000000000 ) ) ;
#3677 = CARTESIAN_POINT ( 'NONE',  ( 0.0000000000000000000, 0.0000000000000000000, 18.80937500000001700 ) ) ;
#3678 = CARTESIAN_POINT ( 'NONE',  ( -2.490035912732342800, -23.92103663048309800, 14.75947109470646600 ) ) ;
#3679 = DIRECTION ( 'NONE',  ( 1.000000000000000000, 0.0000000000000000000, 0.0000000000000000000 ) ) ;
#3680 = DIRECTION ( 'NONE',  ( -0.0000000000000000000, -0.0000000000000000000, 1.000000000000000000 ) ) ;
#3681 = CARTESIAN_POINT ( 'NONE',  ( 0.0000000000000000000, 0.0000000000000000000, 15.89062500000004600 ) ) ;
#3682 = DIRECTION ( 'NONE',  ( -0.0000000000000000000, -0.0000000000000000000, -1.000000000000000000 ) ) ;
#3683 = CARTESIAN_POINT ( 'NONE',  ( -2.265776514979330500, -23.66971983779822600, 14.73496828089011700 ) ) ;
#3684 = CARTESIAN_POINT ( 'NONE',  ( 14.67361903262301400, -23.65904699022008400, 20.00000000000000000 ) ) ;
#3685 = CARTESIAN_POINT ( 'NONE',  ( 14.63811143659444800, -23.68102315429898400, 18.80937500000001700 ) ) ;
#3686 = CARTESIAN_POINT ( 'NONE',  ( -1.734783697429887600, -23.23894991703582800, 14.70566514619642400 ) ) ;
#3687 = CARTESIAN_POINT ( 'NONE',  ( 14.06563526044070600, -23.39452613828489900, 19.08585753067031700 ) ) ;
#3688 = CARTESIAN_POINT ( 'NONE',  ( 13.49484216962010300, -23.08005746524214200, 19.31432901011779500 ) ) ;
#3689 = CARTESIAN_POINT ( 'NONE',  ( 12.36036247626100800, -22.39061442234035200, 19.67825455972336400 ) ) ;
#3690 = CARTESIAN_POINT ( 'NONE',  ( -1.441748306786771300, -23.07069385076200500, 14.70143847972444500 ) ) ;
#3691 = CARTESIAN_POINT ( 'NONE',  ( -1.122385379327791100, -22.95000403026010400, 14.69999999999999900 ) ) ;
#3692 = CARTESIAN_POINT ( 'NONE',  ( 11.79665546749318500, -22.01569535186891700, 19.81375022004961300 ) ) ;
#3693 = CARTESIAN_POINT ( 'NONE',  ( 11.23750465799743000, -21.60681134193959000, 19.89880021403562800 ) ) ;
#3694 = CARTESIAN_POINT ( 'NONE',  ( 11.23750465798136700, -21.60681134192784500, 14.80119978596191800 ) ) ;
#3695 = CARTESIAN_POINT ( 'NONE',  ( 11.79665626572452000, -22.01569593558268800, 14.88624990136587200 ) ) ;
#3696 = CARTESIAN_POINT ( 'NONE',  ( 12.36036366408072200, -22.39061518946522300, 15.02174575738953700 ) ) ;
#3697 = CARTESIAN_POINT ( 'NONE',  ( 13.49484335490287100, -23.08005814029282700, 15.38567143402818800 ) ) ;
#3698 = DIRECTION ( 'NONE',  ( -1.000000000000000000, 0.0000000000000000000, 0.0000000000000000000 ) ) ;
#3699 = CARTESIAN_POINT ( 'NONE',  ( 14.06563605256679000, -23.39452653471259000, 15.61414285189685100 ) ) ;
#3700 = CARTESIAN_POINT ( 'NONE',  ( 14.63811143659445200, -23.68102315429898800, 15.89062500000004600 ) ) ;
#3701 = DIRECTION ( 'NONE',  ( -0.0000000000000000000, -0.0000000000000000000, -1.000000000000000000 ) ) ;
#3702 = CARTESIAN_POINT ( 'NONE',  ( 14.63811555319672800, -23.68102981399373200, 20.00000000000000000 ) ) ;
#3703 = DIRECTION ( 'NONE',  ( -0.0000000000000000000, -0.0000000000000000000, -1.000000000000000000 ) ) ;
#3704 = CARTESIAN_POINT ( 'NONE',  ( 7.243904497982789800, -21.80569378746591300, 20.00000000000000000 ) ) ;
#3705 = CARTESIAN_POINT ( 'NONE',  ( 6.989686618048159200, -22.03361793402847000, 19.99856141269567200 ) ) ;
#3706 = CARTESIAN_POINT ( 'NONE',  ( 6.776616418427528800, -22.29729586176815200, 19.99430001608545700 ) ) ;
#3707 = CARTESIAN_POINT ( 'NONE',  ( 4.762787501805517500, 25.47866274380673300, 20.00000000000000000 ) ) ;
#3708 = CARTESIAN_POINT ( 'NONE',  ( 6.437674357531469700, -22.89006591783703100, 19.96500921696569000 ) ) ;
#3709 = CARTESIAN_POINT ( 'NONE',  ( 6.319386427093539800, -23.20520394116907100, 19.94052929834162700 ) ) ;
#3710 = CARTESIAN_POINT ( 'NONE',  ( 6.251798524592835800, -23.53828418792922500, 19.89880021403805100 ) ) ;
#3711 = DIRECTION ( 'NONE',  ( 1.000000000000000000, 0.0000000000000000000, 0.0000000000000000000 ) ) ;
#3712 = DIRECTION ( 'NONE',  ( -0.0000000000000000000, -0.0000000000000000000, -1.000000000000000000 ) ) ;
#3713 = CARTESIAN_POINT ( 'NONE',  ( 9.363383987570985700, -24.16968018616090000, 20.00000000000000000 ) ) ;
#3714 = DIRECTION ( 'NONE',  ( -1.000000000000000000, 0.0000000000000000000, 0.0000000000000000000 ) ) ;
#3715 = DIRECTION ( 'NONE',  ( -0.0000000000000000000, -0.0000000000000000000, -1.000000000000000000 ) ) ;
#3716 = CARTESIAN_POINT ( 'NONE',  ( 11.23750465799743000, -21.60681134193959000, 19.89880021403562800 ) ) ;
#3717 = CARTESIAN_POINT ( 'NONE',  ( 10.96316458268787700, -21.40619771825640800, 19.94052888787356200 ) ) ;
#3718 = CARTESIAN_POINT ( 'NONE',  ( 10.66326288429986300, -21.25286361535354700, 19.96503170815107000 ) ) ;
#3719 = CARTESIAN_POINT ( 'NONE',  ( 10.01251471093761900, -21.04299930096028200, 19.99433485241305800 ) ) ;
#3720 = CARTESIAN_POINT ( 'NONE',  ( 9.678486192578510800, -20.99196176796168000, 19.99856152007345100 ) ) ;
#3721 = CARTESIAN_POINT ( 'NONE',  ( -20.26096466919658900, 15.33851346856099000, 20.00000000000000000 ) ) ;
#3722 = CARTESIAN_POINT ( 'NONE',  ( 9.337090891802436200, -20.99478905840315700, 20.00000000000000000 ) ) ;
#3723 = DIRECTION ( 'NONE',  ( -0.0000000000000000000, -0.0000000000000000000, -1.000000000000000000 ) ) ;
#3724 = CARTESIAN_POINT ( 'NONE',  ( 11.23750465798133100, -21.60681134192789100, 20.00000000000000000 ) ) ;
#3725 = CARTESIAN_POINT ( 'NONE',  ( 9.337090891805653200, -20.99478905840312800, 14.69999999999999900 ) ) ;
#3726 = CARTESIAN_POINT ( 'NONE',  ( 9.678511834879527600, -20.99196155560341400, 14.70143858797120000 ) ) ;
#3727 = DIRECTION ( 'NONE',  ( -1.000000000000000000, 0.0000000000000000000, 0.0000000000000000000 ) ) ;
#3728 = DIRECTION ( 'NONE',  ( -0.0000000000000000000, -0.0000000000000000000, -1.000000000000000000 ) ) ;
#3729 = CARTESIAN_POINT ( 'NONE',  ( 10.01360965782084900, -21.04327701801680900, 14.70569992934948400 ) ) ;
#3730 = CARTESIAN_POINT ( 'NONE',  ( 10.66343939000988100, -21.25299608557291700, 14.73499079194815800 ) ) ;
#3731 = CARTESIAN_POINT ( 'NONE',  ( 10.96316239212336200, -21.40619611638922800, 14.75947077893003400 ) ) ;
#3732 = CARTESIAN_POINT ( 'NONE',  ( 0.0000000000000000000, 0.0000000000000000000, 20.00000000000000000 ) ) ;
#3733 = CARTESIAN_POINT ( 'NONE',  ( 11.23750465798136700, -21.60681134192784500, 14.80119978596191800 ) ) ;
#3734 = CARTESIAN_POINT ( 'NONE',  ( 6.251798524587254500, -23.53828418795673000, 14.80119978596537900 ) ) ;
#3735 = CARTESIAN_POINT ( 'NONE',  ( 6.319385882496914200, -23.20520662498304200, 14.75947103789211200 ) ) ;
#3736 = CARTESIAN_POINT ( 'NONE',  ( 6.437715613818544300, -22.88984875417470400, 14.73496824514843000 ) ) ;
#3737 = CARTESIAN_POINT ( 'NONE',  ( 6.777239573582281000, -22.29635133156272500, 14.70566514166118600 ) ) ;
#3738 = CARTESIAN_POINT ( 'NONE',  ( 6.989705745362361000, -22.03360078505118800, 14.70143847906524900 ) ) ;
#3739 = CARTESIAN_POINT ( 'NONE',  ( 7.243904497980390800, -21.80569378746806600, 14.69999999999999900 ) ) ;
#3740 = DIRECTION ( 'NONE',  ( -1.000000000000000000, 0.0000000000000000000, 0.0000000000000000000 ) ) ;
#3741 = DIRECTION ( 'NONE',  ( 1.000000000000000000, 0.0000000000000000000, 0.0000000000000000000 ) ) ;
#3742 = DIRECTION ( 'NONE',  ( -0.0000000000000000000, -0.0000000000000000000, -1.000000000000000000 ) ) ;
#3743 = CARTESIAN_POINT ( 'NONE',  ( 9.363383987570985700, -24.16968018616090000, 14.69999999999999900 ) ) ;
#3744 = DIRECTION ( 'NONE',  ( -0.0000000000000000000, -0.0000000000000000000, -1.000000000000000000 ) ) ;
#3745 = CARTESIAN_POINT ( 'NONE',  ( 6.251798524592835800, -23.53828418792922500, 19.89880021403805100 ) ) ;
#3746 = CARTESIAN_POINT ( 'NONE',  ( 6.114044434827588000, -24.21715073820756800, 19.81375020046628400 ) ) ;
#3747 = CARTESIAN_POINT ( 'NONE',  ( 5.950041246648880600, -24.87398629476941600, 19.67825450858480400 ) ) ;
#3748 = CARTESIAN_POINT ( 'NONE',  ( 20.26096466919681700, 15.33851346856069900, 20.00000000000000000 ) ) ;
#3749 = CARTESIAN_POINT ( 'NONE',  ( 5.576125401718243800, -26.14778486729324300, 19.31432893851804500 ) ) ;
#3750 = CARTESIAN_POINT ( 'NONE',  ( 5.366160409408563800, -26.76472076361704600, 19.08585746902735600 ) ) ;
#3751 = CARTESIAN_POINT ( 'NONE',  ( 5.136112004244920600, -27.36211829417548800, 18.80937500000001700 ) ) ;
#3752 = CARTESIAN_POINT ( 'NONE',  ( 5.136112004244920600, -27.36211829417548800, 15.89062500000004600 ) ) ;
#3753 = CARTESIAN_POINT ( 'NONE',  ( 5.366160068030287000, -26.76472165011977800, 15.61414294125632600 ) ) ;
#3754 = DIRECTION ( 'NONE',  ( -1.000000000000000000, 0.0000000000000000000, 0.0000000000000000000 ) ) ;
#3755 = CARTESIAN_POINT ( 'NONE',  ( 5.576124950044960100, -26.14778625869124100, 15.38567153781144400 ) ) ;
#3756 = CARTESIAN_POINT ( 'NONE',  ( 5.950040859486436200, -24.87398776098671900, 15.02174583150950800 ) ) ;
#3757 = DIRECTION ( 'NONE',  ( -0.0000000000000000000, -0.0000000000000000000, -1.000000000000000000 ) ) ;
#3758 = CARTESIAN_POINT ( 'NONE',  ( 6.114044223920276800, -24.21715177758083800, 14.88624992974885900 ) ) ;
#3759 = CARTESIAN_POINT ( 'NONE',  ( 6.251798524587254500, -23.53828418795673000, 14.80119978596537900 ) ) ;
#3760 = DIRECTION ( 'NONE',  ( -0.0000000000000000000, -0.0000000000000000000, -1.000000000000000000 ) ) ;
#3761 = CARTESIAN_POINT ( 'NONE',  ( -4.762787501805488200, 25.47866274380673700, 20.00000000000000000 ) ) ;
#3762 = CARTESIAN_POINT ( 'NONE',  ( 6.251798524592835800, -23.53828418792922900, 20.00000000000000000 ) ) ;
#3763 = DIRECTION ( 'NONE',  ( 1.000000000000000000, 0.0000000000000000000, 0.0000000000000000000 ) ) ;
#3764 = DIRECTION ( 'NONE',  ( -0.0000000000000000000, -0.0000000000000000000, 1.000000000000000000 ) ) ;
#3765 = CARTESIAN_POINT ( 'NONE',  ( 0.0000000000000000000, 0.0000000000000000000, 18.80937500000001700 ) ) ;
#3766 = DIRECTION ( 'NONE',  ( 1.000000000000000000, 0.0000000000000000000, 0.0000000000000000000 ) ) ;
#3767 = DIRECTION ( 'NONE',  ( -0.0000000000000000000, -0.0000000000000000000, 1.000000000000000000 ) ) ;
#3768 = DIRECTION ( 'NONE',  ( -1.000000000000000000, 0.0000000000000000000, 0.0000000000000000000 ) ) ;
#3769 = CARTESIAN_POINT ( 'NONE',  ( 0.0000000000000000000, 0.0000000000000000000, 15.89062500000004600 ) ) ;
#3770 = DIRECTION ( 'NONE',  ( -0.0000000000000000000, -0.0000000000000000000, -1.000000000000000000 ) ) ;
#3771 = DIRECTION ( 'NONE',  ( -0.0000000000000000000, -0.0000000000000000000, -1.000000000000000000 ) ) ;
#3772 = CARTESIAN_POINT ( 'NONE',  ( 5.136108697632906200, -27.36212688089318900, 20.00000000000000000 ) ) ;
#3773 = CARTESIAN_POINT ( 'NONE',  ( 5.095060144275116400, -27.36979222045394500, 18.80937500000001700 ) ) ;
#3774 = CARTESIAN_POINT ( 'NONE',  ( 4.664736834368113700, -26.89583964534363100, 19.08585742341711700 ) ) ;
#3775 = CARTESIAN_POINT ( 'NONE',  ( -24.43369705718559400, 6.983633214118516000, 20.00000000000000000 ) ) ;
#3776 = ADVANCED_BREP_SHAPE_REPRESENTATION ( 'ST6B-17-N12', ( #3777, #2378 ), #1017 ) ;
#3777 = MANIFOLD_SOLID_BREP ( '切除-拉伸3', #2873 ) ;
#3778 = DIRECTION ( 'NONE',  ( -1.000000000000000000, 0.0000000000000000000, 0.0000000000000000000 ) ) ;
#3779 = DIRECTION ( 'NONE',  ( -0.0000000000000000000, -0.0000000000000000000, -1.000000000000000000 ) ) ;
#3780 = CARTESIAN_POINT ( 'NONE',  ( -14.44942070764113700, -20.37317399138166600, 14.88624993050971300 ) ) ;
#3781 = CARTESIAN_POINT ( 'NONE',  ( 0.0000000000000000000, 0.0000000000000000000, 20.00000000000000000 ) ) ;
#3782 = CARTESIAN_POINT ( 'NONE',  ( -14.53376864977536600, -21.04490015650578600, 15.02174583349643600 ) ) ;
#3783 = DIRECTION ( 'NONE',  ( -1.000000000000000000, 0.0000000000000000000, 0.0000000000000000000 ) ) ;
#3784 = CARTESIAN_POINT ( 'NONE',  ( -14.64525153927675100, -22.36775588733912900, 15.38567154059356800 ) ) ;
#3785 = DIRECTION ( 'NONE',  ( -0.0000000000000000000, -0.0000000000000000000, -1.000000000000000000 ) ) ;
#3786 = CARTESIAN_POINT ( 'NONE',  ( 13.35187673275187900, 21.62184248543723400, 20.00000000000000000 ) ) ;
#3787 = CARTESIAN_POINT ( 'NONE',  ( -14.67232788591283600, -23.01887906801825400, 15.61414294365178500 ) ) ;
#3788 = DIRECTION ( 'NONE',  ( -1.000000000000000000, 0.0000000000000000000, 0.0000000000000000000 ) ) ;
#3789 = CARTESIAN_POINT ( 'NONE',  ( -14.67361490603635400, -23.65904033670743400, 15.89062500000004600 ) ) ;
#3790 = DIRECTION ( 'NONE',  ( -0.0000000000000000000, -0.0000000000000000000, -1.000000000000000000 ) ) ;
#3791 = CARTESIAN_POINT ( 'NONE',  ( -13.64512166178076800, 22.03762815811178300, 20.00000000000000000 ) ) ;
#3792 = DIRECTION ( 'NONE',  ( -0.0000000000000000000, -0.0000000000000000000, -1.000000000000000000 ) ) ;
#3793 = DIRECTION ( 'NONE',  ( -1.000000000000000000, 0.0000000000000000000, 0.0000000000000000000 ) ) ;
#3794 = DIRECTION ( 'NONE',  ( -0.0000000000000000000, -0.0000000000000000000, -1.000000000000000000 ) ) ;
#3795 = CARTESIAN_POINT ( 'NONE',  ( -14.67361903262309400, -23.65904699022007000, 20.00000000000000000 ) ) ;
#3796 = CARTESIAN_POINT ( 'NONE',  ( -25.30652326581260800, -2.314425403538482100, 20.00000000000000000 ) ) ;
#3797 = DIRECTION ( 'NONE',  ( -1.000000000000000000, 0.0000000000000000000, 0.0000000000000000000 ) ) ;
#3798 = DIRECTION ( 'NONE',  ( -0.0000000000000000000, -0.0000000000000000000, -1.000000000000000000 ) ) ;
#3799 = CARTESIAN_POINT ( 'NONE',  ( 0.0000000000000000000, 0.0000000000000000000, 20.00000000000000000 ) ) ;
#3800 = DIRECTION ( 'NONE',  ( -1.000000000000000000, 0.0000000000000000000, 0.0000000000000000000 ) ) ;
#3801 = DIRECTION ( 'NONE',  ( -0.0000000000000000000, -0.0000000000000000000, -1.000000000000000000 ) ) ;
#3802 = CARTESIAN_POINT ( 'NONE',  ( 4.639543858245747100, 24.98502186389024600, 20.00000000000000000 ) ) ;
#3803 = CARTESIAN_POINT ( 'NONE',  ( -16.29077054073549000, -16.20411148806775300, 20.00000000000000000 ) ) ;
#3804 = DIRECTION ( 'NONE',  ( -1.000000000000000000, 0.0000000000000000000, 0.0000000000000000000 ) ) ;
#3805 = DIRECTION ( 'NONE',  ( -0.0000000000000000000, -0.0000000000000000000, -1.000000000000000000 ) ) ;
#3806 = CARTESIAN_POINT ( 'NONE',  ( -20.68460653110361500, 15.62028977495058900, 20.00000000000000000 ) ) ;
#3807 = DIRECTION ( 'NONE',  ( -1.000000000000000000, 0.0000000000000000000, 0.0000000000000000000 ) ) ;
#3808 = DIRECTION ( 'NONE',  ( -0.0000000000000000000, -0.0000000000000000000, -1.000000000000000000 ) ) ;
#3809 = CARTESIAN_POINT ( 'NONE',  ( -16.60811453980169000, -16.07813950428970900, 19.99856141265016500 ) ) ;
#3810 = CARTESIAN_POINT ( 'NONE',  ( -22.76156327910536300, -11.29990804577371600, 20.00000000000000000 ) ) ;
#3811 = DIRECTION ( 'NONE',  ( -1.000000000000000000, 0.0000000000000000000, 0.0000000000000000000 ) ) ;
#3812 = DIRECTION ( 'NONE',  ( -0.0000000000000000000, -0.0000000000000000000, -1.000000000000000000 ) ) ;
#3813 = CARTESIAN_POINT ( 'NONE',  ( -16.93912278828760500, -16.00493826292236200, 19.99430001980890700 ) ) ;
#3814 = CARTESIAN_POINT ( 'NONE',  ( 0.0000000000000000000, 0.0000000000000000000, 20.00000000000000000 ) ) ;
#3815 = DIRECTION ( 'NONE',  ( -1.000000000000000000, 0.0000000000000000000, 0.0000000000000000000 ) ) ;
#3816 = DIRECTION ( 'NONE',  ( -0.0000000000000000000, -0.0000000000000000000, -1.000000000000000000 ) ) ;
#3817 = CARTESIAN_POINT ( 'NONE',  ( -4.699385122916473800, 24.97383559283937900, 20.00000000000000000 ) ) ;
#3818 = DIRECTION ( 'NONE',  ( -1.000000000000000000, 0.0000000000000000000, 0.0000000000000000000 ) ) ;
#3819 = DIRECTION ( 'NONE',  ( -0.0000000000000000000, -0.0000000000000000000, -1.000000000000000000 ) ) ;
#3820 = CARTESIAN_POINT ( 'NONE',  ( -24.93052067103938900, 7.093344702668686900, 20.00000000000000000 ) ) ;
#3821 = CARTESIAN_POINT ( 'NONE',  ( -17.62082839427316500, -15.96575010669606000, 19.96500921635706000 ) ) ;
#3822 = CARTESIAN_POINT ( 'NONE',  ( -17.95565386250092000, -16.00033221473412900, 19.94052929306806400 ) ) ;
#3823 = DIRECTION ( 'NONE',  ( -1.000000000000000000, 0.0000000000000000000, 0.0000000000000000000 ) ) ;
#3824 = DIRECTION ( 'NONE',  ( -0.0000000000000000000, -0.0000000000000000000, -1.000000000000000000 ) ) ;
#3825 = CARTESIAN_POINT ( 'NONE',  ( -17.14252804537876800, -18.75927549147518300, 20.00000000000000000 ) ) ;
#3826 = CARTESIAN_POINT ( 'NONE',  ( -18.28394155151936900, -16.08829663589171200, 19.89880021403804700 ) ) ;
#3827 = DIRECTION ( 'NONE',  ( -1.000000000000000000, 0.0000000000000000000, 0.0000000000000000000 ) ) ;
#3828 = DIRECTION ( 'NONE',  ( -0.0000000000000000000, -0.0000000000000000000, -1.000000000000000000 ) ) ;
#3829 = CARTESIAN_POINT ( 'NONE',  ( 0.0000000000000000000, 0.0000000000000000000, 20.00000000000000000 ) ) ;
#3830 = DIRECTION ( 'NONE',  ( -1.000000000000000000, 0.0000000000000000000, 0.0000000000000000000 ) ) ;
#3831 = DIRECTION ( 'NONE',  ( -0.0000000000000000000, -0.0000000000000000000, -1.000000000000000000 ) ) ;
#3832 = CARTESIAN_POINT ( 'NONE',  ( -13.40363610303692000, 21.58979444017530400, 20.00000000000000000 ) ) ;
#3833 = DIRECTION ( 'NONE',  ( 1.000000000000000000, 0.0000000000000000000, 0.0000000000000000000 ) ) ;
#3834 = DIRECTION ( 'NONE',  ( -1.000000000000000000, 0.0000000000000000000, 0.0000000000000000000 ) ) ;
#3835 = DIRECTION ( 'NONE',  ( -0.0000000000000000000, -0.0000000000000000000, -1.000000000000000000 ) ) ;
#3836 = CARTESIAN_POINT ( 'NONE',  ( -25.80942984956729800, -2.391595877288774200, 20.00000000000000000 ) ) ;
#3837 = DIRECTION ( 'NONE',  ( -0.0000000000000000000, -0.0000000000000000000, -1.000000000000000000 ) ) ;
#3838 = DIRECTION ( 'NONE',  ( -1.000000000000000000, 0.0000000000000000000, 0.0000000000000000000 ) ) ;
#3839 = DIRECTION ( 'NONE',  ( -0.0000000000000000000, -0.0000000000000000000, -1.000000000000000000 ) ) ;
#3840 = CARTESIAN_POINT ( 'NONE',  ( -9.208299409096694500, -23.68509883331899200, 20.00000000000000000 ) ) ;
#3841 = CARTESIAN_POINT ( 'NONE',  ( -17.46219108331877100, -19.15511113435946900, 20.00000000000000000 ) ) ;
#3842 = DIRECTION ( 'NONE',  ( -1.000000000000000000, 0.0000000000000000000, 0.0000000000000000000 ) ) ;
#3843 = DIRECTION ( 'NONE',  ( -0.0000000000000000000, -0.0000000000000000000, -1.000000000000000000 ) ) ;
#3844 = CARTESIAN_POINT ( 'NONE',  ( 0.0000000000000000000, 0.0000000000000000000, 20.00000000000000000 ) ) ;
#3845 = DIRECTION ( 'NONE',  ( -1.000000000000000000, 0.0000000000000000000, 0.0000000000000000000 ) ) ;
#3846 = DIRECTION ( 'NONE',  ( -0.0000000000000000000, -0.0000000000000000000, -1.000000000000000000 ) ) ;
#3847 = CARTESIAN_POINT ( 'NONE',  ( -20.29765175533063000, 15.28993191518466900, 20.00000000000000000 ) ) ;
#3848 = DIRECTION ( 'NONE',  ( -1.000000000000000000, 0.0000000000000000000, 0.0000000000000000000 ) ) ;
#3849 = DIRECTION ( 'NONE',  ( -0.0000000000000000000, -0.0000000000000000000, -1.000000000000000000 ) ) ;
#3850 = CARTESIAN_POINT ( 'NONE',  ( -23.20263251192322000, -11.55353818172785900, 20.00000000000000000 ) ) ;
#3851 = CARTESIAN_POINT ( 'NONE',  ( -14.33263750725283400, -19.69038621740822500, 19.89880021403470400 ) ) ;
#3852 = DIRECTION ( 'NONE',  ( 1.000000000000000000, 0.0000000000000000000, 0.0000000000000000000 ) ) ;
#3853 = CARTESIAN_POINT ( 'NONE',  ( -14.27533934501700900, -19.35538525396753000, 19.94052896409417700 ) ) ;
#3854 = DIRECTION ( 'NONE',  ( 0.0000000000000000000, 0.0000000000000000000, 1.000000000000000000 ) ) ;
#3855 = CARTESIAN_POINT ( 'NONE',  ( 0.0000000000000000000, 0.0000000000000000000, 20.00000000000000000 ) ) ;
#3856 = DIRECTION ( 'NONE',  ( 1.000000000000000000, 0.0000000000000000000, 0.0000000000000000000 ) ) ;
#3857 = DIRECTION ( 'NONE',  ( 0.0000000000000000000, 0.0000000000000000000, 1.000000000000000000 ) ) ;
#3858 = CARTESIAN_POINT ( 'NONE',  ( 0.0000000000000000000, 0.0000000000000000000, 20.00000000000000000 ) ) ;
#3859 = CARTESIAN_POINT ( 'NONE',  ( -14.27175813486450400, -19.01857716235866700, 19.96503175610115800 ) ) ;
#3860 = DIRECTION ( 'NONE',  ( 1.000000000000000000, 0.0000000000000000000, 0.0000000000000000000 ) ) ;
#3861 = DIRECTION ( 'NONE',  ( 0.0000000000000000000, 0.0000000000000000000, 1.000000000000000000 ) ) ;
#3862 = CARTESIAN_POINT ( 'NONE',  ( -14.37395880275913200, -18.34250710692526500, 19.99433485849741400 ) ) ;
#3863 = CARTESIAN_POINT ( 'NONE',  ( 0.0000000000000000000, 0.0000000000000000000, 20.00000000000000000 ) ) ;
#3864 = DIRECTION ( 'NONE',  ( 1.000000000000000000, 0.0000000000000000000, 0.0000000000000000000 ) ) ;
#3865 = DIRECTION ( 'NONE',  ( 0.0000000000000000000, 0.0000000000000000000, 1.000000000000000000 ) ) ;
#3866 = CARTESIAN_POINT ( 'NONE',  ( 0.0000000000000000000, 0.0000000000000000000, 20.00000000000000000 ) ) ;
#3867 = DIRECTION ( 'NONE',  ( 1.000000000000000000, 0.0000000000000000000, 0.0000000000000000000 ) ) ;
#3868 = DIRECTION ( 'NONE',  ( 0.0000000000000000000, 0.0000000000000000000, 1.000000000000000000 ) ) ;
#3869 = CARTESIAN_POINT ( 'NONE',  ( 0.0000000000000000000, 0.0000000000000000000, 20.00000000000000000 ) ) ;
#3870 = CARTESIAN_POINT ( 'NONE',  ( -14.47716116143231000, -18.02074789135126700, 19.99856152095781800 ) ) ;
#3871 = CARTESIAN_POINT ( 'NONE',  ( -14.63186493297731900, -17.71640376915511100, 20.00000000000000000 ) ) ;
#3872 = DIRECTION ( 'NONE',  ( 1.000000000000000000, 0.0000000000000000000, 0.0000000000000000000 ) ) ;
#3873 = DIRECTION ( 'NONE',  ( 0.0000000000000000000, 0.0000000000000000000, 1.000000000000000000 ) ) ;
#3874 = CARTESIAN_POINT ( 'NONE',  ( 0.0000000000000000000, 0.0000000000000000000, 20.00000000000000000 ) ) ;
#3875 = DIRECTION ( 'NONE',  ( 0.0000000000000000000, 1.000000000000000000, 0.0000000000000000000 ) ) ;
#3876 = CARTESIAN_POINT ( 'NONE',  ( 2.000000000000000000, 16.23114797896244700, 20.00000000000000000 ) ) ;
#3877 = DIRECTION ( 'NONE',  ( 0.0000000000000000000, -1.000000000000000000, 0.0000000000000000000 ) ) ;
#3878 = CARTESIAN_POINT ( 'NONE',  ( -2.000000000000000000, 16.23114797896244700, 20.00000000000000000 ) ) ;
#3879 = DIRECTION ( 'NONE',  ( -1.000000000000000000, 0.0000000000000000000, 0.0000000000000000000 ) ) ;
#3880 = CARTESIAN_POINT ( 'NONE',  ( 14.59824227949561000, 7.799999999999999800, 20.00000000000000000 ) ) ;
#3881 = DIRECTION ( 'NONE',  ( 1.000000000000000000, 0.0000000000000000000, 0.0000000000000000000 ) ) ;
#3882 = DIRECTION ( 'NONE',  ( 0.0000000000000000000, 0.0000000000000000000, 1.000000000000000000 ) ) ;
#3883 = CARTESIAN_POINT ( 'NONE',  ( 0.0000000000000000000, 0.0000000000000000000, 14.69999999999999900 ) ) ;
#3884 = DIRECTION ( 'NONE',  ( -0.0000000000000000000, -0.0000000000000000000, -1.000000000000000000 ) ) ;
#3885 = DIRECTION ( 'NONE',  ( 1.000000000000000000, 0.0000000000000000000, 0.0000000000000000000 ) ) ;
#3886 = DIRECTION ( 'NONE',  ( 0.0000000000000000000, 0.0000000000000000000, 1.000000000000000000 ) ) ;
#3887 = CARTESIAN_POINT ( 'NONE',  ( -14.33263750724828400, -19.69038621738117800, 20.00000000000000000 ) ) ;
#3888 = CARTESIAN_POINT ( 'NONE',  ( 0.0000000000000000000, 0.0000000000000000000, 14.69999999999999900 ) ) ;
#3889 = DIRECTION ( 'NONE',  ( 1.000000000000000000, 0.0000000000000000000, 0.0000000000000000000 ) ) ;
#3890 = DIRECTION ( 'NONE',  ( 0.0000000000000000000, 0.0000000000000000000, 1.000000000000000000 ) ) ;
#3891 = CARTESIAN_POINT ( 'NONE',  ( 0.0000000000000000000, 0.0000000000000000000, 14.69999999999999900 ) ) ;
#3892 = DIRECTION ( 'NONE',  ( 1.000000000000000000, 0.0000000000000000000, 0.0000000000000000000 ) ) ;
#3893 = DIRECTION ( 'NONE',  ( 0.0000000000000000000, 0.0000000000000000000, 1.000000000000000000 ) ) ;
#3894 = CARTESIAN_POINT ( 'NONE',  ( -14.63186493297585900, -17.71640376915797800, 14.69999999999999900 ) ) ;
#3895 = CARTESIAN_POINT ( 'NONE',  ( 0.0000000000000000000, 0.0000000000000000000, 14.69999999999999900 ) ) ;
#3896 = DIRECTION ( 'NONE',  ( 1.000000000000000000, 0.0000000000000000000, 0.0000000000000000000 ) ) ;
#3897 = CARTESIAN_POINT ( 'NONE',  ( -14.47714952010670900, -18.02077079298517900, 14.70143858728650500 ) ) ;
#3898 = DIRECTION ( 'NONE',  ( 0.0000000000000000000, 0.0000000000000000000, 1.000000000000000000 ) ) ;
#3899 = CARTESIAN_POINT ( 'NONE',  ( 0.0000000000000000000, 0.0000000000000000000, 14.69999999999999900 ) ) ;
#3900 = DIRECTION ( 'NONE',  ( 1.000000000000000000, 0.0000000000000000000, 0.0000000000000000000 ) ) ;
#3901 = DIRECTION ( 'NONE',  ( 0.0000000000000000000, 0.0000000000000000000, 1.000000000000000000 ) ) ;
#3902 = CARTESIAN_POINT ( 'NONE',  ( -14.37371892048434300, -18.34361301588530700, 14.70569998537438200 ) ) ;
#3903 = CARTESIAN_POINT ( 'NONE',  ( 0.0000000000000000000, 0.0000000000000000000, 14.69999999999999900 ) ) ;
#3904 = DIRECTION ( 'NONE',  ( 1.000000000000000000, 0.0000000000000000000, 0.0000000000000000000 ) ) ;
#3905 = DIRECTION ( 'NONE',  ( 0.0000000000000000000, 0.0000000000000000000, 1.000000000000000000 ) ) ;
#3906 = CARTESIAN_POINT ( 'NONE',  ( -14.27179811498820600, -19.01879457440744400, 14.73499078279574300 ) ) ;
#3907 = CARTESIAN_POINT ( 'NONE',  ( 0.0000000000000000000, 0.0000000000000000000, 14.69999999999999900 ) ) ;
#3908 = DIRECTION ( 'NONE',  ( 1.000000000000000000, 0.0000000000000000000, 0.0000000000000000000 ) ) ;
#3909 = DIRECTION ( 'NONE',  ( 0.0000000000000000000, 0.0000000000000000000, 1.000000000000000000 ) ) ;
#3910 = CARTESIAN_POINT ( 'NONE',  ( 0.0000000000000000000, 0.0000000000000000000, 14.69999999999999900 ) ) ;
#3911 = DIRECTION ( 'NONE',  ( 1.000000000000000000, 0.0000000000000000000, 0.0000000000000000000 ) ) ;
#3912 = CARTESIAN_POINT ( 'NONE',  ( -14.27533888322128600, -19.35538255400292600, 14.75947069959087100 ) ) ;
#3913 = CARTESIAN_POINT ( 'NONE',  ( -14.33263750724821200, -19.69038621738118900, 14.80119978596191300 ) ) ;
#3914 = DIRECTION ( 'NONE',  ( 0.0000000000000000000, 0.0000000000000000000, 1.000000000000000000 ) ) ;
#3915 = CARTESIAN_POINT ( 'NONE',  ( 0.0000000000000000000, 0.0000000000000000000, 14.69999999999999900 ) ) ;
#3916 = DIRECTION ( 'NONE',  ( 1.000000000000000000, 0.0000000000000000000, 0.0000000000000000000 ) ) ;
#3917 = DIRECTION ( 'NONE',  ( 0.0000000000000000000, 0.0000000000000000000, 1.000000000000000000 ) ) ;
#3918 = CARTESIAN_POINT ( 'NONE',  ( 0.0000000000000000000, 0.0000000000000000000, 14.69999999999999900 ) ) ;
#3919 = DIRECTION ( 'NONE',  ( 1.000000000000000000, 0.0000000000000000000, 0.0000000000000000000 ) ) ;
#3920 = DIRECTION ( 'NONE',  ( 0.0000000000000000000, 0.0000000000000000000, 1.000000000000000000 ) ) ;
#3921 = CARTESIAN_POINT ( 'NONE',  ( -18.28394155154714400, -16.08829663589915500, 14.80119978596546600 ) ) ;
#3922 = CARTESIAN_POINT ( 'NONE',  ( 0.0000000000000000000, 0.0000000000000000000, 14.69999999999999900 ) ) ;
#3923 = DIRECTION ( 'NONE',  ( 1.000000000000000000, 0.0000000000000000000, 0.0000000000000000000 ) ) ;
#3924 = DIRECTION ( 'NONE',  ( 0.0000000000000000000, 0.0000000000000000000, 1.000000000000000000 ) ) ;
#3925 = CARTESIAN_POINT ( 'NONE',  ( -17.95565650606833000, -16.00033292307269400, 14.75947104295821600 ) ) ;
#3926 = CARTESIAN_POINT ( 'NONE',  ( 0.0000000000000000000, 0.0000000000000000000, 14.69999999999999900 ) ) ;
#3927 = DIRECTION ( 'NONE',  ( 1.000000000000000000, 0.0000000000000000000, 0.0000000000000000000 ) ) ;
#3928 = DIRECTION ( 'NONE',  ( 0.0000000000000000000, 0.0000000000000000000, 1.000000000000000000 ) ) ;
#3929 = CARTESIAN_POINT ( 'NONE',  ( 0.0000000000000000000, 0.0000000000000000000, 14.69999999999999900 ) ) ;
#3930 = CARTESIAN_POINT ( 'NONE',  ( -17.62061563143466400, -15.96569024669710200, 14.73496824833548600 ) ) ;
#3931 = DIRECTION ( 'NONE',  ( 1.000000000000000000, 0.0000000000000000000, 0.0000000000000000000 ) ) ;
#3932 = DIRECTION ( 'NONE',  ( 0.0000000000000000000, 0.0000000000000000000, 1.000000000000000000 ) ) ;
#3933 = CARTESIAN_POINT ( 'NONE',  ( 0.0000000000000000000, 0.0000000000000000000, 14.69999999999999900 ) ) ;
#3934 = CARTESIAN_POINT ( 'NONE',  ( -16.93799964791274000, -16.00507505914546200, 14.70566514206558400 ) ) ;
#3935 = DIRECTION ( 'NONE',  ( 1.000000000000000000, 0.0000000000000000000, 0.0000000000000000000 ) ) ;
#3936 = DIRECTION ( 'NONE',  ( 0.0000000000000000000, 0.0000000000000000000, 1.000000000000000000 ) ) ;
#3937 = CARTESIAN_POINT ( 'NONE',  ( -16.60809066581675000, -16.07814898124017900, 14.70143847912402900 ) ) ;
#3938 = CARTESIAN_POINT ( 'NONE',  ( 0.0000000000000000000, 0.0000000000000000000, 14.69999999999999900 ) ) ;
#3939 = CARTESIAN_POINT ( 'NONE',  ( -16.29077054073848500, -16.20411148806656600, 14.69999999999999900 ) ) ;
#3940 = DIRECTION ( 'NONE',  ( 1.000000000000000000, 0.0000000000000000000, 0.0000000000000000000 ) ) ;
#3941 = DIRECTION ( 'NONE',  ( 0.0000000000000000000, 0.0000000000000000000, 1.000000000000000000 ) ) ;
#3942 = CARTESIAN_POINT ( 'NONE',  ( 0.0000000000000000000, 0.0000000000000000000, 14.69999999999999900 ) ) ;
#3943 = DIRECTION ( 'NONE',  ( 1.000000000000000000, 0.0000000000000000000, 0.0000000000000000000 ) ) ;
#3944 = DIRECTION ( 'NONE',  ( 0.0000000000000000000, 0.0000000000000000000, 1.000000000000000000 ) ) ;
#3945 = CARTESIAN_POINT ( 'NONE',  ( 0.0000000000000000000, 0.0000000000000000000, 14.69999999999999900 ) ) ;
#3946 = DIRECTION ( 'NONE',  ( 1.000000000000000000, 0.0000000000000000000, 0.0000000000000000000 ) ) ;
#3947 = DIRECTION ( 'NONE',  ( 0.0000000000000000000, 0.0000000000000000000, 1.000000000000000000 ) ) ;
#3948 = CARTESIAN_POINT ( 'NONE',  ( 0.0000000000000000000, 0.0000000000000000000, 14.69999999999999900 ) ) ;
#3949 = CARTESIAN_POINT ( 'NONE',  ( 7.075923620735456300, 23.30380038142567400, 19.89880021403805800 ) ) ;
#3950 = CARTESIAN_POINT ( 'NONE',  ( 7.550421591669008900, 23.80846606230293400, 19.81375021894072900 ) ) ;
#3951 = DIRECTION ( 'NONE',  ( 1.000000000000000000, 0.0000000000000000000, 0.0000000000000000000 ) ) ;
#3952 = CARTESIAN_POINT ( 'NONE',  ( 8.035639222180453300, 24.28058231650491900, 19.67825455682219600 ) ) ;
#3953 = CARTESIAN_POINT ( 'NONE',  ( 9.024117416357354300, 25.16674637726225300, 19.31432900604108500 ) ) ;
#3954 = DIRECTION ( 'NONE',  ( -0.0000000000000000000, -0.0000000000000000000, -1.000000000000000000 ) ) ;
#3955 = CARTESIAN_POINT ( 'NONE',  ( 9.527408200029968900, 25.58074357561111600, 19.08585752714259300 ) ) ;
#3956 = CARTESIAN_POINT ( 'NONE',  ( 10.03748867747319000, 25.96755639474379200, 18.80937500000001700 ) ) ;
#3957 = CARTESIAN_POINT ( 'NONE',  ( -17.46219108331877100, -19.15511113435946900, 14.69999999999999900 ) ) ;
#3958 = CARTESIAN_POINT ( 'NONE',  ( 10.03748867747319000, 25.96755639474379200, 15.89062500000004600 ) ) ;
#3959 = CARTESIAN_POINT ( 'NONE',  ( 9.527408798400266200, 25.58074402937735300, 15.61414279719628200 ) ) ;
#3960 = CARTESIAN_POINT ( 'NONE',  ( 9.024118298951508500, 25.16674712445795600, 15.38567137049824600 ) ) ;
#3961 = CARTESIAN_POINT ( 'NONE',  ( 8.035640092536212400, 24.28058314081696200, 15.02174571201773500 ) ) ;
#3962 = CARTESIAN_POINT ( 'NONE',  ( 7.550422165932928000, 23.80846667307749700, 14.88624988399151400 ) ) ;
#3963 = CARTESIAN_POINT ( 'NONE',  ( -18.28394155151936900, -16.08829663589171200, 19.89880021403804700 ) ) ;
#3964 = CARTESIAN_POINT ( 'NONE',  ( 7.075923620754397600, 23.30380038144582100, 14.80119978596532000 ) ) ;
#3965 = CARTESIAN_POINT ( 'NONE',  ( -18.95304017110005600, -16.26758107066506300, 19.81375021030861200 ) ) ;
#3966 = DIRECTION ( 'NONE',  ( 1.000000000000000000, 0.0000000000000000000, 0.0000000000000000000 ) ) ;
#3967 = DIRECTION ( 'NONE',  ( -0.0000000000000000000, -0.0000000000000000000, 1.000000000000000000 ) ) ;
#3968 = CARTESIAN_POINT ( 'NONE',  ( 0.0000000000000000000, 0.0000000000000000000, 18.80937500000001700 ) ) ;
#3969 = DIRECTION ( 'NONE',  ( 1.000000000000000000, 0.0000000000000000000, 0.0000000000000000000 ) ) ;
#3970 = DIRECTION ( 'NONE',  ( -0.0000000000000000000, -0.0000000000000000000, 1.000000000000000000 ) ) ;
#3971 = CARTESIAN_POINT ( 'NONE',  ( -19.61411772641763600, -16.41354823548552500, 19.67825453428997000 ) ) ;
#3972 = CARTESIAN_POINT ( 'NONE',  ( -20.92104408593559800, -16.64661338524128500, 19.31432897451776000 ) ) ;
#3973 = CARTESIAN_POINT ( 'NONE',  ( -21.56689194176676900, -16.73365243325024200, 19.08585750003253500 ) ) ;
#3974 = CARTESIAN_POINT ( 'NONE',  ( -22.20420175080443700, -16.79400454549703500, 18.80937500000001700 ) ) ;
#3975 = CARTESIAN_POINT ( 'NONE',  ( 0.0000000000000000000, 0.0000000000000000000, 15.89062500000004600 ) ) ;
#3976 = DIRECTION ( 'NONE',  ( -0.0000000000000000000, -0.0000000000000000000, -1.000000000000000000 ) ) ;
#3977 = CARTESIAN_POINT ( 'NONE',  ( 10.03749600913578600, 25.96756195461143300, 20.00000000000000000 ) ) ;
#3978 = CARTESIAN_POINT ( 'NONE',  ( 10.07643147388168400, 25.95246987892998900, 18.80937500000001700 ) ) ;
#3979 = CARTESIAN_POINT ( 'NONE',  ( 10.19279587151558400, 25.32297111276638200, 19.08585748249582500 ) ) ;
#3980 = CARTESIAN_POINT ( 'NONE',  ( 10.28582413787067700, 24.67795873940465900, 19.31432895415230900 ) ) ;
#3981 = CARTESIAN_POINT ( 'NONE',  ( 10.41931347895339500, 23.35714214996818300, 19.67825451974634300 ) ) ;
#3982 = CARTESIAN_POINT ( 'NONE',  ( 10.45983098128048600, 22.68135497503917400, 19.81375020473956600 ) ) ;
#3983 = CARTESIAN_POINT ( 'NONE',  ( 10.47049814407927400, 21.98873520509564700, 19.89880021403478900 ) ) ;
#3984 = CARTESIAN_POINT ( 'NONE',  ( -22.20420175080443700, -16.79400454549703500, 15.89062500000004600 ) ) ;
#3985 = CARTESIAN_POINT ( 'NONE',  ( 10.47049814407968400, 21.98873520506899100, 14.80119978596192400 ) ) ;
#3986 = CARTESIAN_POINT ( 'NONE',  ( -21.56689294491932800, -16.73365252824702100, 15.61414293516258700 ) ) ;
#3987 = CARTESIAN_POINT ( 'NONE',  ( 10.45983096408251200, 22.68135609170509800, 14.88624993238102300 ) ) ;
#3988 = CARTESIAN_POINT ( 'NONE',  ( -20.92104562064408000, -16.64661361422732400, 15.38567153073409300 ) ) ;
#3989 = CARTESIAN_POINT ( 'NONE',  ( 10.41931336190534000, 23.35714374256335900, 15.02174583838321800 ) ) ;
#3990 = CARTESIAN_POINT ( 'NONE',  ( 10.28582393957074200, 24.67796026703405200, 15.38567154743606500 ) ) ;
#3991 = CARTESIAN_POINT ( 'NONE',  ( 10.19279568968841000, 25.32297209643577700, 15.61414294954330700 ) ) ;
#3992 = CARTESIAN_POINT ( 'NONE',  ( 10.07643147388168400, 25.95246987892998900, 15.89062500000004600 ) ) ;
#3993 = DIRECTION ( 'NONE',  ( -0.0000000000000000000, -0.0000000000000000000, -1.000000000000000000 ) ) ;
#3994 = CARTESIAN_POINT ( 'NONE',  ( 10.07643430762570500, 25.95247717741224500, 20.00000000000000000 ) ) ;
#3995 = CARTESIAN_POINT ( 'NONE',  ( 13.03589154208757100, 18.92162692877001400, 20.00000000000000000 ) ) ;
#3996 = CARTESIAN_POINT ( 'NONE',  ( -19.61411930166903900, -16.41354856110084600, 15.02174582645501200 ) ) ;
#3997 = CARTESIAN_POINT ( 'NONE',  ( -18.95304125772202000, -16.26758136182453600, 14.88624992781332400 ) ) ;
#3998 = CARTESIAN_POINT ( 'NONE',  ( 13.37097950002601400, 18.85611165400042600, 19.99856141242592100 ) ) ;
#3999 = CARTESIAN_POINT ( 'NONE',  ( 13.70980183401972700, 18.84497937313949800, 19.99430003815676600 ) ) ;
#4000 = CARTESIAN_POINT ( 'NONE',  ( 14.38710157771387600, 18.93172159267584600, 19.96500921335873000 ) ) ;
#4001 = CARTESIAN_POINT ( 'NONE',  ( -18.28394155154714400, -16.08829663589915500, 14.80119978596546600 ) ) ;
#4002 = CARTESIAN_POINT ( 'NONE',  ( 14.70987159559184900, 19.02723898381158600, 19.94052926708317500 ) ) ;
#4003 = CARTESIAN_POINT ( 'NONE',  ( 15.01640595200115100, 19.17402825669456200, 19.89880021403806200 ) ) ;
#4004 = DIRECTION ( 'NONE',  ( 1.000000000000000000, 0.0000000000000000000, 0.0000000000000000000 ) ) ;
#4005 = DIRECTION ( 'NONE',  ( -0.0000000000000000000, -0.0000000000000000000, -1.000000000000000000 ) ) ;
#4006 = CARTESIAN_POINT ( 'NONE',  ( 13.64512166178107400, 22.03762815811159100, 20.00000000000000000 ) ) ;
#4007 = CARTESIAN_POINT ( 'NONE',  ( 10.47049814407927400, 21.98873520509564700, 19.89880021403478900 ) ) ;
#4008 = CARTESIAN_POINT ( 'NONE',  ( 10.47573185805450200, 21.64890972011701500, 19.94052896898952600 ) ) ;
#4009 = CARTESIAN_POINT ( 'NONE',  ( 10.53409996182017500, 21.31717836934869900, 19.96503175918078200 ) ) ;
#4010 = CARTESIAN_POINT ( 'NONE',  ( 10.75878801604829100, 20.67139904069864200, 19.99433485888818800 ) ) ;
#4011 = DIRECTION ( 'NONE',  ( -0.0000000000000000000, -0.0000000000000000000, -1.000000000000000000 ) ) ;
#4012 = CARTESIAN_POINT ( 'NONE',  ( 10.91935625395938200, 20.37408178545961900, 19.99856152101461500 ) ) ;
#4013 = CARTESIAN_POINT ( 'NONE',  ( -18.28394155151936900, -16.08829663589171200, 20.00000000000000000 ) ) ;
#4014 = CARTESIAN_POINT ( 'NONE',  ( 11.12734897729897400, 20.10334645440973100, 20.00000000000000000 ) ) ;
#4015 = DIRECTION ( 'NONE',  ( -0.0000000000000000000, -0.0000000000000000000, -1.000000000000000000 ) ) ;
#4016 = CARTESIAN_POINT ( 'NONE',  ( 10.47049814407969700, 21.98873520506899100, 20.00000000000000000 ) ) ;
#4017 = CARTESIAN_POINT ( 'NONE',  ( 11.12734897729701400, 20.10334645441227900, 14.69999999999999900 ) ) ;
#4018 = CARTESIAN_POINT ( 'NONE',  ( 10.91934060083101000, 20.37410216047535600, 14.70143858724253300 ) ) ;
#4019 = CARTESIAN_POINT ( 'NONE',  ( 10.75834895801502700, 20.67244216014716000, 14.70569998897228300 ) ) ;
#4020 = CARTESIAN_POINT ( 'NONE',  ( 10.53409931216655700, 21.31739944968222400, 14.73499078220757100 ) ) ;
#4021 = CARTESIAN_POINT ( 'NONE',  ( 10.47573190026398600, 21.64890697963694100, 14.75947069449500000 ) ) ;
#4022 = CARTESIAN_POINT ( 'NONE',  ( 10.47049814407968400, 21.98873520506899100, 14.80119978596192400 ) ) ;
#4023 = DIRECTION ( 'NONE',  ( 1.000000000000000000, 0.0000000000000000000, 0.0000000000000000000 ) ) ;
#4024 = CARTESIAN_POINT ( 'NONE',  ( 15.01640595201550900, 19.17402825670144000, 14.80119978596387800 ) ) ;
#4025 = CARTESIAN_POINT ( 'NONE',  ( 14.70987405647375500, 19.02724016224550900, 14.75947106792031600 ) ) ;
#4026 = CARTESIAN_POINT ( 'NONE',  ( 14.38690354477421900, 18.93162371241663800, 14.73496826403906100 ) ) ;
#4027 = CARTESIAN_POINT ( 'NONE',  ( 13.70867333755801500, 18.84490750589041100, 14.70566514405819400 ) ) ;
#4028 = CARTESIAN_POINT ( 'NONE',  ( 13.37095430638565000, 18.85611657977693100, 14.70143847941365500 ) ) ;
#4029 = CARTESIAN_POINT ( 'NONE',  ( 13.03589154209072600, 18.92162692876939900, 14.69999999999999900 ) ) ;
#4030 = DIRECTION ( 'NONE',  ( 1.000000000000000000, 0.0000000000000000000, 0.0000000000000000000 ) ) ;
#4031 = DIRECTION ( 'NONE',  ( -0.0000000000000000000, -0.0000000000000000000, -1.000000000000000000 ) ) ;
#4032 = CARTESIAN_POINT ( 'NONE',  ( 13.64512166178107400, 22.03762815811159100, 14.69999999999999900 ) ) ;
#4033 = DIRECTION ( 'NONE',  ( -0.0000000000000000000, -0.0000000000000000000, 1.000000000000000000 ) ) ;
#4034 = CARTESIAN_POINT ( 'NONE',  ( 15.01640595200115100, 19.17402825669456200, 19.89880021403806200 ) ) ;
#4035 = CARTESIAN_POINT ( 'NONE',  ( 0.0000000000000000000, 0.0000000000000000000, 18.80937500000001700 ) ) ;
#4036 = CARTESIAN_POINT ( 'NONE',  ( 15.64116843715723500, 19.47320656738992600, 19.81375021445869700 ) ) ;
#4037 = CARTESIAN_POINT ( 'NONE',  ( 16.26416848045934000, 19.73816104216536300, 19.67825454512617300 ) ) ;
#4038 = CARTESIAN_POINT ( 'NONE',  ( 17.50601632693159000, 20.20740490631668300, 19.31432898968693100 ) ) ;
#4039 = CARTESIAN_POINT ( 'NONE',  ( 18.12487402756671900, 20.41163618811524900, 19.08585751308891100 ) ) ;
#4040 = CARTESIAN_POINT ( 'NONE',  ( 18.74024278355052400, 20.58806606940497000, 18.80937500000001700 ) ) ;
#4041 = CARTESIAN_POINT ( 'NONE',  ( 18.74024278355052400, 20.58806606940497000, 15.89062500000004600 ) ) ;
#4042 = CARTESIAN_POINT ( 'NONE',  ( 18.12487495835921100, 20.41163645497900000, 15.61414290511210500 ) ) ;
#4043 = CARTESIAN_POINT ( 'NONE',  ( 17.50601773616096700, 20.20740539360231800, 15.38567149583306600 ) ) ;
#4044 = CARTESIAN_POINT ( 'NONE',  ( 16.26416991091851800, 19.73816162788261500, 15.02174580152937200 ) ) ;
#4045 = CARTESIAN_POINT ( 'NONE',  ( 15.64116941214792600, 19.47320703428107100, 14.88624991826846700 ) ) ;
#4046 = DIRECTION ( 'NONE',  ( 1.000000000000000000, 0.0000000000000000000, 0.0000000000000000000 ) ) ;
#4047 = CARTESIAN_POINT ( 'NONE',  ( 15.01640595201550900, 19.17402825670144000, 14.80119978596387800 ) ) ;
#4048 = DIRECTION ( 'NONE',  ( -0.0000000000000000000, -0.0000000000000000000, -1.000000000000000000 ) ) ;
#4049 = DIRECTION ( 'NONE',  ( -0.0000000000000000000, -0.0000000000000000000, 1.000000000000000000 ) ) ;
#4050 = CARTESIAN_POINT ( 'NONE',  ( 15.01640595200115200, 19.17402825669456200, 20.00000000000000000 ) ) ;
#4051 = DIRECTION ( 'NONE',  ( 1.000000000000000000, 0.0000000000000000000, 0.0000000000000000000 ) ) ;
#4052 = CARTESIAN_POINT ( 'NONE',  ( 0.0000000000000000000, 0.0000000000000000000, 15.89062500000004600 ) ) ;
#4053 = DIRECTION ( 'NONE',  ( -0.0000000000000000000, -0.0000000000000000000, 1.000000000000000000 ) ) ;
#4054 = CARTESIAN_POINT ( 'NONE',  ( 0.0000000000000000000, 0.0000000000000000000, 18.80937500000001700 ) ) ;
#4055 = DIRECTION ( 'NONE',  ( 1.000000000000000000, 0.0000000000000000000, 0.0000000000000000000 ) ) ;
#4056 = DIRECTION ( 'NONE',  ( -0.0000000000000000000, -0.0000000000000000000, 1.000000000000000000 ) ) ;
#4057 = CARTESIAN_POINT ( 'NONE',  ( 0.0000000000000000000, 0.0000000000000000000, 15.89062500000004600 ) ) ;
#4058 = DIRECTION ( 'NONE',  ( -0.0000000000000000000, -0.0000000000000000000, -1.000000000000000000 ) ) ;
#4059 = DIRECTION ( 'NONE',  ( -0.0000000000000000000, -0.0000000000000000000, -1.000000000000000000 ) ) ;
#4060 = CARTESIAN_POINT ( 'NONE',  ( 18.74025162857811800, 20.58806860532513000, 20.00000000000000000 ) ) ;
#4061 = CARTESIAN_POINT ( 'NONE',  ( 18.77110598162724000, 20.55993055170954900, 18.80937500000001700 ) ) ;
#4062 = CARTESIAN_POINT ( 'NONE',  ( -22.20421091120271500, -16.79400541296877600, 20.00000000000000000 ) ) ;
#4063 = CARTESIAN_POINT ( 'NONE',  ( 18.65221135755634700, 19.93090471094705400, 19.08585750622434300 ) ) ;
#4064 = CARTESIAN_POINT ( 'NONE',  ( 18.50595227806210400, 19.29584287101032200, 19.31432898171096800 ) ) ;
#4065 = CARTESIAN_POINT ( 'NONE',  ( 18.15329339058886800, 18.01599616749589600, 19.67825453942821000 ) ) ;
#4066 = CARTESIAN_POINT ( 'NONE',  ( 17.94695235558211600, 17.37120681019822800, 19.81375021227641000 ) ) ;
#4067 = CARTESIAN_POINT ( 'NONE',  ( 17.70669609022192500, 16.72150474310438600, 19.89880021403433500 ) ) ;
#4068 = CARTESIAN_POINT ( 'NONE',  ( 17.70669609021138400, 16.72150474307588700, 14.80119978596192400 ) ) ;
#4069 = CARTESIAN_POINT ( 'NONE',  ( -22.22936955647395900, -16.76067699069194800, 18.80937500000001700 ) ) ;
#4070 = CARTESIAN_POINT ( 'NONE',  ( 17.94695273997593400, 17.37120784967772400, 14.88624992379783900 ) ) ;
#4071 = CARTESIAN_POINT ( 'NONE',  ( 18.15329385319994100, 18.01599768317642600, 15.02174581596889900 ) ) ;
#4072 = CARTESIAN_POINT ( 'NONE',  ( 18.50595264219751700, 19.29584435570476600, 15.38567151605139200 ) ) ;
#4073 = CARTESIAN_POINT ( 'NONE',  ( 18.65221154193324400, 19.93090568638013200, 15.61414292252047900 ) ) ;
#4074 = CARTESIAN_POINT ( 'NONE',  ( -21.99691613192144900, -16.16420830808998200, 19.08585752104370700 ) ) ;
#4075 = CARTESIAN_POINT ( 'NONE',  ( 18.77110598162724000, 20.55993055170954900, 15.89062500000004600 ) ) ;
#4076 = DIRECTION ( 'NONE',  ( -0.0000000000000000000, -0.0000000000000000000, -1.000000000000000000 ) ) ;
#4077 = CARTESIAN_POINT ( 'NONE',  ( 18.77111126053073400, 20.55993633367516100, 20.00000000000000000 ) ) ;
#4078 = CARTESIAN_POINT ( 'NONE',  ( -21.73645507496284100, -15.56683462192965300, 19.31432899893063400 ) ) ;
#4079 = CARTESIAN_POINT ( 'NONE',  ( 17.63811027734991300, 14.72615020202927900, 14.69999999999999900 ) ) ;
#4080 = CARTESIAN_POINT ( 'NONE',  ( 17.55237742010123400, 15.01825764961541600, 14.70128267634531800 ) ) ;
#4081 = CARTESIAN_POINT ( 'NONE',  ( 17.50960653110383100, 15.31634613418853700, 14.70482581944904900 ) ) ;
#4082 = CARTESIAN_POINT ( 'NONE',  ( 17.50960653110382000, 15.62028977495018700, 14.71593824609358600 ) ) ;
#4083 = CARTESIAN_POINT ( 'NONE',  ( -21.15462965700182400, -14.37358064072641300, 19.67825455173033300 ) ) ;
#4084 = DIRECTION ( 'NONE',  ( 1.000000000000000000, 0.0000000000000000000, 0.0000000000000000000 ) ) ;
#4085 = DIRECTION ( 'NONE',  ( -0.0000000000000000000, -0.0000000000000000000, -1.000000000000000000 ) ) ;
#4086 = CARTESIAN_POINT ( 'NONE',  ( -20.83332224241457100, -13.77768512892083800, 19.81375021698814000 ) ) ;
#4087 = CARTESIAN_POINT ( 'NONE',  ( 20.68460653110381400, 15.62028977495031200, 14.69999999999999900 ) ) ;
#4088 = CARTESIAN_POINT ( 'NONE',  ( 20.92883945069814500, 12.45469736894059500, 14.80119978596523600 ) ) ;
#4089 = CARTESIAN_POINT ( 'NONE',  ( -20.47777437467256000, -13.18319247999447100, 19.89880021403591900 ) ) ;
#4090 = CARTESIAN_POINT ( 'NONE',  ( 20.58998070300672400, 12.42855361741982500, 14.75947103198090600 ) ) ;
#4091 = CARTESIAN_POINT ( 'NONE',  ( 20.25427893298393700, 12.45606442335083500, 14.73496824142971600 ) ) ;
#4092 = CARTESIAN_POINT ( 'NONE',  ( 19.59052278184076100, 12.62020899820330800, 14.70566514118930900 ) ) ;
#4093 = CARTESIAN_POINT ( 'NONE',  ( 19.27965845872691400, 12.75265930569706000, 14.70143847899666600 ) ) ;
#4094 = CARTESIAN_POINT ( 'NONE',  ( 18.99088688724707900, 12.93478446532722800, 14.69999999999999900 ) ) ;
#4095 = CARTESIAN_POINT ( 'NONE',  ( -20.47777437466354700, -13.18319247997940200, 14.80119978596191100 ) ) ;
#4096 = CARTESIAN_POINT ( 'NONE',  ( 18.99088688724436100, 12.93478446532894400, 20.00000000000000000 ) ) ;
#4097 = CARTESIAN_POINT ( 'NONE',  ( 19.27968019059969200, 12.75264559963556700, 19.99856141274877400 ) ) ;
#4098 = CARTESIAN_POINT ( 'NONE',  ( -20.83332277718791300, -13.77768602308684200, 14.88624991093406000 ) ) ;
#4099 = CARTESIAN_POINT ( 'NONE',  ( 19.59160193829663000, 12.61986806772334200, 19.99430001174092600 ) ) ;
#4100 = CARTESIAN_POINT ( 'NONE',  ( 20.25449912547460200, 12.45608417468991300, 19.96500921767590600 ) ) ;
#4101 = CARTESIAN_POINT ( 'NONE',  ( 20.58997797064397500, 12.42855340661449000, 19.94052930449494500 ) ) ;
#4102 = CARTESIAN_POINT ( 'NONE',  ( -21.15463034631616400, -14.37358196143479100, 15.02174578237614000 ) ) ;
#4103 = CARTESIAN_POINT ( 'NONE',  ( 20.92883945067125500, 12.45469736893852000, 19.89880021403806200 ) ) ;
#4104 = DIRECTION ( 'NONE',  ( 1.000000000000000000, 0.0000000000000000000, 0.0000000000000000000 ) ) ;
#4105 = CARTESIAN_POINT ( 'NONE',  ( -21.73645566792713500, -15.56683593102081400, 15.38567146901460200 ) ) ;
#4106 = DIRECTION ( 'NONE',  ( -0.0000000000000000000, -0.0000000000000000000, -1.000000000000000000 ) ) ;
#4107 = CARTESIAN_POINT ( 'NONE',  ( 20.68460653110381400, 15.62028977495031200, 20.00000000000000000 ) ) ;
#4108 = CARTESIAN_POINT ( 'NONE',  ( -21.99691647080332000, -16.16420917763445800, 15.61414288202086300 ) ) ;
#4109 = CARTESIAN_POINT ( 'NONE',  ( 17.50960653110382000, 15.62028977494749200, 19.98406175390649500 ) ) ;
#4110 = CARTESIAN_POINT ( 'NONE',  ( 17.50960653110408700, 15.31651940834285800, 19.99516784550694800 ) ) ;
#4111 = CARTESIAN_POINT ( 'NONE',  ( 17.55232868831762300, 15.01842368767001400, 19.99871659456308800 ) ) ;
#4112 = CARTESIAN_POINT ( 'NONE',  ( 17.63811027735082200, 14.72615020202619500, 20.00000000000000000 ) ) ;
#4113 = CARTESIAN_POINT ( 'NONE',  ( 20.92883945067125500, 12.45469736893852000, 19.89880021403806200 ) ) ;
#4114 = CARTESIAN_POINT ( 'NONE',  ( 21.61948885312284200, 12.50798259910202700, 19.81375020662331800 ) ) ;
#4115 = CARTESIAN_POINT ( 'NONE',  ( 22.29613171593475200, 12.52999171203650300, 19.67825452466610500 ) ) ;
#4116 = CARTESIAN_POINT ( 'NONE',  ( 23.62363077794865500, 12.51894139400227100, 19.31432896104237400 ) ) ;
#4117 = CARTESIAN_POINT ( 'NONE',  ( 24.27447521522066900, 12.48582420381863000, 19.08585748842996900 ) ) ;
#4118 = CARTESIAN_POINT ( 'NONE',  ( 24.91202325843929100, 12.42804333898065700, 18.80937500000001700 ) ) ;
#4119 = CARTESIAN_POINT ( 'NONE',  ( 24.91202325843929100, 12.42804333898065700, 15.89062500000004600 ) ) ;
#4120 = CARTESIAN_POINT ( 'NONE',  ( 24.27447622246299400, 12.48582411253244100, 15.61414294837609700 ) ) ;
#4121 = CARTESIAN_POINT ( 'NONE',  ( 23.62363233434384600, 12.51894133687665800, 15.38567154608044900 ) ) ;
#4122 = CARTESIAN_POINT ( 'NONE',  ( 22.29613333015295500, 12.52999174276929900, 15.02174583741507000 ) ) ;
#4123 = CARTESIAN_POINT ( 'NONE',  ( 21.61948997889845700, 12.50798268595827000, 14.88624993201028300 ) ) ;
#4124 = CARTESIAN_POINT ( 'NONE',  ( 20.92883945069814500, 12.45469736894059500, 14.80119978596523600 ) ) ;
#4125 = DIRECTION ( 'NONE',  ( -0.0000000000000000000, -0.0000000000000000000, -1.000000000000000000 ) ) ;
#4126 = CARTESIAN_POINT ( 'NONE',  ( 20.92883945067125500, 12.45469736893852000, 20.00000000000000000 ) ) ;
#4127 = DIRECTION ( 'NONE',  ( 1.000000000000000000, 0.0000000000000000000, 0.0000000000000000000 ) ) ;
#4128 = DIRECTION ( 'NONE',  ( -0.0000000000000000000, -0.0000000000000000000, 1.000000000000000000 ) ) ;
#4129 = CARTESIAN_POINT ( 'NONE',  ( 0.0000000000000000000, 0.0000000000000000000, 18.80937500000001700 ) ) ;
#4130 = DIRECTION ( 'NONE',  ( -1.000000000000000000, 0.0000000000000000000, 0.0000000000000000000 ) ) ;
#4131 = DIRECTION ( 'NONE',  ( -0.0000000000000000000, -0.0000000000000000000, -1.000000000000000000 ) ) ;
#4132 = CARTESIAN_POINT ( 'NONE',  ( 17.46219108331874600, -19.15511113435949000, 20.00000000000000000 ) ) ;
#4133 = DIRECTION ( 'NONE',  ( -1.000000000000000000, 0.0000000000000000000, 0.0000000000000000000 ) ) ;
#4134 = DIRECTION ( 'NONE',  ( -0.0000000000000000000, -0.0000000000000000000, -1.000000000000000000 ) ) ;
#4135 = CARTESIAN_POINT ( 'NONE',  ( 23.20263251192320200, -11.55353818172788400, 20.00000000000000000 ) ) ;
#4136 = DIRECTION ( 'NONE',  ( -1.000000000000000000, 0.0000000000000000000, 0.0000000000000000000 ) ) ;
#4137 = CARTESIAN_POINT ( 'NONE',  ( -22.22936955647395900, -16.76067699069194800, 15.89062500000004600 ) ) ;
#4138 = DIRECTION ( 'NONE',  ( -0.0000000000000000000, -0.0000000000000000000, -1.000000000000000000 ) ) ;
#4139 = CARTESIAN_POINT ( 'NONE',  ( 25.80942984956729100, -2.391595877288803500, 20.00000000000000000 ) ) ;
#4140 = DIRECTION ( 'NONE',  ( -1.000000000000000000, 0.0000000000000000000, 0.0000000000000000000 ) ) ;
#4141 = DIRECTION ( 'NONE',  ( -0.0000000000000000000, -0.0000000000000000000, -1.000000000000000000 ) ) ;
#4142 = CARTESIAN_POINT ( 'NONE',  ( 24.93052067103947100, 7.093344702668370700, 20.00000000000000000 ) ) ;
#4143 = DIRECTION ( 'NONE',  ( -0.0000000000000000000, -0.0000000000000000000, -1.000000000000000000 ) ) ;
#4144 = DIRECTION ( 'NONE',  ( -1.000000000000000000, 0.0000000000000000000, 0.0000000000000000000 ) ) ;
#4145 = DIRECTION ( 'NONE',  ( -0.0000000000000000000, -0.0000000000000000000, -1.000000000000000000 ) ) ;
#4146 = CARTESIAN_POINT ( 'NONE',  ( -22.22937580792748600, -16.76068170421263700, 20.00000000000000000 ) ) ;
#4147 = CARTESIAN_POINT ( 'NONE',  ( 20.68460653110381400, 15.62028977495031200, 20.00000000000000000 ) ) ;
#4148 = DIRECTION ( 'NONE',  ( -1.000000000000000000, 0.0000000000000000000, 0.0000000000000000000 ) ) ;
#4149 = DIRECTION ( 'NONE',  ( -0.0000000000000000000, -0.0000000000000000000, -1.000000000000000000 ) ) ;
#4150 = CARTESIAN_POINT ( 'NONE',  ( 0.0000000000000000000, 0.0000000000000000000, 14.69999999999999900 ) ) ;
#4151 = DIRECTION ( 'NONE',  ( 1.000000000000000000, 0.0000000000000000000, 0.0000000000000000000 ) ) ;
#4152 = DIRECTION ( 'NONE',  ( 1.000000000000000000, 0.0000000000000000000, 0.0000000000000000000 ) ) ;
#4153 = DIRECTION ( 'NONE',  ( 0.0000000000000000000, 0.0000000000000000000, 1.000000000000000000 ) ) ;
#4154 = DIRECTION ( 'NONE',  ( -0.0000000000000000000, -0.0000000000000000000, -1.000000000000000000 ) ) ;
#4155 = CARTESIAN_POINT ( 'NONE',  ( 0.0000000000000000000, 0.0000000000000000000, 0.2000000000000005100 ) ) ;
#4156 = DIRECTION ( 'NONE',  ( 1.000000000000000000, 0.0000000000000000000, 0.0000000000000000000 ) ) ;
#4157 = DIRECTION ( 'NONE',  ( -0.0000000000000000000, -0.0000000000000000000, 1.000000000000000000 ) ) ;
#4158 = CARTESIAN_POINT ( 'NONE',  ( -23.20263251192322000, -11.55353818172785900, 14.69999999999999900 ) ) ;
#4159 = CARTESIAN_POINT ( 'NONE',  ( 0.0000000000000000000, 0.0000000000000000000, 9.000613939483383100 ) ) ;
#4160 = DIRECTION ( 'NONE',  ( 1.000000000000000000, 0.0000000000000000000, 0.0000000000000000000 ) ) ;
#4161 = DIRECTION ( 'NONE',  ( -0.0000000000000000000, -0.0000000000000000000, 1.000000000000000000 ) ) ;
#4162 = CARTESIAN_POINT ( 'NONE',  ( 0.0000000000000000000, 0.0000000000000000000, 25.69938606051658800 ) ) ;
#4163 = DIRECTION ( 'NONE',  ( -1.000000000000000000, 0.0000000000000000000, 0.0000000000000000000 ) ) ;
#4164 = CARTESIAN_POINT ( 'NONE',  ( -22.86103082373376700, -8.396968320846255600, 14.80119978596525400 ) ) ;
#4165 = DIRECTION ( 'NONE',  ( -0.0000000000000000000, -0.0000000000000000000, -1.000000000000000000 ) ) ;
#4166 = CARTESIAN_POINT ( 'NONE',  ( 0.0000000000000000000, 0.0000000000000000000, 20.58291489492222600 ) ) ;
#4167 = DIRECTION ( 'NONE',  ( 0.0000000000000000000, 0.0000000000000000000, -1.000000000000000000 ) ) ;
#4168 = DIRECTION ( 'NONE',  ( -0.0000000000000000000, -1.000000000000000000, -0.0000000000000000000 ) ) ;
#4169 = CARTESIAN_POINT ( 'NONE',  ( -22.52313789629493000, -8.433534847021015000, 14.75947103295286800 ) ) ;
#4170 = CARTESIAN_POINT ( 'NONE',  ( 0.0000000000000000000, 27.84048434140092700, 6.999999999999895200 ) ) ;
#4171 = DIRECTION ( 'NONE',  ( -1.000000000000000000, 0.0000000000000000000, 0.0000000000000000000 ) ) ;
#4172 = DIRECTION ( 'NONE',  ( -0.0000000000000000000, -0.0000000000000000000, -1.000000000000000000 ) ) ;
#4173 = CARTESIAN_POINT ( 'NONE',  ( 0.0000000000000000000, 0.0000000000000000000, 20.58291489492222600 ) ) ;
#4174 = CARTESIAN_POINT ( 'NONE',  ( -22.19820718617888000, -8.522262264879151100, 14.73496824204118600 ) ) ;
#4175 = DIRECTION ( 'NONE',  ( -0.5000000000000036600, 0.8660254037844367100, 0.0000000000000000000 ) ) ;
#4176 = DIRECTION ( 'NONE',  ( 0.8660254037844363800, 0.5000000000000040000, -0.0000000000000000000 ) ) ;
#4177 = CARTESIAN_POINT ( 'NONE',  ( -32.64442266550514700, -18.84726621346951700, 6.999999999999895200 ) ) ;
#4178 = CARTESIAN_POINT ( 'NONE',  ( -21.57591422621322500, -8.805576839568850300, 14.70566514126690900 ) ) ;
#4179 = CARTESIAN_POINT ( 'NONE',  ( -21.29468063628544200, -8.992893099655178800, 14.70143847900794000 ) ) ;
#4180 = CARTESIAN_POINT ( 'NONE',  ( -2.673380491220326900, -24.20720644876196200, 19.89880021403805100 ) ) ;
#4181 = CARTESIAN_POINT ( 'NONE',  ( -3.047067301702259800, -24.79046823664433700, 19.81375018600300900 ) ) ;
#4182 = CARTESIAN_POINT ( 'NONE',  ( -3.437272126475463500, -25.34370440462839700, 19.67825447080401700 ) ) ;
#4183 = CARTESIAN_POINT ( 'NONE',  ( -21.04429135786877600, -9.224978871185198800, 14.69999999999999900 ) ) ;
#4184 = CARTESIAN_POINT ( 'NONE',  ( -4.246087390442231600, -26.39641220622169000, 19.31432888558750700 ) ) ;
#4185 = CARTESIAN_POINT ( 'NONE',  ( -4.664736834368314400, -26.89583964534360300, 19.08585742341711000 ) ) ;
#4186 = CARTESIAN_POINT ( 'NONE',  ( -5.095055391929204100, -27.36979310513280000, 18.80937500000001700 ) ) ;
#4187 = CARTESIAN_POINT ( 'NONE',  ( -5.095055391929204100, -27.36979310513280000, 15.89062500000004600 ) ) ;
#4188 = CARTESIAN_POINT ( 'NONE',  ( -4.664737295475445600, -26.89584015320764400, 15.61414287284715600 ) ) ;
#4189 = CARTESIAN_POINT ( 'NONE',  ( -4.246088057502428900, -26.39641302526066000, 15.38567145836013900 ) ) ;
#4190 = CARTESIAN_POINT ( 'NONE',  ( -3.437272769605136200, -25.34370529085773100, 15.02174577476694700 ) ) ;
#4191 = CARTESIAN_POINT ( 'NONE',  ( -3.047067714815117100, -24.79046888144350500, 14.88624990802025600 ) ) ;
#4192 = CARTESIAN_POINT ( 'NONE',  ( -21.04429135786641700, -9.224978871187383700, 20.00000000000000000 ) ) ;
#4193 = CARTESIAN_POINT ( 'NONE',  ( -2.673380491230178600, -24.20720644877734200, 14.80119978596417400 ) ) ;
#4194 = CARTESIAN_POINT ( 'NONE',  ( -21.29469947920639300, -8.992875634155096200, 19.99856141274003500 ) ) ;
#4195 = DIRECTION ( 'NONE',  ( -0.0000000000000000000, -0.0000000000000000000, -1.000000000000000000 ) ) ;
#4196 = CARTESIAN_POINT ( 'NONE',  ( -21.57691233956799300, -8.805043431658703000, 19.99430001245530200 ) ) ;
#4197 = CARTESIAN_POINT ( 'NONE',  ( -2.673380491220327400, -24.20720644876196200, 20.00000000000000000 ) ) ;
#4198 = DIRECTION ( 'NONE',  ( 1.000000000000000000, 0.0000000000000000000, 0.0000000000000000000 ) ) ;
#4199 = DIRECTION ( 'NONE',  ( -0.0000000000000000000, -0.0000000000000000000, 1.000000000000000000 ) ) ;
#4200 = CARTESIAN_POINT ( 'NONE',  ( -22.19842725405984400, -8.522241220023188300, 19.96500921755911800 ) ) ;
#4201 = CARTESIAN_POINT ( 'NONE',  ( 0.0000000000000000000, 0.0000000000000000000, 18.80937500000001700 ) ) ;
#4202 = DIRECTION ( 'NONE',  ( 1.000000000000000000, 0.0000000000000000000, 0.0000000000000000000 ) ) ;
#4203 = DIRECTION ( 'NONE',  ( -0.0000000000000000000, -0.0000000000000000000, 1.000000000000000000 ) ) ;
#4204 = CARTESIAN_POINT ( 'NONE',  ( -22.52313517204289200, -8.433535141840494000, 19.94052930348314900 ) ) ;
#4205 = CARTESIAN_POINT ( 'NONE',  ( 0.0000000000000000000, 0.0000000000000000000, 15.89062500000004600 ) ) ;
#4206 = DIRECTION ( 'NONE',  ( -0.0000000000000000000, -0.0000000000000000000, -1.000000000000000000 ) ) ;
#4207 = CARTESIAN_POINT ( 'NONE',  ( -5.095061577133287200, -27.36979991752256700, 20.00000000000000000 ) ) ;
#4208 = CARTESIAN_POINT ( 'NONE',  ( -5.136107253231455300, -27.36211918598238000, 18.80937500000001700 ) ) ;
#4209 = CARTESIAN_POINT ( 'NONE',  ( -22.86103082370688700, -8.396968320849165200, 19.89880021403805100 ) ) ;
#4210 = CARTESIAN_POINT ( 'NONE',  ( -5.366160409408772500, -26.76472076361699600, 19.08585746902735600 ) ) ;
#4211 = CARTESIAN_POINT ( 'NONE',  ( -5.576125401718448900, -26.14778486729316100, 19.31432893851804900 ) ) ;
#4212 = CARTESIAN_POINT ( 'NONE',  ( -5.950041246649077700, -24.87398629476931300, 19.67825450858481800 ) ) ;
#4213 = CARTESIAN_POINT ( 'NONE',  ( -6.114044434827775400, -24.21715073820744700, 19.81375020046629500 ) ) ;
#4214 = CARTESIAN_POINT ( 'NONE',  ( -6.251798524587352200, -23.53828418795637100, 19.89880021403465100 ) ) ;
#4215 = CARTESIAN_POINT ( 'NONE',  ( -6.251798524592890000, -23.53828418792907900, 14.80119978596191500 ) ) ;
#4216 = CARTESIAN_POINT ( 'NONE',  ( -6.114044223920464200, -24.21715177758073500, 14.88624992974884400 ) ) ;
#4217 = CARTESIAN_POINT ( 'NONE',  ( -5.950040859486627200, -24.87398776098662300, 15.02174583150949900 ) ) ;
#4218 = CARTESIAN_POINT ( 'NONE',  ( -5.576124950045165300, -26.14778625869117300, 15.38567153781143800 ) ) ;
#4219 = CARTESIAN_POINT ( 'NONE',  ( -5.366160068030496600, -26.76472165011971800, 15.61414294125631700 ) ) ;
#4220 = DIRECTION ( 'NONE',  ( 1.000000000000000000, 0.0000000000000000000, 0.0000000000000000000 ) ) ;
#4221 = CARTESIAN_POINT ( 'NONE',  ( -5.136107253231456200, -27.36211918598238000, 15.89062500000004600 ) ) ;
#4222 = DIRECTION ( 'NONE',  ( -0.0000000000000000000, -0.0000000000000000000, -1.000000000000000000 ) ) ;
#4223 = DIRECTION ( 'NONE',  ( -0.0000000000000000000, -0.0000000000000000000, -1.000000000000000000 ) ) ;
#4224 = CARTESIAN_POINT ( 'NONE',  ( -23.20263251192322000, -11.55353818172785900, 20.00000000000000000 ) ) ;
#4225 = CARTESIAN_POINT ( 'NONE',  ( -5.136108697633004800, -27.36212688089320700, 20.00000000000000000 ) ) ;
#4226 = CARTESIAN_POINT ( 'NONE',  ( -9.337090891802443300, -20.99478905840314600, 20.00000000000000000 ) ) ;
#4227 = CARTESIAN_POINT ( 'NONE',  ( -9.678511834876886200, -20.99196155560307600, 19.99856141202881300 ) ) ;
#4228 = CARTESIAN_POINT ( 'NONE',  ( -10.01360965781872300, -21.04327701801628300, 19.99430007065056000 ) ) ;
#4229 = CARTESIAN_POINT ( 'NONE',  ( -10.66343939000902100, -21.25299608557244100, 19.96500920805190700 ) ) ;
#4230 = CARTESIAN_POINT ( 'NONE',  ( -10.96316239212304200, -21.40619611638895100, 19.94052922107000800 ) ) ;
#4231 = CARTESIAN_POINT ( 'NONE',  ( -11.23750465798150900, -21.60681134192791600, 19.89880021403805100 ) ) ;
#4232 = CARTESIAN_POINT ( 'NONE',  ( -20.47777437467256000, -13.18319247999447100, 19.89880021403591900 ) ) ;
#4233 = DIRECTION ( 'NONE',  ( 1.000000000000000000, 0.0000000000000000000, 0.0000000000000000000 ) ) ;
#4234 = DIRECTION ( 'NONE',  ( -0.0000000000000000000, -0.0000000000000000000, -1.000000000000000000 ) ) ;
#4235 = CARTESIAN_POINT ( 'NONE',  ( -9.363383987571015900, -24.16968018616089600, 20.00000000000000000 ) ) ;
#4236 = CARTESIAN_POINT ( 'NONE',  ( -20.30332933741297200, -12.89151222622200700, 19.94052891289781100 ) ) ;
#4237 = CARTESIAN_POINT ( 'NONE',  ( -20.17832079267780500, -12.57874188642063600, 19.96503172389373400 ) ) ;
#4238 = CARTESIAN_POINT ( 'NONE',  ( -6.251798524587352200, -23.53828418795637100, 19.89880021403465100 ) ) ;
#4239 = CARTESIAN_POINT ( 'NONE',  ( -20.02939525948480400, -11.91140596599744400, 19.99433485441063900 ) ) ;
#4240 = CARTESIAN_POINT ( 'NONE',  ( -6.319385882497146900, -23.20520662498222100, 19.94052896210797200 ) ) ;
#4241 = CARTESIAN_POINT ( 'NONE',  ( -6.437715613819047900, -22.88984875417347500, 19.96503175485164400 ) ) ;
#4242 = CARTESIAN_POINT ( 'NONE',  ( -6.777239573583573300, -22.29635133156088500, 19.99433485833887000 ) ) ;
#4243 = CARTESIAN_POINT ( 'NONE',  ( -6.989705745364202200, -22.03360078504909200, 19.99856152093476400 ) ) ;
#4244 = CARTESIAN_POINT ( 'NONE',  ( -7.243904497982826200, -21.80569378746589800, 20.00000000000000000 ) ) ;
#4245 = DIRECTION ( 'NONE',  ( -0.0000000000000000000, -0.0000000000000000000, -1.000000000000000000 ) ) ;
#4246 = CARTESIAN_POINT ( 'NONE',  ( -6.251798524592958400, -23.53828418792909400, 20.00000000000000000 ) ) ;
#4247 = CARTESIAN_POINT ( 'NONE',  ( -7.243904497980433500, -21.80569378746804400, 14.69999999999999900 ) ) ;
#4248 = CARTESIAN_POINT ( 'NONE',  ( -6.989686618046454700, -22.03361793403047700, 14.70143858730435000 ) ) ;
#4249 = CARTESIAN_POINT ( 'NONE',  ( -6.776616418426329800, -22.29729586176995700, 14.70569998391458600 ) ) ;
#4250 = CARTESIAN_POINT ( 'NONE',  ( -6.437674357531160600, -22.89006591783794800, 14.73499078303437300 ) ) ;
#4251 = CARTESIAN_POINT ( 'NONE',  ( -6.319386427093498100, -23.20520394116949000, 14.75947070165841700 ) ) ;
#4252 = CARTESIAN_POINT ( 'NONE',  ( -20.00939572368702100, -11.57409328243456400, 19.99856152036379700 ) ) ;
#4253 = CARTESIAN_POINT ( 'NONE',  ( -20.04371093081071500, -11.23441525183771200, 20.00000000000000000 ) ) ;
#4254 = CARTESIAN_POINT ( 'NONE',  ( -6.251798524592890000, -23.53828418792907900, 14.80119978596191500 ) ) ;
#4255 = CARTESIAN_POINT ( 'NONE',  ( -20.04371093081039500, -11.23441525184091100, 14.69999999999999900 ) ) ;
#4256 = CARTESIAN_POINT ( 'NONE',  ( -20.00939314469775400, -11.57411881123612800, 14.70143858774640900 ) ) ;
#4257 = CARTESIAN_POINT ( 'NONE',  ( -11.23750465799755300, -21.60681134193965000, 14.80119978596437700 ) ) ;
#4258 = CARTESIAN_POINT ( 'NONE',  ( -10.96316458268843300, -21.40619771825676300, 14.75947111212650100 ) ) ;
#4259 = CARTESIAN_POINT ( 'NONE',  ( -10.66326288430090200, -21.25286361535404500, 14.73496829184899500 ) ) ;
#4260 = CARTESIAN_POINT ( 'NONE',  ( -20.02957086580165900, -11.91252251803946300, 14.70569994774393600 ) ) ;
#4261 = CARTESIAN_POINT ( 'NONE',  ( -10.01251471093970300, -21.04299930096074100, 14.70566514758699700 ) ) ;
#4262 = CARTESIAN_POINT ( 'NONE',  ( -9.678486192581218000, -20.99196176796199600, 14.70143847992656200 ) ) ;
#4263 = CARTESIAN_POINT ( 'NONE',  ( -9.337090891805658500, -20.99478905840312100, 14.69999999999999900 ) ) ;
#4264 = DIRECTION ( 'NONE',  ( 1.000000000000000000, 0.0000000000000000000, 0.0000000000000000000 ) ) ;
#4265 = DIRECTION ( 'NONE',  ( -0.0000000000000000000, -0.0000000000000000000, -1.000000000000000000 ) ) ;
#4266 = CARTESIAN_POINT ( 'NONE',  ( -20.17843647738653700, -12.57892996465639100, 14.73499078894450200 ) ) ;
#4267 = CARTESIAN_POINT ( 'NONE',  ( -20.30332794022442800, -12.89150989005381100, 14.75947075288327100 ) ) ;
#4268 = CARTESIAN_POINT ( 'NONE',  ( -9.363383987571015900, -24.16968018616089600, 14.69999999999999900 ) ) ;
#4269 = CARTESIAN_POINT ( 'NONE',  ( -11.23750465798150900, -21.60681134192791600, 19.89880021403805100 ) ) ;
#4270 = CARTESIAN_POINT ( 'NONE',  ( -11.79665546749340200, -22.01569535186886700, 19.81375022004959900 ) ) ;
#4271 = CARTESIAN_POINT ( 'NONE',  ( -20.47777437466354700, -13.18319247997940200, 14.80119978596191100 ) ) ;
#4272 = CARTESIAN_POINT ( 'NONE',  ( -12.36036247626121700, -22.39061442234028100, 19.67825455972335300 ) ) ;
#4273 = CARTESIAN_POINT ( 'NONE',  ( -13.49484216962030600, -23.08005746524204900, 19.31432901011779200 ) ) ;
#4274 = CARTESIAN_POINT ( 'NONE',  ( -14.06563526044089100, -23.39452613828479600, 19.08585753067031700 ) ) ;
#4275 = CARTESIAN_POINT ( 'NONE',  ( -14.63810732474674100, -23.68102569598280400, 18.80937500000001700 ) ) ;
#4276 = CARTESIAN_POINT ( 'NONE',  ( -14.63810732474674100, -23.68102569598280400, 15.89062500000004600 ) ) ;
#4277 = DIRECTION ( 'NONE',  ( -0.0000000000000000000, -0.0000000000000000000, -1.000000000000000000 ) ) ;
#4278 = CARTESIAN_POINT ( 'NONE',  ( -14.06563605256698500, -23.39452653471247200, 15.61414285189686200 ) ) ;
#4279 = CARTESIAN_POINT ( 'NONE',  ( -13.49484335490306600, -23.08005814029272100, 15.38567143402819100 ) ) ;
#4280 = CARTESIAN_POINT ( 'NONE',  ( -12.36036366408093600, -22.39061518946515900, 15.02174575738955300 ) ) ;
#4281 = CARTESIAN_POINT ( 'NONE',  ( -11.79665626572473200, -22.01569593558263400, 14.88624990136587700 ) ) ;
#4282 = CARTESIAN_POINT ( 'NONE',  ( -20.47777437466362100, -13.18319247997935800, 20.00000000000000000 ) ) ;
#4283 = CARTESIAN_POINT ( 'NONE',  ( -11.23750465799755300, -21.60681134193965000, 14.80119978596437700 ) ) ;
#4284 = DIRECTION ( 'NONE',  ( -0.0000000000000000000, -0.0000000000000000000, -1.000000000000000000 ) ) ;
#4285 = CARTESIAN_POINT ( 'NONE',  ( -11.23750465798150700, -21.60681134192791600, 20.00000000000000000 ) ) ;
#4286 = DIRECTION ( 'NONE',  ( 1.000000000000000000, 0.0000000000000000000, 0.0000000000000000000 ) ) ;
#4287 = DIRECTION ( 'NONE',  ( -0.0000000000000000000, -0.0000000000000000000, 1.000000000000000000 ) ) ;
#4288 = CARTESIAN_POINT ( 'NONE',  ( 0.0000000000000000000, 0.0000000000000000000, 18.80937500000001700 ) ) ;
#4289 = DIRECTION ( 'NONE',  ( 1.000000000000000000, 0.0000000000000000000, 0.0000000000000000000 ) ) ;
#4290 = DIRECTION ( 'NONE',  ( -0.0000000000000000000, -0.0000000000000000000, 1.000000000000000000 ) ) ;
#4291 = CARTESIAN_POINT ( 'NONE',  ( 0.0000000000000000000, 0.0000000000000000000, 15.89062500000004600 ) ) ;
#4292 = DIRECTION ( 'NONE',  ( -0.0000000000000000000, -0.0000000000000000000, -1.000000000000000000 ) ) ;
#4293 = CARTESIAN_POINT ( 'NONE',  ( -14.63811555319680700, -23.68102981399363600, 20.00000000000000000 ) ) ;
#4294 = CARTESIAN_POINT ( 'NONE',  ( -14.67361490603635400, -23.65904033670743400, 18.80937500000001700 ) ) ;
#4295 = CARTESIAN_POINT ( 'NONE',  ( -22.86103082370688700, -8.396968320849165200, 19.89880021403805100 ) ) ;
#4296 = CARTESIAN_POINT ( 'NONE',  ( -14.67232788386817600, -23.01887805424841100, 19.08585749419145100 ) ) ;
#4297 = CARTESIAN_POINT ( 'NONE',  ( -23.54971177459489700, -8.322439770608047700, 19.81375020271882200 ) ) ;
#4298 = CARTESIAN_POINT ( 'NONE',  ( -14.64525145234674700, -22.36775432862059200, 19.31432896773319300 ) ) ;
#4299 = CARTESIAN_POINT ( 'NONE',  ( -14.53376846980618900, -21.04489854820039700, 19.67825452944424600 ) ) ;
#4300 = CARTESIAN_POINT ( 'NONE',  ( -14.44942051683008300, -20.37317287578068600, 19.81375020845296200 ) ) ;
#4301 = CARTESIAN_POINT ( 'NONE',  ( -14.33263750725283400, -19.69038621740822500, 19.89880021403470400 ) ) ;
#4302 = CARTESIAN_POINT ( 'NONE',  ( -14.33263750724821200, -19.69038621738118900, 14.80119978596191300 ) ) ;
#4303 = CARTESIAN_POINT ( 'NONE',  ( -24.21887768395315300, -8.219741332713324400, 19.67825451446843100 ) ) ;
#4304 = CARTESIAN_POINT ( 'NONE',  ( -25.52174305910227800, -7.964951852662671300, 19.31432894675980400 ) ) ;
#4305 = CARTESIAN_POINT ( 'NONE',  ( -26.15542034991199600, -7.812806195948967400, 19.08585747612785600 ) ) ;
#4306 = CARTESIAN_POINT ( 'NONE',  ( -26.77149569268668800, -7.638860022350194800, 18.80937500000001700 ) ) ;
#4307 = CARTESIAN_POINT ( 'NONE',  ( -26.77149569268668800, -7.638860022350194800, 15.89062500000004600 ) ) ;
#4308 = DIRECTION ( 'NONE',  ( -0.0000000000000000000, -0.0000000000000000000, -1.000000000000000000 ) ) ;
#4309 = CARTESIAN_POINT ( 'NONE',  ( -26.15542129320596500, -7.812805929614046200, 15.61414294720387600 ) ) ;
#4310 = CARTESIAN_POINT ( 'NONE',  ( -25.52174453162891900, -7.964951521077392900, 15.38567154471900800 ) ) ;
#4311 = CARTESIAN_POINT ( 'NONE',  ( -22.55150661316980600, 9.195942408474266500, 20.00000000000000000 ) ) ;
#4312 = CARTESIAN_POINT ( 'NONE',  ( -24.21887922720954800, -8.219741074529366600, 15.02174583644276100 ) ) ;
#4313 = CARTESIAN_POINT ( 'NONE',  ( -23.54971286253087500, -8.322439652872411400, 14.88624993163796100 ) ) ;
#4314 = CARTESIAN_POINT ( 'NONE',  ( -22.86103082373376700, -8.396968320846255600, 14.80119978596525400 ) ) ;
#4315 = DIRECTION ( 'NONE',  ( -0.0000000000000000000, -0.0000000000000000000, -1.000000000000000000 ) ) ;
#4316 = CARTESIAN_POINT ( 'NONE',  ( -22.86103082370689100, -8.396968320849165200, 20.00000000000000000 ) ) ;
#4317 = DIRECTION ( 'NONE',  ( 1.000000000000000000, 0.0000000000000000000, 0.0000000000000000000 ) ) ;
#4318 = DIRECTION ( 'NONE',  ( -0.0000000000000000000, -0.0000000000000000000, 1.000000000000000000 ) ) ;
#4319 = CARTESIAN_POINT ( 'NONE',  ( 0.0000000000000000000, 0.0000000000000000000, 18.80937500000001700 ) ) ;
#4320 = DIRECTION ( 'NONE',  ( 1.000000000000000000, 0.0000000000000000000, 0.0000000000000000000 ) ) ;
#4321 = DIRECTION ( 'NONE',  ( 1.000000000000000000, 0.0000000000000000000, 0.0000000000000000000 ) ) ;
#4322 = DIRECTION ( 'NONE',  ( -0.0000000000000000000, -0.0000000000000000000, 1.000000000000000000 ) ) ;
#4323 = CARTESIAN_POINT ( 'NONE',  ( 0.0000000000000000000, 0.0000000000000000000, 15.89062500000004600 ) ) ;
#4324 = DIRECTION ( 'NONE',  ( -0.0000000000000000000, -0.0000000000000000000, -1.000000000000000000 ) ) ;
#4325 = CARTESIAN_POINT ( 'NONE',  ( -26.77150454787062000, -7.638857522125964500, 20.00000000000000000 ) ) ;
#4326 = CARTESIAN_POINT ( 'NONE',  ( -26.78292467112082400, -7.598691342966180400, 18.80937500000001700 ) ) ;
#4327 = DIRECTION ( 'NONE',  ( -0.0000000000000000000, -0.0000000000000000000, 1.000000000000000000 ) ) ;
#4328 = CARTESIAN_POINT ( 'NONE',  ( -26.35069907726350600, -7.126472843193323700, 19.08585745074437800 ) ) ;
#4329 = CARTESIAN_POINT ( 'NONE',  ( -25.89203017807680500, -6.663527911918696300, 19.31432891732643100 ) ) ;
#4330 = CARTESIAN_POINT ( 'NONE',  ( -24.91844109349358800, -5.761031291038048800, 19.67825449347169100 ) ) ;
#4331 = CARTESIAN_POINT ( 'NONE',  ( -24.40356851272578700, -5.321444840829483900, 19.81375019468328700 ) ) ;
#4332 = CARTESIAN_POINT ( 'NONE',  ( -23.85727434152819300, -4.895535547574898100, 19.89880021403611500 ) ) ;
#4333 = CARTESIAN_POINT ( 'NONE',  ( 0.0000000000000000000, 0.0000000000000000000, 18.80937500000001700 ) ) ;
#4334 = CARTESIAN_POINT ( 'NONE',  ( -23.85727434151559100, -4.895535547565074800, 14.80119978596190900 ) ) ;
#4335 = CARTESIAN_POINT ( 'NONE',  ( -24.40356910534936900, -5.321445302858736100, 14.88624989757953400 ) ) ;
#4336 = CARTESIAN_POINT ( 'NONE',  ( -24.91844190119247700, -5.761031999675582300, 15.02174574750182100 ) ) ;
#4337 = CARTESIAN_POINT ( 'NONE',  ( -25.89203091796066000, -6.663528637857912600, 15.38567142018334100 ) ) ;
#4338 = CARTESIAN_POINT ( 'NONE',  ( -26.35069953174894400, -7.126473339724911100, 15.61414283997615900 ) ) ;
#4339 = CARTESIAN_POINT ( 'NONE',  ( -26.78292467112082400, -7.598691342966179500, 15.89062500000004600 ) ) ;
#4340 = DIRECTION ( 'NONE',  ( -0.0000000000000000000, -0.0000000000000000000, -1.000000000000000000 ) ) ;
#4341 = CARTESIAN_POINT ( 'NONE',  ( -26.78293220314770200, -7.598693479907836900, 20.00000000000000000 ) ) ;
#4342 = DIRECTION ( 'NONE',  ( 1.000000000000000000, 0.0000000000000000000, 0.0000000000000000000 ) ) ;
#4343 = DIRECTION ( 'NONE',  ( -0.0000000000000000000, -0.0000000000000000000, -1.000000000000000000 ) ) ;
#4344 = CARTESIAN_POINT ( 'NONE',  ( -25.80942984956729800, -2.391595877288774200, 14.69999999999999900 ) ) ;
#4345 = DIRECTION ( 'NONE',  ( 1.000000000000000000, 0.0000000000000000000, 0.0000000000000000000 ) ) ;
#4346 = DIRECTION ( 'NONE',  ( -0.0000000000000000000, -0.0000000000000000000, 1.000000000000000000 ) ) ;
#4347 = CARTESIAN_POINT ( 'NONE',  ( -24.35061120582251000, 0.4284170951393006000, 14.80119978596394900 ) ) ;
#4348 = CARTESIAN_POINT ( 'NONE',  ( -24.04874508229909900, 0.2722589734510297800, 14.75947107372910800 ) ) ;
#4349 = CARTESIAN_POINT ( 'NONE',  ( 0.0000000000000000000, 0.0000000000000000000, 15.89062500000004600 ) ) ;
#4350 = CARTESIAN_POINT ( 'NONE',  ( -23.77780829661788100, 0.07214474503685594500, 14.73496826769334700 ) ) ;
#4351 = CARTESIAN_POINT ( 'NONE',  ( -23.29988222799387600, -0.4168364682565614000, 14.70566514452189300 ) ) ;
#4352 = CARTESIAN_POINT ( 'NONE',  ( -23.10530606375004600, -0.6930970625286024800, 14.70143847948105400 ) ) ;
#4353 = CARTESIAN_POINT ( 'NONE',  ( -22.95566401667493700, -0.9999617403777181200, 14.69999999999999900 ) ) ;
#4354 = CARTESIAN_POINT ( 'NONE',  ( -22.95566401667352700, -0.9999617403806120300, 20.00000000000000000 ) ) ;
#4355 = CARTESIAN_POINT ( 'NONE',  ( -23.10531731387286300, -0.6930739923722206700, 19.99856141237373600 ) ) ;
#4356 = CARTESIAN_POINT ( 'NONE',  ( -23.30061955043403500, -0.4159793343322131200, 19.99430004242635700 ) ) ;
#4357 = CARTESIAN_POINT ( 'NONE',  ( -23.77800572279586800, 0.07224378044297556600, 19.96500921266120100 ) ) ;
#4358 = CARTESIAN_POINT ( 'NONE',  ( -24.04874266059473300, 0.2722577206791159100, 19.94052926103675800 ) ) ;
#4359 = CARTESIAN_POINT ( 'NONE',  ( -24.35061120580796500, 0.4284170951317755000, 19.89880021403804700 ) ) ;
#4360 = DIRECTION ( 'NONE',  ( 1.000000000000000000, 0.0000000000000000000, 0.0000000000000000000 ) ) ;
#4361 = DIRECTION ( 'NONE',  ( -0.0000000000000000000, -0.0000000000000000000, -1.000000000000000000 ) ) ;
#4362 = DIRECTION ( 'NONE',  ( -0.0000000000000000000, -0.0000000000000000000, -1.000000000000000000 ) ) ;
#4363 = CARTESIAN_POINT ( 'NONE',  ( -25.80942984956729800, -2.391595877288774200, 20.00000000000000000 ) ) ;
#4364 = CARTESIAN_POINT ( 'NONE',  ( -24.93064562338278400, 12.39066216153523700, 20.00000000000000000 ) ) ;
#4365 = CARTESIAN_POINT ( 'NONE',  ( -23.85727434152819300, -4.895535547574898100, 19.89880021403611500 ) ) ;
#4366 = CARTESIAN_POINT ( 'NONE',  ( -23.58924313448269700, -4.686569411781200700, 19.94052875618146800 ) ) ;
#4367 = CARTESIAN_POINT ( 'NONE',  ( -24.91202541637860400, 12.42803901338856100, 18.80937500000001700 ) ) ;
#4368 = CARTESIAN_POINT ( 'NONE',  ( -23.35969050595864300, -4.440078590553967300, 19.96503162530361300 ) ) ;
#4369 = CARTESIAN_POINT ( 'NONE',  ( -22.97975137633891800, -3.871603990887630500, 19.99433484190047100 ) ) ;
#4370 = CARTESIAN_POINT ( 'NONE',  ( -22.83925069611317900, -3.564293531832420500, 19.99856151854546800 ) ) ;
#4371 = CARTESIAN_POINT ( 'NONE',  ( -24.27447521522056200, 12.48582420381881000, 19.08585748842998000 ) ) ;
#4372 = CARTESIAN_POINT ( 'NONE',  ( -22.74854270140174300, -3.235156702715690400, 20.00000000000000000 ) ) ;
#4373 = CARTESIAN_POINT ( 'NONE',  ( -23.62363077794852700, 12.51894139400243900, 19.31432896104238500 ) ) ;
#4374 = CARTESIAN_POINT ( 'NONE',  ( -22.74854270140259900, -3.235156702718794600, 14.69999999999999900 ) ) ;
#4375 = CARTESIAN_POINT ( 'NONE',  ( -22.83925748745589600, -3.564318174433068100, 14.70143858915420200 ) ) ;
#4376 = CARTESIAN_POINT ( 'NONE',  ( -22.98031639433466100, -3.872578136009578600, 14.70569983253081700 ) ) ;
#4377 = CARTESIAN_POINT ( 'NONE',  ( -23.35986570565335900, -4.440211726606375600, 14.73499080773649300 ) ) ;
#4378 = CARTESIAN_POINT ( 'NONE',  ( -23.58924102875572300, -4.686567770083526900, 14.75947091598795800 ) ) ;
#4379 = CARTESIAN_POINT ( 'NONE',  ( -23.85727434151559100, -4.895535547565074800, 14.80119978596190900 ) ) ;
#4380 = DIRECTION ( 'NONE',  ( -0.0000000000000000000, -0.0000000000000000000, -1.000000000000000000 ) ) ;
#4381 = CARTESIAN_POINT ( 'NONE',  ( -22.29613171593460300, 12.52999171203666000, 19.67825452466613000 ) ) ;
#4382 = CARTESIAN_POINT ( 'NONE',  ( -21.61948885312266800, 12.50798259910217600, 19.81375020662332900 ) ) ;
#4383 = CARTESIAN_POINT ( 'NONE',  ( -23.85727434151566200, -4.895535547564993100, 20.00000000000000000 ) ) ;
#4384 = CARTESIAN_POINT ( 'NONE',  ( -24.35061120580796500, 0.4284170951317755000, 19.89880021403804700 ) ) ;
#4385 = CARTESIAN_POINT ( 'NONE',  ( -24.96586433517926200, 0.7466931968860476300, 19.81375019091126100 ) ) ;
#4386 = CARTESIAN_POINT ( 'NONE',  ( -25.55274404057301800, 1.084187272253544200, 19.67825448362548000 ) ) ;
#4387 = CARTESIAN_POINT ( 'NONE',  ( -26.67558923715132100, 1.792420649470185800, 19.31432890355075900 ) ) ;
#4388 = CARTESIAN_POINT ( 'NONE',  ( -20.92883945069790700, 12.45469736894086300, 19.89880021403475800 ) ) ;
#4389 = CARTESIAN_POINT ( 'NONE',  ( -27.21151432140952100, 2.163202867397715900, 19.08585743889665700 ) ) ;
#4390 = CARTESIAN_POINT ( 'NONE',  ( -27.72315079529287700, 2.547954875199655700, 18.80937500000001700 ) ) ;
#4391 = CARTESIAN_POINT ( 'NONE',  ( -27.72315079529287700, 2.547954875199655700, 15.89062500000004600 ) ) ;
#4392 = CARTESIAN_POINT ( 'NONE',  ( -27.21151494503829900, 2.163203336368235300, 15.61414289810511500 ) ) ;
#4393 = CARTESIAN_POINT ( 'NONE',  ( -26.67559023485839400, 1.792421319060798700, 15.38567148769505300 ) ) ;
#4394 = CARTESIAN_POINT ( 'NONE',  ( -25.55274511188002900, 1.084187907691373600, 15.02174579571736900 ) ) ;
#4395 = CARTESIAN_POINT ( 'NONE',  ( -24.96586510888707300, 0.7466935971322222800, 14.88624991604286900 ) ) ;
#4396 = CARTESIAN_POINT ( 'NONE',  ( -24.35061120582251000, 0.4284170951393006000, 14.80119978596394900 ) ) ;
#4397 = CARTESIAN_POINT ( 'NONE',  ( -20.92883945067108100, 12.45469736893879400, 14.80119978596192400 ) ) ;
#4398 = DIRECTION ( 'NONE',  ( -0.0000000000000000000, -0.0000000000000000000, -1.000000000000000000 ) ) ;
#4399 = CARTESIAN_POINT ( 'NONE',  ( -24.35061120580796500, 0.4284170951317756700, 20.00000000000000000 ) ) ;
#4400 = CARTESIAN_POINT ( 'NONE',  ( -21.61948997889831100, 12.50798268595842300, 14.88624993201027600 ) ) ;
#4401 = DIRECTION ( 'NONE',  ( 1.000000000000000000, 0.0000000000000000000, 0.0000000000000000000 ) ) ;
#4402 = DIRECTION ( 'NONE',  ( -0.0000000000000000000, -0.0000000000000000000, 1.000000000000000000 ) ) ;
#4403 = CARTESIAN_POINT ( 'NONE',  ( 0.0000000000000000000, 0.0000000000000000000, 18.80937500000001700 ) ) ;
#4404 = DIRECTION ( 'NONE',  ( 1.000000000000000000, 0.0000000000000000000, 0.0000000000000000000 ) ) ;
#4405 = DIRECTION ( 'NONE',  ( -0.0000000000000000000, -0.0000000000000000000, 1.000000000000000000 ) ) ;
#4406 = CARTESIAN_POINT ( 'NONE',  ( 0.0000000000000000000, 0.0000000000000000000, 15.89062500000004600 ) ) ;
#4407 = CARTESIAN_POINT ( 'NONE',  ( -22.29613333015280600, 12.52999174276945900, 15.02174583741505600 ) ) ;
#4408 = DIRECTION ( 'NONE',  ( -0.0000000000000000000, -0.0000000000000000000, -1.000000000000000000 ) ) ;
#4409 = CARTESIAN_POINT ( 'NONE',  ( -27.72315814932081000, 2.547960405450706100, 20.00000000000000000 ) ) ;
#4410 = CARTESIAN_POINT ( 'NONE',  ( -23.62363233434373200, 12.51894133687683400, 15.38567154608044200 ) ) ;
#4411 = CARTESIAN_POINT ( 'NONE',  ( -27.71929739962395400, 2.589539676429435800, 18.80937500000001700 ) ) ;
#4412 = CARTESIAN_POINT ( 'NONE',  ( -27.14567401794381100, 2.873732430343272500, 19.08585746082192000 ) ) ;
#4413 = CARTESIAN_POINT ( 'NONE',  ( -26.55074299661898300, 3.139725408934852500, 19.31432892899479700 ) ) ;
#4414 = CARTESIAN_POINT ( 'NONE',  ( -25.31687882743241500, 3.629577500512560600, 19.67825450178687800 ) ) ;
#4415 = CARTESIAN_POINT ( 'NONE',  ( -24.67797751250434500, 3.853486223540722100, 19.81375019786381800 ) ) ;
#4416 = CARTESIAN_POINT ( 'NONE',  ( -24.01471721085339400, 4.053290587638603200, 19.89880021403445900 ) ) ;
#4417 = CARTESIAN_POINT ( 'NONE',  ( -24.27447622246288400, 12.48582411253262100, 15.61414294837609500 ) ) ;
#4418 = CARTESIAN_POINT ( 'NONE',  ( -24.01471721082528900, 4.053290587647069300, 14.80119978596192400 ) ) ;
#4419 = CARTESIAN_POINT ( 'NONE',  ( -24.67797848336417500, 3.853485931073303800, 14.88624992662974300 ) ) ;
#4420 = CARTESIAN_POINT ( 'NONE',  ( -25.31688018909359900, 3.629577002599141600, 15.02174582336421300 ) ) ;
#4421 = CARTESIAN_POINT ( 'NONE',  ( -26.55074428136505600, 3.139724856207297200, 15.38567152640636400 ) ) ;
#4422 = CARTESIAN_POINT ( 'NONE',  ( -27.14567483176876600, 2.873732027152908300, 15.61414293143631800 ) ) ;
#4423 = CARTESIAN_POINT ( 'NONE',  ( -27.71929739962395400, 2.589539676429435800, 15.89062500000004600 ) ) ;
#4424 = CARTESIAN_POINT ( 'NONE',  ( -24.91202541637860400, 12.42803901338856100, 15.89062500000004600 ) ) ;
#4425 = DIRECTION ( 'NONE',  ( -0.0000000000000000000, -0.0000000000000000000, -1.000000000000000000 ) ) ;
#4426 = CARTESIAN_POINT ( 'NONE',  ( -27.71930519498221600, 2.589540404672623400, 20.00000000000000000 ) ) ;
#4427 = CARTESIAN_POINT ( 'NONE',  ( -21.76674704830333000, 7.360105764444091900, 20.00000000000000000 ) ) ;
#4428 = CARTESIAN_POINT ( 'NONE',  ( -21.79543396326295100, 7.700331224122788100, 19.99856141173658800 ) ) ;
#4429 = CARTESIAN_POINT ( 'NONE',  ( -21.87744920371742200, 8.029264092447832000, 19.99430009456470000 ) ) ;
#4430 = CARTESIAN_POINT ( 'NONE',  ( -22.14623266599056000, 8.656972149882788500, 19.96500920414887400 ) ) ;
#4431 = CARTESIAN_POINT ( 'NONE',  ( -22.32643424863877600, 8.941281082734770200, 19.94052918721080300 ) ) ;
#4432 = CARTESIAN_POINT ( 'NONE',  ( -22.55150661316980600, 9.195942408474264700, 19.89880021403806200 ) ) ;
#4433 = DIRECTION ( 'NONE',  ( 1.000000000000000000, 0.0000000000000000000, 0.0000000000000000000 ) ) ;
#4434 = DIRECTION ( 'NONE',  ( -0.0000000000000000000, -0.0000000000000000000, -1.000000000000000000 ) ) ;
#4435 = DIRECTION ( 'NONE',  ( -0.0000000000000000000, -0.0000000000000000000, -1.000000000000000000 ) ) ;
#4436 = CARTESIAN_POINT ( 'NONE',  ( -24.93052067103938900, 7.093344702668686900, 20.00000000000000000 ) ) ;
#4437 = CARTESIAN_POINT ( 'NONE',  ( -24.01471721085339400, 4.053290587638603200, 19.89880021403445900 ) ) ;
#4438 = CARTESIAN_POINT ( 'NONE',  ( -23.68929673627807000, 4.151322130945029400, 19.94052895395233800 ) ) ;
#4439 = CARTESIAN_POINT ( 'NONE',  ( -23.38620222914204700, 4.298244616557211000, 19.96503174972099300 ) ) ;
#4440 = CARTESIAN_POINT ( 'NONE',  ( -22.82656383907182700, 4.691081271947231500, 19.99433485768784300 ) ) ;
#4441 = CARTESIAN_POINT ( 'NONE',  ( -22.58453802415577600, 4.926884677365620700, 19.99856152084014100 ) ) ;
#4442 = CARTESIAN_POINT ( 'NONE',  ( -22.38105772614176200, 5.201027685730481100, 20.00000000000000000 ) ) ;
#4443 = CARTESIAN_POINT ( 'NONE',  ( -24.91203242226191600, 12.42804250846331500, 20.00000000000000000 ) ) ;
#4444 = DIRECTION ( 'NONE',  ( -0.0000000000000000000, -0.0000000000000000000, -1.000000000000000000 ) ) ;
#4445 = CARTESIAN_POINT ( 'NONE',  ( -24.01471721082525000, 4.053290587646932500, 20.00000000000000000 ) ) ;
#4446 = CARTESIAN_POINT ( 'NONE',  ( -22.38105772614368400, 5.201027685727893900, 14.69999999999999900 ) ) ;
#4447 = CARTESIAN_POINT ( 'NONE',  ( -22.58455333211421500, 4.926864053404970400, 14.70143858737761300 ) ) ;
#4448 = CARTESIAN_POINT ( 'NONE',  ( -22.82744667476535500, 4.690373759112364200, 14.70569997792042600 ) ) ;
#4449 = CARTESIAN_POINT ( 'NONE',  ( -17.63811027735062400, 14.72615020202643500, 20.00000000000000000 ) ) ;
#4450 = CARTESIAN_POINT ( 'NONE',  ( -23.38641462147506200, 4.298183509270573100, 14.73499078401414400 ) ) ;
#4451 = CARTESIAN_POINT ( 'NONE',  ( -23.68929411676688800, 4.151322920064989000, 14.75947071014798200 ) ) ;
#4452 = CARTESIAN_POINT ( 'NONE',  ( -24.01471721082528900, 4.053290587647069300, 14.80119978596192400 ) ) ;
#4453 = CARTESIAN_POINT ( 'NONE',  ( -17.54195647172101900, 15.05376371730426800, 19.99856141255581900 ) ) ;
#4454 = CARTESIAN_POINT ( 'NONE',  ( -22.55150661318513300, 9.195942408491610800, 14.80119978596476600 ) ) ;
#4455 = CARTESIAN_POINT ( 'NONE',  ( -22.32643603863201100, 8.941283108051798900, 14.75947114465794900 ) ) ;
#4456 = CARTESIAN_POINT ( 'NONE',  ( -22.14608458317933800, 8.656808735488478800, 14.73496831231443900 ) ) ;
#4457 = CARTESIAN_POINT ( 'NONE',  ( -21.87707192954539100, 8.028200248925543300, 14.70566515018385400 ) ) ;
#4458 = CARTESIAN_POINT ( 'NONE',  ( -21.79543181044285300, 7.700305691773735400, 14.70143848030401800 ) ) ;
#4459 = CARTESIAN_POINT ( 'NONE',  ( -21.76674704830360000, 7.360105764447299100, 14.69999999999999900 ) ) ;
#4460 = DIRECTION ( 'NONE',  ( -1.000000000000000000, 0.0000000000000000000, 0.0000000000000000000 ) ) ;
#4461 = DIRECTION ( 'NONE',  ( -0.0000000000000000000, -0.0000000000000000000, -1.000000000000000000 ) ) ;
#4462 = CARTESIAN_POINT ( 'NONE',  ( -17.49960908885795900, 15.39011386424576100, 19.99430002752770000 ) ) ;
#4463 = CARTESIAN_POINT ( 'NONE',  ( 9.208299409096346400, -23.68509883331914200, 20.00000000000000000 ) ) ;
#4464 = DIRECTION ( 'NONE',  ( -1.000000000000000000, 0.0000000000000000000, 0.0000000000000000000 ) ) ;
#4465 = DIRECTION ( 'NONE',  ( -0.0000000000000000000, -0.0000000000000000000, -1.000000000000000000 ) ) ;
#4466 = CARTESIAN_POINT ( 'NONE',  ( 25.80942984956729100, -2.391595877288803500, 20.00000000000000000 ) ) ;
#4467 = DIRECTION ( 'NONE',  ( -1.000000000000000000, 0.0000000000000000000, 0.0000000000000000000 ) ) ;
#4468 = DIRECTION ( 'NONE',  ( -0.0000000000000000000, -0.0000000000000000000, -1.000000000000000000 ) ) ;
#4469 = CARTESIAN_POINT ( 'NONE',  ( -17.52348795393140100, 16.07252754210066200, 19.96500921509553800 ) ) ;
#4470 = CARTESIAN_POINT ( 'NONE',  ( 13.40363610303725200, 21.58979444017510800, 20.00000000000000000 ) ) ;
#4471 = DIRECTION ( 'NONE',  ( -1.000000000000000000, 0.0000000000000000000, 0.0000000000000000000 ) ) ;
#4472 = DIRECTION ( 'NONE',  ( -0.0000000000000000000, -0.0000000000000000000, -1.000000000000000000 ) ) ;
#4473 = CARTESIAN_POINT ( 'NONE',  ( -17.58881637415019100, 16.40273388780439800, 19.94052928213616500 ) ) ;
#4474 = CARTESIAN_POINT ( 'NONE',  ( 0.0000000000000000000, 0.0000000000000000000, 20.00000000000000000 ) ) ;
#4475 = DIRECTION ( 'NONE',  ( -1.000000000000000000, 0.0000000000000000000, 0.0000000000000000000 ) ) ;
#4476 = DIRECTION ( 'NONE',  ( -0.0000000000000000000, -0.0000000000000000000, -1.000000000000000000 ) ) ;
#4477 = CARTESIAN_POINT ( 'NONE',  ( 17.14252804537849100, -18.75927549147544900, 20.00000000000000000 ) ) ;
#4478 = DIRECTION ( 'NONE',  ( -1.000000000000000000, 0.0000000000000000000, 0.0000000000000000000 ) ) ;
#4479 = DIRECTION ( 'NONE',  ( -0.0000000000000000000, -0.0000000000000000000, -1.000000000000000000 ) ) ;
#4480 = CARTESIAN_POINT ( 'NONE',  ( -17.70669609021116700, 16.72150474307613200, 19.89880021403806200 ) ) ;
#4481 = CARTESIAN_POINT ( 'NONE',  ( 24.93052067103947100, 7.093344702668370700, 20.00000000000000000 ) ) ;
#4482 = DIRECTION ( 'NONE',  ( -1.000000000000000000, 0.0000000000000000000, 0.0000000000000000000 ) ) ;
#4483 = DIRECTION ( 'NONE',  ( -0.0000000000000000000, -0.0000000000000000000, -1.000000000000000000 ) ) ;
#4484 = CARTESIAN_POINT ( 'NONE',  ( 4.699385122916850400, 24.97383559283929300, 20.00000000000000000 ) ) ;
#4485 = DIRECTION ( 'NONE',  ( -1.000000000000000000, 0.0000000000000000000, 0.0000000000000000000 ) ) ;
#4486 = DIRECTION ( 'NONE',  ( -0.0000000000000000000, -0.0000000000000000000, -1.000000000000000000 ) ) ;
#4487 = CARTESIAN_POINT ( 'NONE',  ( 0.0000000000000000000, 0.0000000000000000000, 20.00000000000000000 ) ) ;
#4488 = DIRECTION ( 'NONE',  ( -1.000000000000000000, 0.0000000000000000000, 0.0000000000000000000 ) ) ;
#4489 = DIRECTION ( 'NONE',  ( 1.000000000000000000, 0.0000000000000000000, 0.0000000000000000000 ) ) ;
#4490 = DIRECTION ( 'NONE',  ( -0.0000000000000000000, -0.0000000000000000000, -1.000000000000000000 ) ) ;
#4491 = CARTESIAN_POINT ( 'NONE',  ( 22.76156327910519300, -11.29990804577405500, 20.00000000000000000 ) ) ;
#4492 = DIRECTION ( 'NONE',  ( -0.0000000000000000000, -0.0000000000000000000, -1.000000000000000000 ) ) ;
#4493 = DIRECTION ( 'NONE',  ( -1.000000000000000000, 0.0000000000000000000, 0.0000000000000000000 ) ) ;
#4494 = DIRECTION ( 'NONE',  ( -0.0000000000000000000, -0.0000000000000000000, -1.000000000000000000 ) ) ;
#4495 = CARTESIAN_POINT ( 'NONE',  ( 20.68460653110381400, 15.62028977495031200, 20.00000000000000000 ) ) ;
#4496 = DIRECTION ( 'NONE',  ( -1.000000000000000000, 0.0000000000000000000, 0.0000000000000000000 ) ) ;
#4497 = DIRECTION ( 'NONE',  ( -0.0000000000000000000, -0.0000000000000000000, -1.000000000000000000 ) ) ;
#4498 = CARTESIAN_POINT ( 'NONE',  ( -4.639543858245380300, 24.98502186389031700, 20.00000000000000000 ) ) ;
#4499 = CARTESIAN_POINT ( 'NONE',  ( -20.68460653110361500, 15.62028977495058900, 20.00000000000000000 ) ) ;
#4500 = DIRECTION ( 'NONE',  ( -1.000000000000000000, 0.0000000000000000000, 0.0000000000000000000 ) ) ;
#4501 = DIRECTION ( 'NONE',  ( -0.0000000000000000000, -0.0000000000000000000, -1.000000000000000000 ) ) ;
#4502 = CARTESIAN_POINT ( 'NONE',  ( 0.0000000000000000000, 0.0000000000000000000, 20.00000000000000000 ) ) ;
#4503 = DIRECTION ( 'NONE',  ( -1.000000000000000000, 0.0000000000000000000, 0.0000000000000000000 ) ) ;
#4504 = DIRECTION ( 'NONE',  ( -0.0000000000000000000, -0.0000000000000000000, -1.000000000000000000 ) ) ;
#4505 = CARTESIAN_POINT ( 'NONE',  ( 25.30652326581257900, -2.314425403538851600, 20.00000000000000000 ) ) ;
#4506 = DIRECTION ( 'NONE',  ( -1.000000000000000000, 0.0000000000000000000, 0.0000000000000000000 ) ) ;
#4507 = DIRECTION ( 'NONE',  ( -0.0000000000000000000, -0.0000000000000000000, -1.000000000000000000 ) ) ;
#4508 = CARTESIAN_POINT ( 'NONE',  ( 13.64512166178107400, 22.03762815811159100, 20.00000000000000000 ) ) ;
#4509 = CARTESIAN_POINT ( 'NONE',  ( -20.92883945069790700, 12.45469736894086300, 19.89880021403475800 ) ) ;
#4510 = DIRECTION ( 'NONE',  ( -1.000000000000000000, 0.0000000000000000000, 0.0000000000000000000 ) ) ;
#4511 = DIRECTION ( 'NONE',  ( -0.0000000000000000000, -0.0000000000000000000, -1.000000000000000000 ) ) ;
#4512 = CARTESIAN_POINT ( 'NONE',  ( -13.35187673275155800, 21.62184248543743000, 20.00000000000000000 ) ) ;
#4513 = CARTESIAN_POINT ( 'NONE',  ( -20.58998070300588200, 12.42855361742005200, 19.94052896801916200 ) ) ;
#4514 = DIRECTION ( 'NONE',  ( -1.000000000000000000, 0.0000000000000000000, 0.0000000000000000000 ) ) ;
#4515 = DIRECTION ( 'NONE',  ( -0.0000000000000000000, -0.0000000000000000000, -1.000000000000000000 ) ) ;
#4516 = CARTESIAN_POINT ( 'NONE',  ( -20.25427893298268200, 12.45606442335121900, 19.96503175857034400 ) ) ;
#4517 = CARTESIAN_POINT ( 'NONE',  ( 0.0000000000000000000, 0.0000000000000000000, 20.00000000000000000 ) ) ;
#4518 = DIRECTION ( 'NONE',  ( -1.000000000000000000, 0.0000000000000000000, 0.0000000000000000000 ) ) ;
#4519 = DIRECTION ( 'NONE',  ( -0.0000000000000000000, -0.0000000000000000000, -1.000000000000000000 ) ) ;
#4520 = CARTESIAN_POINT ( 'NONE',  ( 24.43369705718570000, 6.983633214118157200, 20.00000000000000000 ) ) ;
#4521 = DIRECTION ( 'NONE',  ( 1.000000000000000000, 0.0000000000000000000, -0.0000000000000000000 ) ) ;
#4522 = DIRECTION ( 'NONE',  ( 0.0000000000000000000, 0.0000000000000000000, 1.000000000000000000 ) ) ;
#4523 = CARTESIAN_POINT ( 'NONE',  ( 14.59824227949561000, 16.23114797896244700, 14.69999999999999900 ) ) ;
#4524 = CARTESIAN_POINT ( 'NONE',  ( -19.59052278183902700, 12.62020899820410100, 19.99433485881072800 ) ) ;
#4525 = PLANE ( 'NONE',  #1548 ) ;
#4526 = DIRECTION ( 'NONE',  ( 1.000000000000000000, 0.0000000000000000000, -0.0000000000000000000 ) ) ;
#4527 = CARTESIAN_POINT ( 'NONE',  ( -19.27965845872412800, 12.75265930569855600, 19.99856152100335600 ) ) ;
#4528 = DIRECTION ( 'NONE',  ( 0.0000000000000000000, 0.0000000000000000000, 1.000000000000000000 ) ) ;
#4529 = CARTESIAN_POINT ( 'NONE',  ( 14.59824227949561000, 16.23114797896244700, 20.00000000000000000 ) ) ;
#4530 = PLANE ( 'NONE',  #1547 ) ;
#4531 = CARTESIAN_POINT ( 'NONE',  ( -18.99088688724419800, 12.93478446532918900, 20.00000000000000000 ) ) ;
#4532 = DIRECTION ( 'NONE',  ( -1.000000000000000000, 0.0000000000000000000, 0.0000000000000000000 ) ) ;
#4533 = DIRECTION ( 'NONE',  ( -0.0000000000000000000, -0.0000000000000000000, -1.000000000000000000 ) ) ;
#4534 = CARTESIAN_POINT ( 'NONE',  ( 0.0000000000000000000, 0.0000000000000000000, 14.69999999999999900 ) ) ;
#4535 = DIRECTION ( 'NONE',  ( 1.000000000000000000, 0.0000000000000000000, -0.0000000000000000000 ) ) ;
#4536 = DIRECTION ( 'NONE',  ( -0.0000000000000000000, -0.0000000000000000000, -1.000000000000000000 ) ) ;
#4537 = DIRECTION ( 'NONE',  ( 0.0000000000000000000, 0.0000000000000000000, 1.000000000000000000 ) ) ;
#4538 = CARTESIAN_POINT ( 'NONE',  ( 0.0000000000000000000, 0.0000000000000000000, 0.0000000000000000000 ) ) ;
#4539 = PLANE ( 'NONE',  #1545 ) ;
#4540 = DIRECTION ( 'NONE',  ( 1.000000000000000000, 0.0000000000000000000, 0.0000000000000000000 ) ) ;
#4541 = DIRECTION ( 'NONE',  ( 0.0000000000000000000, 0.0000000000000000000, 1.000000000000000000 ) ) ;
#4542 = CARTESIAN_POINT ( 'NONE',  ( 0.0000000000000000000, 0.0000000000000000000, 0.2000000000000005100 ) ) ;
#4543 = CARTESIAN_POINT ( 'NONE',  ( -20.92883945067109200, 12.45469736893864400, 20.00000000000000000 ) ) ;
#4544 = DIRECTION ( 'NONE',  ( 1.000000000000000000, 0.0000000000000000000, 0.0000000000000000000 ) ) ;
#4545 = DIRECTION ( 'NONE',  ( -0.0000000000000000000, -0.0000000000000000000, 1.000000000000000000 ) ) ;
#4546 = CARTESIAN_POINT ( 'NONE',  ( 0.0000000000000000000, 0.0000000000000000000, 9.000613939483383100 ) ) ;
#4547 = DIRECTION ( 'NONE',  ( 1.000000000000000000, 0.0000000000000000000, 0.0000000000000000000 ) ) ;
#4548 = DIRECTION ( 'NONE',  ( -0.0000000000000000000, -0.0000000000000000000, 1.000000000000000000 ) ) ;
#4549 = CARTESIAN_POINT ( 'NONE',  ( 0.0000000000000000000, 0.0000000000000000000, 9.000613939483383100 ) ) ;
#4550 = DIRECTION ( 'NONE',  ( 1.000000000000000000, 0.0000000000000000000, 0.0000000000000000000 ) ) ;
#4551 = CARTESIAN_POINT ( 'NONE',  ( -18.99088688724691600, 12.93478446532747500, 14.69999999999999900 ) ) ;
#4552 = DIRECTION ( 'NONE',  ( -0.0000000000000000000, -0.0000000000000000000, 1.000000000000000000 ) ) ;
#4553 = CARTESIAN_POINT ( 'NONE',  ( 0.0000000000000000000, 0.0000000000000000000, 9.000613939483383100 ) ) ;
#4554 = DIRECTION ( 'NONE',  ( 1.000000000000000000, 0.0000000000000000000, 0.0000000000000000000 ) ) ;
#4555 = DIRECTION ( 'NONE',  ( -0.0000000000000000000, -0.0000000000000000000, 1.000000000000000000 ) ) ;
#4556 = CARTESIAN_POINT ( 'NONE',  ( 0.0000000000000000000, 0.0000000000000000000, 9.000613939483383100 ) ) ;
#4557 = CARTESIAN_POINT ( 'NONE',  ( -19.27968019060179500, 12.75264559963479800, 14.70143858725125000 ) ) ;
#4558 = DIRECTION ( 'NONE',  ( 1.000000000000000000, 0.0000000000000000000, 0.0000000000000000000 ) ) ;
#4559 = DIRECTION ( 'NONE',  ( -0.0000000000000000000, -0.0000000000000000000, 1.000000000000000000 ) ) ;
#4560 = CARTESIAN_POINT ( 'NONE',  ( 0.0000000000000000000, 0.0000000000000000000, 9.000613939483383100 ) ) ;
#4561 = CARTESIAN_POINT ( 'NONE',  ( -19.59160193829833900, 12.61986806772298100, 14.70569998825911100 ) ) ;
#4562 = DIRECTION ( 'NONE',  ( 1.000000000000000000, 0.0000000000000000000, 0.0000000000000000000 ) ) ;
#4563 = DIRECTION ( 'NONE',  ( -0.0000000000000000000, -0.0000000000000000000, 1.000000000000000000 ) ) ;
#4564 = CARTESIAN_POINT ( 'NONE',  ( 0.0000000000000000000, 0.0000000000000000000, 9.000613939483383100 ) ) ;
#4565 = DIRECTION ( 'NONE',  ( 1.000000000000000000, 0.0000000000000000000, 0.0000000000000000000 ) ) ;
#4566 = DIRECTION ( 'NONE',  ( -0.0000000000000000000, -0.0000000000000000000, 1.000000000000000000 ) ) ;
#4567 = CARTESIAN_POINT ( 'NONE',  ( -20.25449912547539100, 12.45608417469010800, 14.73499078232415900 ) ) ;
#4568 = CARTESIAN_POINT ( 'NONE',  ( 0.0000000000000000000, 0.0000000000000000000, 9.000613939483383100 ) ) ;
#4569 = CARTESIAN_POINT ( 'NONE',  ( -20.58997797064428400, 12.42855340661479600, 14.75947069550510100 ) ) ;
#4570 = DIRECTION ( 'NONE',  ( 1.000000000000000000, 0.0000000000000000000, 0.0000000000000000000 ) ) ;
#4571 = DIRECTION ( 'NONE',  ( -0.0000000000000000000, -0.0000000000000000000, 1.000000000000000000 ) ) ;
#4572 = CARTESIAN_POINT ( 'NONE',  ( 0.0000000000000000000, 0.0000000000000000000, 9.000613939483383100 ) ) ;
#4573 = DIRECTION ( 'NONE',  ( 1.000000000000000000, 0.0000000000000000000, 0.0000000000000000000 ) ) ;
#4574 = DIRECTION ( 'NONE',  ( -0.0000000000000000000, -0.0000000000000000000, 1.000000000000000000 ) ) ;
#4575 = CARTESIAN_POINT ( 'NONE',  ( 0.0000000000000000000, 0.0000000000000000000, 9.000613939483383100 ) ) ;
#4576 = DIRECTION ( 'NONE',  ( 1.000000000000000000, 0.0000000000000000000, 0.0000000000000000000 ) ) ;
#4577 = CARTESIAN_POINT ( 'NONE',  ( -20.92883945067108100, 12.45469736893879400, 14.80119978596192400 ) ) ;
#4578 = DIRECTION ( 'NONE',  ( -0.0000000000000000000, -0.0000000000000000000, 1.000000000000000000 ) ) ;
#4579 = CARTESIAN_POINT ( 'NONE',  ( 0.0000000000000000000, 0.0000000000000000000, 9.000613939483383100 ) ) ;
#4580 = DIRECTION ( 'NONE',  ( 1.000000000000000000, 0.0000000000000000000, 0.0000000000000000000 ) ) ;
#4581 = DIRECTION ( 'NONE',  ( -0.0000000000000000000, -0.0000000000000000000, 1.000000000000000000 ) ) ;
#4582 = CARTESIAN_POINT ( 'NONE',  ( 0.0000000000000000000, 0.0000000000000000000, 9.000613939483383100 ) ) ;
#4583 = DIRECTION ( 'NONE',  ( 1.000000000000000000, 0.0000000000000000000, 0.0000000000000000000 ) ) ;
#4584 = DIRECTION ( 'NONE',  ( -0.0000000000000000000, -0.0000000000000000000, 1.000000000000000000 ) ) ;
#4585 = CARTESIAN_POINT ( 'NONE',  ( 0.0000000000000000000, 0.0000000000000000000, 9.000613939483383100 ) ) ;
#4586 = CARTESIAN_POINT ( 'NONE',  ( -17.70669609022176500, 16.72150474310479900, 14.80119978596567500 ) ) ;
#4587 = DIRECTION ( 'NONE',  ( 1.000000000000000000, 0.0000000000000000000, 0.0000000000000000000 ) ) ;
#4588 = DIRECTION ( 'NONE',  ( -0.0000000000000000000, -0.0000000000000000000, 1.000000000000000000 ) ) ;
#4589 = CARTESIAN_POINT ( 'NONE',  ( 0.0000000000000000000, 0.0000000000000000000, 9.000613939483383100 ) ) ;
#4590 = DIRECTION ( 'NONE',  ( 1.000000000000000000, 0.0000000000000000000, 0.0000000000000000000 ) ) ;
#4591 = DIRECTION ( 'NONE',  ( -0.0000000000000000000, -0.0000000000000000000, 1.000000000000000000 ) ) ;
#4592 = CARTESIAN_POINT ( 'NONE',  ( -17.58881732217026100, 16.40273645145394400, 14.75947105346020100 ) ) ;
#4593 = CARTESIAN_POINT ( 'NONE',  ( 0.0000000000000000000, 0.0000000000000000000, 9.000613939483383100 ) ) ;
#4594 = DIRECTION ( 'NONE',  ( 1.000000000000000000, 0.0000000000000000000, 0.0000000000000000000 ) ) ;
#4595 = DIRECTION ( 'NONE',  ( -0.0000000000000000000, -0.0000000000000000000, 1.000000000000000000 ) ) ;
#4596 = CARTESIAN_POINT ( 'NONE',  ( 0.0000000000000000000, 0.0000000000000000000, 9.000613939483383100 ) ) ;
#4597 = DIRECTION ( 'NONE',  ( 1.000000000000000000, 0.0000000000000000000, 0.0000000000000000000 ) ) ;
#4598 = DIRECTION ( 'NONE',  ( -0.0000000000000000000, -0.0000000000000000000, 1.000000000000000000 ) ) ;
#4599 = CARTESIAN_POINT ( 'NONE',  ( -17.52340873709803000, 16.07232125744049300, 14.73496825494221900 ) ) ;
#4600 = CARTESIAN_POINT ( 'NONE',  ( 0.0000000000000000000, 0.0000000000000000000, 9.000613939483383100 ) ) ;
#4601 = CARTESIAN_POINT ( 'NONE',  ( -17.49964166342389000, 15.38898316969763200, 14.70566514290390500 ) ) ;
#4602 = DIRECTION ( 'NONE',  ( 1.000000000000000000, 0.0000000000000000000, 0.0000000000000000000 ) ) ;
#4603 = DIRECTION ( 'NONE',  ( -0.0000000000000000000, -0.0000000000000000000, 1.000000000000000000 ) ) ;
#4604 = CARTESIAN_POINT ( 'NONE',  ( 0.0000000000000000000, 0.0000000000000000000, 9.000613939483383100 ) ) ;
#4605 = CARTESIAN_POINT ( 'NONE',  ( -17.54196370359220200, 15.05373907700419900, 14.70143847924587600 ) ) ;
#4606 = DIRECTION ( 'NONE',  ( 1.000000000000000000, 0.0000000000000000000, 0.0000000000000000000 ) ) ;
#4607 = DIRECTION ( 'NONE',  ( -0.0000000000000000000, -0.0000000000000000000, 1.000000000000000000 ) ) ;
#4608 = CARTESIAN_POINT ( 'NONE',  ( 0.0000000000000000000, 0.0000000000000000000, 25.69938606051658800 ) ) ;
#4609 = CARTESIAN_POINT ( 'NONE',  ( -17.63811027734971400, 14.72615020202952400, 14.69999999999999900 ) ) ;
#4610 = DIRECTION ( 'NONE',  ( 1.000000000000000000, 0.0000000000000000000, 0.0000000000000000000 ) ) ;
#4611 = DIRECTION ( 'NONE',  ( -0.0000000000000000000, -0.0000000000000000000, 1.000000000000000000 ) ) ;
#4612 = CARTESIAN_POINT ( 'NONE',  ( 0.0000000000000000000, 0.0000000000000000000, 25.69938606051658800 ) ) ;
#4613 = DIRECTION ( 'NONE',  ( 1.000000000000000000, 0.0000000000000000000, 0.0000000000000000000 ) ) ;
#4614 = DIRECTION ( 'NONE',  ( -0.0000000000000000000, -0.0000000000000000000, 1.000000000000000000 ) ) ;
#4615 = CARTESIAN_POINT ( 'NONE',  ( 0.0000000000000000000, 0.0000000000000000000, 25.69938606051658800 ) ) ;
#4616 = DIRECTION ( 'NONE',  ( 1.000000000000000000, 0.0000000000000000000, 0.0000000000000000000 ) ) ;
#4617 = DIRECTION ( 'NONE',  ( -0.0000000000000000000, -0.0000000000000000000, 1.000000000000000000 ) ) ;
#4618 = CARTESIAN_POINT ( 'NONE',  ( 0.0000000000000000000, 0.0000000000000000000, 25.69938606051658800 ) ) ;
#4619 = DIRECTION ( 'NONE',  ( 1.000000000000000000, 0.0000000000000000000, 0.0000000000000000000 ) ) ;
#4620 = DIRECTION ( 'NONE',  ( 1.000000000000000000, 0.0000000000000000000, 0.0000000000000000000 ) ) ;
#4621 = DIRECTION ( 'NONE',  ( -0.0000000000000000000, -0.0000000000000000000, 1.000000000000000000 ) ) ;
#4622 = CARTESIAN_POINT ( 'NONE',  ( 0.0000000000000000000, 0.0000000000000000000, 25.69938606051658800 ) ) ;
#4623 = DIRECTION ( 'NONE',  ( 1.000000000000000000, 0.0000000000000000000, 0.0000000000000000000 ) ) ;
#4624 = DIRECTION ( 'NONE',  ( -0.0000000000000000000, -0.0000000000000000000, 1.000000000000000000 ) ) ;
#4625 = CARTESIAN_POINT ( 'NONE',  ( 0.0000000000000000000, 0.0000000000000000000, 25.69938606051658800 ) ) ;
#4626 = DIRECTION ( 'NONE',  ( -0.0000000000000000000, -0.0000000000000000000, -1.000000000000000000 ) ) ;
#4627 = DIRECTION ( 'NONE',  ( 1.000000000000000000, 0.0000000000000000000, 0.0000000000000000000 ) ) ;
#4628 = CARTESIAN_POINT ( 'NONE',  ( -20.68460653110361500, 15.62028977495058900, 14.69999999999999900 ) ) ;
#4629 = DIRECTION ( 'NONE',  ( -0.0000000000000000000, -0.0000000000000000000, 1.000000000000000000 ) ) ;
#4630 = CARTESIAN_POINT ( 'NONE',  ( 0.0000000000000000000, 0.0000000000000000000, 25.69938606051658800 ) ) ;
#4631 = DIRECTION ( 'NONE',  ( 1.000000000000000000, 0.0000000000000000000, 0.0000000000000000000 ) ) ;
#4632 = DIRECTION ( 'NONE',  ( -0.0000000000000000000, -0.0000000000000000000, 1.000000000000000000 ) ) ;
#4633 = CARTESIAN_POINT ( 'NONE',  ( 0.0000000000000000000, 0.0000000000000000000, 25.69938606051658800 ) ) ;
#4634 = DIRECTION ( 'NONE',  ( 1.000000000000000000, 0.0000000000000000000, 0.0000000000000000000 ) ) ;
#4635 = DIRECTION ( 'NONE',  ( -0.0000000000000000000, -0.0000000000000000000, 1.000000000000000000 ) ) ;
#4636 = CARTESIAN_POINT ( 'NONE',  ( 0.0000000000000000000, 0.0000000000000000000, 25.69938606051658800 ) ) ;
#4637 = CARTESIAN_POINT ( 'NONE',  ( -17.70669609021116700, 16.72150474307613200, 19.89880021403806200 ) ) ;
#4638 = DIRECTION ( 'NONE',  ( 1.000000000000000000, 0.0000000000000000000, 0.0000000000000000000 ) ) ;
#4639 = DIRECTION ( 'NONE',  ( -0.0000000000000000000, -0.0000000000000000000, 1.000000000000000000 ) ) ;
#4640 = CARTESIAN_POINT ( 'NONE',  ( -17.94695235558201700, 17.37120681019841200, 19.81375021227640000 ) ) ;
#4641 = CARTESIAN_POINT ( 'NONE',  ( 0.0000000000000000000, 0.0000000000000000000, 25.69938606051658800 ) ) ;
#4642 = DIRECTION ( 'NONE',  ( 1.000000000000000000, 0.0000000000000000000, 0.0000000000000000000 ) ) ;
#4643 = DIRECTION ( 'NONE',  ( -0.0000000000000000000, -0.0000000000000000000, 1.000000000000000000 ) ) ;
#4644 = CARTESIAN_POINT ( 'NONE',  ( 0.0000000000000000000, 0.0000000000000000000, 25.69938606051658800 ) ) ;
#4645 = DIRECTION ( 'NONE',  ( 1.000000000000000000, 0.0000000000000000000, 0.0000000000000000000 ) ) ;
#4646 = DIRECTION ( 'NONE',  ( -0.0000000000000000000, -0.0000000000000000000, 1.000000000000000000 ) ) ;
#4647 = CARTESIAN_POINT ( 'NONE',  ( 0.0000000000000000000, 0.0000000000000000000, 25.69938606051658800 ) ) ;
#4648 = CARTESIAN_POINT ( 'NONE',  ( -18.15329339058875000, 18.01599616749605200, 19.67825453942819200 ) ) ;
#4649 = DIRECTION ( 'NONE',  ( 1.000000000000000000, 0.0000000000000000000, 0.0000000000000000000 ) ) ;
#4650 = DIRECTION ( 'NONE',  ( -0.0000000000000000000, -0.0000000000000000000, 1.000000000000000000 ) ) ;
#4651 = CARTESIAN_POINT ( 'NONE',  ( -18.50595227806196900, 19.29584287101048900, 19.31432898171096100 ) ) ;
#4652 = CARTESIAN_POINT ( 'NONE',  ( 0.0000000000000000000, 0.0000000000000000000, 25.69938606051658800 ) ) ;
#4653 = DIRECTION ( 'NONE',  ( -0.0000000000000000000, -0.0000000000000000000, -1.000000000000000000 ) ) ;
#4654 = CARTESIAN_POINT ( 'NONE',  ( 2.000000000000000000, 7.799999999999999800, 20.58291489492222600 ) ) ;
#4655 = DIRECTION ( 'NONE',  ( -0.0000000000000000000, -0.0000000000000000000, -1.000000000000000000 ) ) ;
#4656 = CARTESIAN_POINT ( 'NONE',  ( 2.000000000000000000, 7.799999999999999800, 20.58291489492222600 ) ) ;
#4657 = CARTESIAN_POINT ( 'NONE',  ( -18.65221135755620500, 19.93090471094719600, 19.08585750622434000 ) ) ;
#4658 = DIRECTION ( 'NONE',  ( 0.0000000000000000000, 0.0000000000000000000, 1.000000000000000000 ) ) ;
#4659 = DIRECTION ( 'NONE',  ( 0.0000000000000000000, 1.000000000000000000, -0.0000000000000000000 ) ) ;
#4660 = CARTESIAN_POINT ( 'NONE',  ( -18.77110955154442000, 20.55992729239380500, 18.80937500000001700 ) ) ;
#4661 = CARTESIAN_POINT ( 'NONE',  ( 0.0000000000000000000, 7.800000000000001600, 6.999999999999895200 ) ) ;
#4662 = DIRECTION ( 'NONE',  ( 0.0000000000000000000, 0.0000000000000000000, -1.000000000000000000 ) ) ;
#4663 = DIRECTION ( 'NONE',  ( 0.0000000000000000000, -1.000000000000000000, 0.0000000000000000000 ) ) ;
#4664 = CARTESIAN_POINT ( 'NONE',  ( 0.0000000000000000000, 7.799999999999999800, 6.999999999999895200 ) ) ;
#4665 = CARTESIAN_POINT ( 'NONE',  ( -18.77110955154442000, 20.55992729239380500, 15.89062500000004600 ) ) ;
#4666 = DIRECTION ( 'NONE',  ( 1.000000000000000000, 0.0000000000000000000, 0.0000000000000000000 ) ) ;
#4667 = DIRECTION ( 'NONE',  ( -0.0000000000000000000, -0.0000000000000000000, -1.000000000000000000 ) ) ;
#4668 = CARTESIAN_POINT ( 'NONE',  ( 0.0000000000000000000, 0.0000000000000000000, 0.0000000000000000000 ) ) ;
#4669 = DIRECTION ( 'NONE',  ( -0.0000000000000000000, -1.000000000000000000, -0.0000000000000000000 ) ) ;
#4670 = CARTESIAN_POINT ( 'NONE',  ( 2.000000000000000000, 5.656854249492379700, 0.0000000000000000000 ) ) ;
#4671 = CARTESIAN_POINT ( 'NONE',  ( -18.65221154193309900, 19.93090568638028500, 15.61414292252048800 ) ) ;
#4672 = DIRECTION ( 'NONE',  ( -1.000000000000000000, 0.0000000000000000000, 0.0000000000000000000 ) ) ;
#4673 = DIRECTION ( 'NONE',  ( 0.0000000000000000000, 0.0000000000000000000, -1.000000000000000000 ) ) ;
#4674 = CARTESIAN_POINT ( 'NONE',  ( -18.50595264219738200, 19.29584435570491900, 15.38567151605139900 ) ) ;
#4675 = CARTESIAN_POINT ( 'NONE',  ( 0.0000000000000000000, 0.0000000000000000000, 0.0000000000000000000 ) ) ;
#4676 = DIRECTION ( 'NONE',  ( 0.0000000000000000000, 1.000000000000000000, 0.0000000000000000000 ) ) ;
#4677 = CARTESIAN_POINT ( 'NONE',  ( -2.000000000000000000, 5.656854249492379700, 0.0000000000000000000 ) ) ;
#4678 = CARTESIAN_POINT ( 'NONE',  ( -18.15329385319983000, 18.01599768317660400, 15.02174581596891100 ) ) ;
#4679 = CARTESIAN_POINT ( 'NONE',  ( -12.87444689182548500, -10.31981672461120400, 6.999999999999895200 ) ) ;
#4680 = CARTESIAN_POINT ( 'NONE',  ( -12.87444689182548400, -10.31981672461120400, 7.163283844323908400 ) ) ;
#4681 = CARTESIAN_POINT ( 'NONE',  ( -17.94695273997582800, 17.37120784967790100, 14.88624992379785500 ) ) ;
#4682 = CARTESIAN_POINT ( 'NONE',  ( -12.88482486456711700, -10.30690729916277000, 7.329158573219309000 ) ) ;
#4683 = CARTESIAN_POINT ( 'NONE',  ( -12.92520537757352100, -10.25622327231844400, 7.650046315214187800 ) ) ;
#4684 = CARTESIAN_POINT ( 'NONE',  ( -12.95497471321878900, -10.21873961170595100, 7.805901346399708500 ) ) ;
#4685 = CARTESIAN_POINT ( 'NONE',  ( -17.70669609022176500, 16.72150474310479900, 14.80119978596567500 ) ) ;
#4686 = CARTESIAN_POINT ( 'NONE',  ( -13.03301896923290600, -10.11901307537458000, 8.108442660840568200 ) ) ;
#4687 = CARTESIAN_POINT ( 'NONE',  ( -13.08148690792405900, -10.05649152100647300, 8.254745323132125300 ) ) ;
#4688 = CARTESIAN_POINT ( 'NONE',  ( -13.19188048440468600, -9.911236588814050600, 8.525307521360062400 ) ) ;
#4689 = CARTESIAN_POINT ( 'NONE',  ( -13.25420703301374900, -9.828007116651145100, 8.651341321284590400 ) ) ;
#4690 = CARTESIAN_POINT ( 'NONE',  ( -13.39244060566207800, -9.638789477042760000, 8.884309925580891900 ) ) ;
#4691 = CARTESIAN_POINT ( 'NONE',  ( -13.46639501794676100, -9.535441387329321100, 8.987879653854768900 ) ) ;
#4692 = DIRECTION ( 'NONE',  ( -0.0000000000000000000, -0.0000000000000000000, -1.000000000000000000 ) ) ;
#4693 = CARTESIAN_POINT ( 'NONE',  ( -13.62150095838412900, -9.312526449429011400, 9.168786816071502700 ) ) ;
#4694 = CARTESIAN_POINT ( 'NONE',  ( -13.70372127568684200, -9.191357380157418400, 9.247003916202919200 ) ) ;
#4695 = CARTESIAN_POINT ( 'NONE',  ( -13.87045145330987200, -8.937762794618146600, 9.372486899347444800 ) ) ;
#4696 = CARTESIAN_POINT ( 'NONE',  ( -13.95446191325408100, -8.806176692292668300, 9.419787198639490100 ) ) ;
#4697 = CARTESIAN_POINT ( 'NONE',  ( -14.12310918860500700, -8.533085143784655100, 9.483740142954179200 ) ) ;
#4698 = CARTESIAN_POINT ( 'NONE',  ( -17.70669609021116700, 16.72150474307613200, 20.00000000000000000 ) ) ;
#4699 = CARTESIAN_POINT ( 'NONE',  ( -14.20823312078252900, -8.390636793848701200, 9.500060867932967700 ) ) ;
#4700 = CARTESIAN_POINT ( 'NONE',  ( -14.37153954523668300, -8.107744774010043900, 9.499938782835219100 ) ) ;
#4701 = CARTESIAN_POINT ( 'NONE',  ( -14.45062450746926300, -7.965898123820983800, 9.484028228086760500 ) ) ;
#4702 = CARTESIAN_POINT ( 'NONE',  ( -14.60377756569855200, -7.681520838126122200, 9.419761450841992500 ) ) ;
#4703 = CARTESIAN_POINT ( 'NONE',  ( -14.67656275597331800, -7.541299443914101500, 9.371651750094903500 ) ) ;
#4704 = CARTESIAN_POINT ( 'NONE',  ( -14.81180214509506500, -7.272084216189970400, 9.246917507581292400 ) ) ;
#4705 = CARTESIAN_POINT ( 'NONE',  ( -14.87526617934575800, -7.141096252401095700, 9.169412409553654400 ) ) ;
#4706 = CARTESIAN_POINT ( 'NONE',  ( -14.99188585415577200, -6.892906362950888000, 8.986650722971839800 ) ) ;
#4707 = CARTESIAN_POINT ( 'NONE',  ( -15.04406943788375300, -6.777860422760405800, 8.883250812933248100 ) ) ;
#4708 = DIRECTION ( 'NONE',  ( 1.000000000000000000, 0.0000000000000000000, 0.0000000000000000000 ) ) ;
#4709 = CARTESIAN_POINT ( 'NONE',  ( -15.13774519620271500, -6.565979556557534700, 8.653013936905573200 ) ) ;
#4710 = CARTESIAN_POINT ( 'NONE',  ( -15.17955269733923600, -6.468349395742208700, 8.524612329573733000 ) ) ;
#4711 = DIRECTION ( 'NONE',  ( -0.0000000000000000000, -0.0000000000000000000, 1.000000000000000000 ) ) ;
#4712 = CARTESIAN_POINT ( 'NONE',  ( -15.25032234437233200, -6.299685102402762900, 8.253018481277550200 ) ) ;
#4713 = CARTESIAN_POINT ( 'NONE',  ( -15.27963425914035200, -6.227904865437649200, 8.109509169634124600 ) ) ;
#4714 = CARTESIAN_POINT ( 'NONE',  ( -15.32705774943119400, -6.110263730121527500, 7.806848507763036500 ) ) ;
#4715 = CARTESIAN_POINT ( 'NONE',  ( -15.34494959707783800, -6.064945009004883800, 7.647929634617034900 ) ) ;
#4716 = CARTESIAN_POINT ( 'NONE',  ( 0.0000000000000000000, 0.0000000000000000000, 18.80937500000001700 ) ) ;
#4717 = CARTESIAN_POINT ( 'NONE',  ( -15.36849591642057100, -6.005028673210210500, 7.328062143721991700 ) ) ;
#4718 = CARTESIAN_POINT ( 'NONE',  ( -15.37444689182551200, -5.989689705689026600, 7.165437703633894100 ) ) ;
#4719 = CARTESIAN_POINT ( 'NONE',  ( -15.37444689182550700, -5.989689705689021300, 6.999999999999893400 ) ) ;
#4720 = DIRECTION ( 'NONE',  ( 1.000000000000000000, 0.0000000000000000000, 0.0000000000000000000 ) ) ;
#4721 = DIRECTION ( 'NONE',  ( 1.000000000000000000, 0.0000000000000000000, 0.0000000000000000000 ) ) ;
#4722 = DIRECTION ( 'NONE',  ( 0.0000000000000000000, 0.0000000000000000000, 1.000000000000000000 ) ) ;
#4723 = CARTESIAN_POINT ( 'NONE',  ( 0.0000000000000000000, 0.0000000000000000000, 0.2000000000000005100 ) ) ;
#4724 = DIRECTION ( 'NONE',  ( -0.0000000000000000000, -0.0000000000000000000, 1.000000000000000000 ) ) ;
#4725 = DIRECTION ( 'NONE',  ( 1.000000000000000000, 0.0000000000000000000, 0.0000000000000000000 ) ) ;
#4726 = DIRECTION ( 'NONE',  ( 0.0000000000000000000, 0.0000000000000000000, 1.000000000000000000 ) ) ;
#4727 = CARTESIAN_POINT ( 'NONE',  ( 0.0000000000000000000, 0.0000000000000000000, 20.00000000000000000 ) ) ;
#4728 = DIRECTION ( 'NONE',  ( 1.000000000000000000, 0.0000000000000000000, 0.0000000000000000000 ) ) ;
#4729 = DIRECTION ( 'NONE',  ( 0.0000000000000000000, 0.0000000000000000000, 1.000000000000000000 ) ) ;
#4730 = CARTESIAN_POINT ( 'NONE',  ( 0.0000000000000000000, 0.0000000000000000000, 20.00000000000000000 ) ) ;
#4731 = CARTESIAN_POINT ( 'NONE',  ( 0.0000000000000000000, 0.0000000000000000000, 15.89062500000004600 ) ) ;
#4732 = DIRECTION ( 'NONE',  ( 1.000000000000000000, 0.0000000000000000000, 0.0000000000000000000 ) ) ;
#4733 = DIRECTION ( 'NONE',  ( 0.0000000000000000000, 0.0000000000000000000, 1.000000000000000000 ) ) ;
#4734 = CARTESIAN_POINT ( 'NONE',  ( 0.0000000000000000000, 0.0000000000000000000, 20.00000000000000000 ) ) ;
#4735 = DIRECTION ( 'NONE',  ( 1.000000000000000000, 0.0000000000000000000, 0.0000000000000000000 ) ) ;
#4736 = DIRECTION ( 'NONE',  ( 0.0000000000000000000, 0.0000000000000000000, 1.000000000000000000 ) ) ;
#4737 = DIRECTION ( 'NONE',  ( -0.0000000000000000000, -0.0000000000000000000, -1.000000000000000000 ) ) ;
#4738 = CARTESIAN_POINT ( 'NONE',  ( 0.0000000000000000000, 0.0000000000000000000, 20.00000000000000000 ) ) ;
#4739 = DIRECTION ( 'NONE',  ( 1.000000000000000000, 0.0000000000000000000, 0.0000000000000000000 ) ) ;
#4740 = DIRECTION ( 'NONE',  ( 0.0000000000000000000, 0.0000000000000000000, 1.000000000000000000 ) ) ;
#4741 = CARTESIAN_POINT ( 'NONE',  ( -18.77111126053058500, 20.55993633367520700, 20.00000000000000000 ) ) ;
#4742 = CARTESIAN_POINT ( 'NONE',  ( 0.0000000000000000000, 0.0000000000000000000, 20.00000000000000000 ) ) ;
#4743 = DIRECTION ( 'NONE',  ( 1.000000000000000000, 0.0000000000000000000, 0.0000000000000000000 ) ) ;
#4744 = DIRECTION ( 'NONE',  ( 0.0000000000000000000, 0.0000000000000000000, 1.000000000000000000 ) ) ;
#4745 = CARTESIAN_POINT ( 'NONE',  ( 0.0000000000000000000, 0.0000000000000000000, 20.00000000000000000 ) ) ;
#4746 = DIRECTION ( 'NONE',  ( 1.000000000000000000, 0.0000000000000000000, 0.0000000000000000000 ) ) ;
#4747 = DIRECTION ( 'NONE',  ( 0.0000000000000000000, 0.0000000000000000000, 1.000000000000000000 ) ) ;
#4748 = CARTESIAN_POINT ( 'NONE',  ( -18.74024635835311500, 20.58806281544805100, 18.80937500000001700 ) ) ;
#4749 = CARTESIAN_POINT ( 'NONE',  ( 0.0000000000000000000, 0.0000000000000000000, 20.00000000000000000 ) ) ;
#4750 = CARTESIAN_POINT ( 'NONE',  ( -18.12487402756654500, 20.41163618811538800, 19.08585751308892100 ) ) ;
#4751 = DIRECTION ( 'NONE',  ( 1.000000000000000000, 0.0000000000000000000, 0.0000000000000000000 ) ) ;
#4752 = DIRECTION ( 'NONE',  ( 0.0000000000000000000, 0.0000000000000000000, 1.000000000000000000 ) ) ;
#4753 = CARTESIAN_POINT ( 'NONE',  ( 0.0000000000000000000, 0.0000000000000000000, 20.00000000000000000 ) ) ;
#4754 = CARTESIAN_POINT ( 'NONE',  ( -17.50601632693140500, 20.20740490631680700, 19.31432898968693800 ) ) ;
#4755 = DIRECTION ( 'NONE',  ( 1.000000000000000000, 0.0000000000000000000, 0.0000000000000000000 ) ) ;
#4756 = DIRECTION ( 'NONE',  ( 0.0000000000000000000, 0.0000000000000000000, 1.000000000000000000 ) ) ;
#4757 = CARTESIAN_POINT ( 'NONE',  ( -16.26416848045914800, 19.73816104216546600, 19.67825454512619400 ) ) ;
#4758 = CARTESIAN_POINT ( 'NONE',  ( -15.64116843715702900, 19.47320656739000800, 19.81375021445870400 ) ) ;
#4759 = CARTESIAN_POINT ( 'NONE',  ( 0.0000000000000000000, 0.0000000000000000000, 20.00000000000000000 ) ) ;
#4760 = DIRECTION ( 'NONE',  ( 1.000000000000000000, 0.0000000000000000000, 0.0000000000000000000 ) ) ;
#4761 = CARTESIAN_POINT ( 'NONE',  ( -15.01640595201531300, 19.17402825670168200, 19.89880021403609700 ) ) ;
#4762 = DIRECTION ( 'NONE',  ( 0.0000000000000000000, 0.0000000000000000000, 1.000000000000000000 ) ) ;
#4763 = CARTESIAN_POINT ( 'NONE',  ( 0.0000000000000000000, 0.0000000000000000000, 20.00000000000000000 ) ) ;
#4764 = DIRECTION ( 'NONE',  ( 1.000000000000000000, 0.0000000000000000000, 0.0000000000000000000 ) ) ;
#4765 = DIRECTION ( 'NONE',  ( 0.0000000000000000000, 0.0000000000000000000, 1.000000000000000000 ) ) ;
#4766 = CARTESIAN_POINT ( 'NONE',  ( 0.0000000000000000000, 0.0000000000000000000, 20.00000000000000000 ) ) ;
#4767 = DIRECTION ( 'NONE',  ( 1.000000000000000000, 0.0000000000000000000, 0.0000000000000000000 ) ) ;
#4768 = CARTESIAN_POINT ( 'NONE',  ( -15.01640595200087700, 19.17402825669477200, 14.80119978596192500 ) ) ;
#4769 = DIRECTION ( 'NONE',  ( 0.0000000000000000000, 0.0000000000000000000, 1.000000000000000000 ) ) ;
#4770 = CARTESIAN_POINT ( 'NONE',  ( 0.0000000000000000000, 0.0000000000000000000, 20.00000000000000000 ) ) ;
#4771 = DIRECTION ( 'NONE',  ( 1.000000000000000000, 0.0000000000000000000, 0.0000000000000000000 ) ) ;
#4772 = DIRECTION ( 'NONE',  ( -0.0000000000000000000, -0.0000000000000000000, 1.000000000000000000 ) ) ;
#4773 = CARTESIAN_POINT ( 'NONE',  ( 0.0000000000000000000, 0.0000000000000000000, 25.69938606051658800 ) ) ;
#4774 = CARTESIAN_POINT ( 'NONE',  ( -15.64116941214772900, 19.47320703428115600, 14.88624991826845600 ) ) ;
#4775 = DIRECTION ( 'NONE',  ( 1.000000000000000000, 0.0000000000000000000, 0.0000000000000000000 ) ) ;
#4776 = DIRECTION ( 'NONE',  ( -0.0000000000000000000, -0.0000000000000000000, 1.000000000000000000 ) ) ;
#4777 = CARTESIAN_POINT ( 'NONE',  ( 0.0000000000000000000, 0.0000000000000000000, 25.69938606051658800 ) ) ;
#4778 = DIRECTION ( 'NONE',  ( 1.000000000000000000, 0.0000000000000000000, 0.0000000000000000000 ) ) ;
#4779 = DIRECTION ( 'NONE',  ( -0.0000000000000000000, -0.0000000000000000000, 1.000000000000000000 ) ) ;
#4780 = CARTESIAN_POINT ( 'NONE',  ( 0.0000000000000000000, 0.0000000000000000000, 25.69938606051658800 ) ) ;
#4781 = DIRECTION ( 'NONE',  ( 1.000000000000000000, 0.0000000000000000000, 0.0000000000000000000 ) ) ;
#4782 = DIRECTION ( 'NONE',  ( -0.0000000000000000000, -0.0000000000000000000, 1.000000000000000000 ) ) ;
#4783 = CARTESIAN_POINT ( 'NONE',  ( 0.0000000000000000000, 0.0000000000000000000, 25.69938606051658800 ) ) ;
#4784 = DIRECTION ( 'NONE',  ( 0.0000000000000000000, 0.0000000000000000000, 1.000000000000000000 ) ) ;
#4785 = DIRECTION ( 'NONE',  ( -1.000000000000000000, 0.0000000000000000000, 0.0000000000000000000 ) ) ;
#4786 = CARTESIAN_POINT ( 'NONE',  ( -2.000000000000000000, 5.656854249492379700, 20.58291489492222600 ) ) ;
#4787 = PLANE ( 'NONE',  #156 ) ;
#4788 = DIRECTION ( 'NONE',  ( -1.000000000000000000, 0.0000000000000000000, 0.0000000000000000000 ) ) ;
#4789 = DIRECTION ( 'NONE',  ( -0.0000000000000000000, -0.0000000000000000000, -1.000000000000000000 ) ) ;
#4790 = CARTESIAN_POINT ( 'NONE',  ( 0.0000000000000000000, 0.0000000000000000000, 20.58291489492222600 ) ) ;
#4791 = DIRECTION ( 'NONE',  ( 0.0000000000000000000, 0.0000000000000000000, -1.000000000000000000 ) ) ;
#4792 = DIRECTION ( 'NONE',  ( 1.000000000000000000, 0.0000000000000000000, 0.0000000000000000000 ) ) ;
#4793 = CARTESIAN_POINT ( 'NONE',  ( 2.000000000000000000, 5.656854249492379700, 20.58291489492222600 ) ) ;
#4794 = PLANE ( 'NONE',  #3238 ) ;
#4795 = DIRECTION ( 'NONE',  ( 0.0000000000000000000, 0.0000000000000000000, 1.000000000000000000 ) ) ;
#4796 = DIRECTION ( 'NONE',  ( 0.0000000000000000000, 1.000000000000000000, -0.0000000000000000000 ) ) ;
#4797 = CARTESIAN_POINT ( 'NONE',  ( 2.000000000000000000, 7.799999999999999800, 20.58291489492222600 ) ) ;
#4798 = CARTESIAN_POINT ( 'NONE',  ( -16.26416991091832600, 19.73816162788270700, 15.02174580152935400 ) ) ;
#4799 = PLANE ( 'NONE',  #3235 ) ;
#4800 = CARTESIAN_POINT ( 'NONE',  ( -17.50601773616079300, 20.20740539360243900, 15.38567149583306200 ) ) ;
#4801 = DIRECTION ( 'NONE',  ( 0.0000000000000000000, -0.0000000000000000000, -1.000000000000000000 ) ) ;
#4802 = DIRECTION ( 'NONE',  ( 0.0000000000000000000, -1.000000000000000000, 0.0000000000000000000 ) ) ;
#4803 = CARTESIAN_POINT ( 'NONE',  ( -18.12487495835904700, 20.41163645497912400, 15.61414290511209800 ) ) ;
#4804 = CARTESIAN_POINT ( 'NONE',  ( 0.0000000000000000000, 7.799999999999999800, 6.999999999999895200 ) ) ;
#4805 = CARTESIAN_POINT ( 'NONE',  ( -18.74024635835311200, 20.58806281544804800, 15.89062500000004600 ) ) ;
#4806 = PLANE ( 'NONE',  #2373 ) ;
#4807 = DIRECTION ( 'NONE',  ( 0.0000000000000000000, -0.0000000000000000000, -1.000000000000000000 ) ) ;
#4808 = DIRECTION ( 'NONE',  ( 0.0000000000000000000, -1.000000000000000000, 0.0000000000000000000 ) ) ;
#4809 = CARTESIAN_POINT ( 'NONE',  ( 0.0000000000000000000, 7.799999999999999800, 6.999999999999895200 ) ) ;
#4810 = DIRECTION ( 'NONE',  ( -0.0000000000000000000, -0.0000000000000000000, -1.000000000000000000 ) ) ;
#4811 = PLANE ( 'NONE',  #2355 ) ;
#4812 = DIRECTION ( 'NONE',  ( 0.0000000000000000000, 0.0000000000000000000, -1.000000000000000000 ) ) ;
#4813 = DIRECTION ( 'NONE',  ( -0.0000000000000000000, -1.000000000000000000, -0.0000000000000000000 ) ) ;
#4814 = CARTESIAN_POINT ( 'NONE',  ( 0.0000000000000000000, 27.84048434140092700, 6.999999999999895200 ) ) ;
#4815 = CARTESIAN_POINT ( 'NONE',  ( -18.74025162857811500, 20.58806860532515500, 20.00000000000000000 ) ) ;
#4816 = DIRECTION ( 'NONE',  ( -0.5000000000000036600, 0.8660254037844367100, 0.0000000000000000000 ) ) ;
#4817 = DIRECTION ( 'NONE',  ( 0.8660254037844363800, 0.5000000000000040000, -0.0000000000000000000 ) ) ;
#4818 = CARTESIAN_POINT ( 'NONE',  ( -32.64442266550514700, -18.84726621346951700, 6.999999999999895200 ) ) ;
#4819 = DIRECTION ( 'NONE',  ( 1.000000000000000000, 0.0000000000000000000, 0.0000000000000000000 ) ) ;
#4820 = DIRECTION ( 'NONE',  ( -0.0000000000000000000, -0.0000000000000000000, -1.000000000000000000 ) ) ;
#4821 = CARTESIAN_POINT ( 'NONE',  ( -24.93052067103938900, 7.093344702668686900, 14.69999999999999900 ) ) ;
#4822 = CARTESIAN_POINT ( 'NONE',  ( -22.55150661316980600, 9.195942408474264700, 19.89880021403806200 ) ) ;
#4823 = CARTESIAN_POINT ( 'NONE',  ( -23.01023830303511300, 9.714980898797950500, 19.81375022391706200 ) ) ;
#4824 = CARTESIAN_POINT ( 'NONE',  ( -23.43557034881581200, 10.24169005347929600, 19.67825456982060900 ) ) ;
#4825 = CARTESIAN_POINT ( 'NONE',  ( -24.22674893233647700, 11.30771647779249500, 19.31432902424978700 ) ) ;
#4826 = CARTESIAN_POINT ( 'NONE',  ( -24.59254228953737000, 11.84705916901213400, 19.08585754283063100 ) ) ;
#4827 = CARTESIAN_POINT ( 'NONE',  ( -24.93064076371308600, 12.39065434814842500, 18.80937500000001700 ) ) ;
#4828 = CARTESIAN_POINT ( 'NONE',  ( -24.93064076371308600, 12.39065434814842500, 15.89062500000004600 ) ) ;
#4829 = CARTESIAN_POINT ( 'NONE',  ( -24.59254272434464600, 11.84705986809585300, 15.61414281273623500 ) ) ;
#4830 = CARTESIAN_POINT ( 'NONE',  ( -24.22674965870806900, 11.30771751682480700, 15.38567138854654500 ) ) ;
#4831 = CARTESIAN_POINT ( 'NONE',  ( -23.43557116061065300, 10.24169108695778400, 15.02174572490747200 ) ) ;
#4832 = CARTESIAN_POINT ( 'NONE',  ( -23.01023891168123800, 9.714981587459265100, 14.88624988892742500 ) ) ;
#4833 = CARTESIAN_POINT ( 'NONE',  ( -22.55150661318513300, 9.195942408491610800, 14.80119978596476600 ) ) ;
#4834 = ORIENTED_EDGE ( 'NONE', *, *, #1034, .T. ) ;
#4835 = ORIENTED_EDGE ( 'NONE', *, *, #1038, .T. ) ;
#4836 = ORIENTED_EDGE ( 'NONE', *, *, #1036, .T. ) ;
#4837 = ORIENTED_EDGE ( 'NONE', *, *, #1035, .T. ) ;
#4838 = ORIENTED_EDGE ( 'NONE', *, *, #1021, .T. ) ;
#4839 = ORIENTED_EDGE ( 'NONE', *, *, #1033, .F. ) ;
#4840 = ORIENTED_EDGE ( 'NONE', *, *, #1032, .F. ) ;
#4841 = ORIENTED_EDGE ( 'NONE', *, *, #1030, .T. ) ;
#4842 = ORIENTED_EDGE ( 'NONE', *, *, #1023, .T. ) ;
#4843 = ORIENTED_EDGE ( 'NONE', *, *, #1025, .F. ) ;
#4844 = ORIENTED_EDGE ( 'NONE', *, *, #1024, .F. ) ;
#4845 = ORIENTED_EDGE ( 'NONE', *, *, #1022, .F. ) ;
#4846 = ORIENTED_EDGE ( 'NONE', *, *, #1028, .T. ) ;
#4847 = ORIENTED_EDGE ( 'NONE', *, *, #1021, .F. ) ;
#4848 = ORIENTED_EDGE ( 'NONE', *, *, #1020, .F. ) ;
#4849 = VERTEX_POINT ( 'NONE', #2071 ) ;
#4850 = VERTEX_POINT ( 'NONE', #2069 ) ;
#4851 = VERTEX_POINT ( 'NONE', #2068 ) ;
#4852 = VERTEX_POINT ( 'NONE', #2067 ) ;
#4853 = VERTEX_POINT ( 'NONE', #2066 ) ;
#4854 = VERTEX_POINT ( 'NONE', #2065 ) ;
#4855 = VERTEX_POINT ( 'NONE', #2064 ) ;
#4856 = VERTEX_POINT ( 'NONE', #2063 ) ;
#4857 = VERTEX_POINT ( 'NONE', #2061 ) ;
#4858 = VERTEX_POINT ( 'NONE', #2060 ) ;
#4859 = VERTEX_POINT ( 'NONE', #2059 ) ;
#4860 = VERTEX_POINT ( 'NONE', #2058 ) ;
#4861 = VERTEX_POINT ( 'NONE', #2057 ) ;
#4862 = VERTEX_POINT ( 'NONE', #2055 ) ;
#4863 = VERTEX_POINT ( 'NONE', #2054 ) ;
#4864 = VERTEX_POINT ( 'NONE', #2052 ) ;
#4865 = VERTEX_POINT ( 'NONE', #2051 ) ;
#4866 = VERTEX_POINT ( 'NONE', #2050 ) ;
#4867 = VERTEX_POINT ( 'NONE', #2048 ) ;
#4868 = VERTEX_POINT ( 'NONE', #2047 ) ;
#4869 = VERTEX_POINT ( 'NONE', #2046 ) ;
#4870 = VERTEX_POINT ( 'NONE', #2044 ) ;
#4871 = VERTEX_POINT ( 'NONE', #2043 ) ;
#4872 = VERTEX_POINT ( 'NONE', #2042 ) ;
#4873 = VERTEX_POINT ( 'NONE', #2041 ) ;
#4874 = VERTEX_POINT ( 'NONE', #2040 ) ;
#4875 = VERTEX_POINT ( 'NONE', #2038 ) ;
#4876 = VERTEX_POINT ( 'NONE', #2037 ) ;
#4877 = VERTEX_POINT ( 'NONE', #2036 ) ;
#4878 = VERTEX_POINT ( 'NONE', #2035 ) ;
#4879 = VERTEX_POINT ( 'NONE', #2034 ) ;
#4880 = VERTEX_POINT ( 'NONE', #10 ) ;
#4881 = VERTEX_POINT ( 'NONE', #75 ) ;
#4882 = VERTEX_POINT ( 'NONE', #11 ) ;
#4883 = VERTEX_POINT ( 'NONE', #16 ) ;
#4884 = VERTEX_POINT ( 'NONE', #65 ) ;
#4885 = VERTEX_POINT ( 'NONE', #114 ) ;
#4886 = VERTEX_POINT ( 'NONE', #1 ) ;
#4887 = VERTEX_POINT ( 'NONE', #117 ) ;
#4888 = VERTEX_POINT ( 'NONE', #115 ) ;
#4889 = VERTEX_POINT ( 'NONE', #116 ) ;
#4890 = VERTEX_POINT ( 'NONE', #113 ) ;
#4891 = VERTEX_POINT ( 'NONE', #102 ) ;
#4892 = VERTEX_POINT ( 'NONE', #104 ) ;
#4893 = VERTEX_POINT ( 'NONE', #105 ) ;
#4894 = VERTEX_POINT ( 'NONE', #107 ) ;
#4895 = VERTEX_POINT ( 'NONE', #108 ) ;
#4896 = VERTEX_POINT ( 'NONE', #95 ) ;
#4897 = VERTEX_POINT ( 'NONE', #97 ) ;
#4898 = VERTEX_POINT ( 'NONE', #98 ) ;
#4899 = VERTEX_POINT ( 'NONE', #99 ) ;
#4900 = VERTEX_POINT ( 'NONE', #100 ) ;
#4901 = VERTEX_POINT ( 'NONE', #20 ) ;
#4902 = VERTEX_POINT ( 'NONE', #44 ) ;
#4903 = VERTEX_POINT ( 'NONE', #32 ) ;
#4904 = VERTEX_POINT ( 'NONE', #33 ) ;
#4905 = VERTEX_POINT ( 'NONE', #26 ) ;
#4906 = VERTEX_POINT ( 'NONE', #38 ) ;
#4907 = VERTEX_POINT ( 'NONE', #41 ) ;
#4908 = VERTEX_POINT ( 'NONE', #30 ) ;
#4909 = VERTEX_POINT ( 'NONE', #39 ) ;
#4910 = VERTEX_POINT ( 'NONE', #34 ) ;
#4911 = VERTEX_POINT ( 'NONE', #43 ) ;
#4912 = VERTEX_POINT ( 'NONE', #42 ) ;
#4913 = VERTEX_POINT ( 'NONE', #40 ) ;
#4914 = VERTEX_POINT ( 'NONE', #17 ) ;
#4915 = VERTEX_POINT ( 'NONE', #18 ) ;
#4916 = VERTEX_POINT ( 'NONE', #19 ) ;
#4917 = VERTEX_POINT ( 'NONE', #23 ) ;
#4918 = VERTEX_POINT ( 'NONE', #24 ) ;
#4919 = VERTEX_POINT ( 'NONE', #36 ) ;
#4920 = VERTEX_POINT ( 'NONE', #37 ) ;
#4921 = VERTEX_POINT ( 'NONE', #25 ) ;
#4922 = VERTEX_POINT ( 'NONE', #21 ) ;
#4923 = VERTEX_POINT ( 'NONE', #28 ) ;
#4924 = VERTEX_POINT ( 'NONE', #22 ) ;
#4925 = VERTEX_POINT ( 'NONE', #45 ) ;
#4926 = VERTEX_POINT ( 'NONE', #35 ) ;
#4927 = VERTEX_POINT ( 'NONE', #119 ) ;
#4928 = VERTEX_POINT ( 'NONE', #118 ) ;
#4929 = VERTEX_POINT ( 'NONE', #47 ) ;
#4930 = VERTEX_POINT ( 'NONE', #48 ) ;
#4931 = VERTEX_POINT ( 'NONE', #49 ) ;
#4932 = VERTEX_POINT ( 'NONE', #51 ) ;
#4933 = VERTEX_POINT ( 'NONE', #52 ) ;
#4934 = VERTEX_POINT ( 'NONE', #53 ) ;
#4935 = VERTEX_POINT ( 'NONE', #55 ) ;
#4936 = VERTEX_POINT ( 'NONE', #56 ) ;
#4937 = VERTEX_POINT ( 'NONE', #57 ) ;
#4938 = VERTEX_POINT ( 'NONE', #59 ) ;
#4939 = VERTEX_POINT ( 'NONE', #60 ) ;
#4940 = VERTEX_POINT ( 'NONE', #61 ) ;
#4941 = VERTEX_POINT ( 'NONE', #62 ) ;
#4942 = VERTEX_POINT ( 'NONE', #66 ) ;
#4943 = VERTEX_POINT ( 'NONE', #67 ) ;
#4944 = VERTEX_POINT ( 'NONE', #68 ) ;
#4945 = VERTEX_POINT ( 'NONE', #69 ) ;
#4946 = VERTEX_POINT ( 'NONE', #70 ) ;
#4947 = VERTEX_POINT ( 'NONE', #71 ) ;
#4948 = VERTEX_POINT ( 'NONE', #72 ) ;
#4949 = VERTEX_POINT ( 'NONE', #73 ) ;
#4950 = VERTEX_POINT ( 'NONE', #74 ) ;
#4951 = VERTEX_POINT ( 'NONE', #76 ) ;
#4952 = VERTEX_POINT ( 'NONE', #80 ) ;
#4953 = VERTEX_POINT ( 'NONE', #86 ) ;
#4954 = VERTEX_POINT ( 'NONE', #88 ) ;
#4955 = VERTEX_POINT ( 'NONE', #90 ) ;
#4956 = VERTEX_POINT ( 'NONE', #92 ) ;
#4957 = VERTEX_POINT ( 'NONE', #93 ) ;
#4958 = VERTEX_POINT ( 'NONE', #94 ) ;
#4959 = VERTEX_POINT ( 'NONE', #101 ) ;
#4960 = VERTEX_POINT ( 'NONE', #103 ) ;
#4961 = VERTEX_POINT ( 'NONE', #106 ) ;
#4962 = VERTEX_POINT ( 'NONE', #5 ) ;
#4963 = VERTEX_POINT ( 'NONE', #6 ) ;
#4964 = VERTEX_POINT ( 'NONE', #7 ) ;
#4965 = VERTEX_POINT ( 'NONE', #3 ) ;
#4966 = VERTEX_POINT ( 'NONE', #12 ) ;
#4967 = VERTEX_POINT ( 'NONE', #13 ) ;
#4968 = VERTEX_POINT ( 'NONE', #122 ) ;
#4969 = VERTEX_POINT ( 'NONE', #31 ) ;
#4970 = VERTEX_POINT ( 'NONE', #124 ) ;
#4971 = VERTEX_POINT ( 'NONE', #9 ) ;
#4972 = VERTEX_POINT ( 'NONE', #14 ) ;
#4973 = VERTEX_POINT ( 'NONE', #29 ) ;
#4974 = VERTEX_POINT ( 'NONE', #123 ) ;
#4975 = VERTEX_POINT ( 'NONE', #120 ) ;
#4976 = VERTEX_POINT ( 'NONE', #121 ) ;
#4977 = VERTEX_POINT ( 'NONE', #2 ) ;
#4978 = VERTEX_POINT ( 'NONE', #46 ) ;
ENDSEC;
END-ISO-10303-21;
